1.88460743148496879,0.662766379660646776,-0.537116773820116467,0.518099070214748436,-0.252966103023699762,-1.22669437464824949,0.24634173931688097,-2.05421752147985792,0.128281240963147497,-1.06767438800695147,-2.28716289404595452,0.263223515651089424,-3.14014360978604756,1.61003754372758356,-2.25396889679210366,-2.5604114236415354,-0.273331141060657423,-2.82594014819276085,-1.29195471953116803,-1.37741634100887644
2.26435327328806579,-1.82804271876104729,-0.85529528015186207,-1.25547894243672542,3.73919446568342284,-1.97580846968208146,0.488181038074943896,-1.54185501337187203,0.440244252149015691,-1.00030964115096421,-1.461137741764442,0.450521560033644575,-3.2409449237638257,1.20108704916404263,-3.30973640935276103,-3.55346076138410227,-0.353600445232972849,-0.556896645585880146,0.417020098211844104,-0.965461749646481016
0.660643021142993114,1.45858804428210642,0.704475474150307313,0.96909882459483343,-2.30539063668964728,-1.37619666300701837,0.300238702406755209,-0.0836162965595638324,1.15042389592195571,-1.59330909424104261,0.0376061580697947609,0.634989811411210914,-1.31689850803359643,0.186737156735634569,0.788710103999501255,-3.42181935573472362,-1.89721043489164121,-2.87522801624562918,1.02591623584439695,0.690976924371883627
1.66252080404951808,1.67107864145176643,-1.10019920849985686,-1.59055807865555687,4.16075801849843874,-1.27191191024250272,1.03659718685860747,-1.66062503163146569,0.268963127901557908,0.931151654096389225,-0.437479318889076596,-1.36512537166787462,-2.75090639417400107,1.53055435023032027,-0.950345731117342885,-3.81763374347405016,-2.98729841100210036,-2.18078176918703104,0.46437767755093845,-0.376665859484937415
0.550170639479628409,0.988170933365732695,-0.136688965118530292,-0.00834455620467348252,-3.44213996985186022,1.00138650493681935,0.0225113273795135328,1.0277012052158645,0.45011748289423098,1.43603333257062249,0.534281932521701086,-0.52453880564561417,0.475532764664181873,-1.05951499485677791,-0.723844301369848675,0.643665386712472198,-1.78011625063619272,-2.85966085813013304,-1.80179454879275625,1.94160788412873586
1.79618289558216682,1.37803508674576403,-0.6498695230327175,2.78033347230023908,-1.98937430340473376,-0.578480549186726534,0.704278795417962344,1.35604980425334309,0.964798713458138613,0.00630070863812977333,1.66101541721864954,0.0385806609590618466,-0.273383311972808574,0.703055033347016578,0.169055640623433284,3.41633738813019727,-0.730450116303491992,-0.0448774065582402681,-2.24966625315193047,-1.10723740109524416
-3.50755229670342095,1.73518180320390503,0.577652386834556109,-0.708873215858693007,0.0054413291236069302,3.14651998151615508,-4.05603996425208102,0.745983730257966049,-0.0400924671359084994,1.57003980979580771,-5.86099162889569758,0.396996279945780128,3.34157509438299005,-1.67665938238044321,0.402581832801859718,-0.871820361591823412,0.626446220529080944,4.28814363763791029,-0.244914266260873842,2.82535506268510428
3.25838130339442467,0.499795893350110654,-1.27235228429593761,1.79928990389308274,0.56624986087273621,-2.76223758739417402,0.703385354440535737,0.390469368728678157,0.0103763042553482402,0.743976876350892713,-0.697728464496708889,0.872291780437690956,-1.92687198555227623,2.20441044973226896,-2.74514763094062131,1.51571614176311331,-3.46966842435513989,-2.78166643287287618,0.0156945417657430759,0.428552423655041259
-0.0815151261829841489,1.07460170787772058,-1.99951603607744954,1.60968120579142204,1.60063676178042535,-1.27969807587657791,-4.08219641428266744,-1.63207346678186527,0.737290556057979662,1.60412036767989674,-4.1982288097555287,1.93944984358411965,-3.71516508241390486,0.767343756647963393,-2.04120375465371051,-3.72903691991876052,-4.12461982659280224,2.68302340500308212,3.06003976265896283,-1.36909400954046467
-5.82494338971691406,0.111870743133485828,-0.608105654704106935,0.621463382691793464,3.44465167493697999,5.17351118184372449,-3.36748031950633164,0.261126847914271765,-0.231141960838510768,2.02827692143186322,-1.27947364639976535,1.59408456270197596,4.30180058183470315,-4.39600010241886441,4.02726830177243933,2.71079286799520336,-3.01221608712717037,7.54147356414964776,0.368488968880410772,1.19239532272599291
4.58731980074031842,-0.651381843648236147,1.33033900676153372,0.014776501545972924,1.92053189117823608,-2.72350991191597958,2.55002461892496202,1.42993897019431504,-0.105229691532676153,0.65509755753953669,0.779702791807560747,-1.12932538962468798,0.1434519915581704,2.76082958505545895,-3.97458310609706977,0.39105098193347454,2.30883087334042791,-5.71713819131025858,-2.88837505189809907,-3.1609746159128389
-1.29719728568241921,-1.84886427764540406,1.05001915209664642,-0.449252625734937017,2.12629474954765252,1.30120491007614381,-0.810812801306840747,-0.628426568959870258,0.410323984373327677,-2.05300572157245087,-0.0640581592806399036,0.61635329967761987,2.8843224034514785,1.14121348669933198,2.03730574624032412,0.882623539431386273,1.15336769912515757,2.76669867678030412,1.5852582434414686,1.05166044244613777
-0.672966786891630031,-0.897410265738858293,-1.10957961856275378,1.48047610790269268,1.58706428752512174,0.288641117478944942,-1.89802202922591667,-0.282415017199188767,-0.696776453410448582,-1.72998067498654073,2.50031194438667992,-0.252874087616958787,-0.809097268082517251,-0.489974101450832256,1.19220126347883104,0.354100078854863276,-4.01832385415857818,3.0742734012456725,-0.905402924770977391,-0.608581085011685397
3.24311276068397003,1.59728534531820965,0.421641897877471639,0.486101684325429384,-1.66452651557986187,-3.47493788933643977,1.14761090027230828,0.380978380328158062,0.385461436946361036,0.463869137259131259,0.60003174805684778,-1.87411377290411596,-2.32082463431775654,3.112506021102873,-0.644649140285112776,-3.43481445506212379,-0.0109700750917407028,-4.63411782145751072,-1.52378155112068003,-2.2427328964988309
1.42743796931929356,-1.99071586800877087,-0.091932696372720113,-0.0915458903360613224,0.952023597698145596,-0.55581280890340623,1.34924822483985896,-0.99085121802206988,-0.519872760512503529,0.957676732893087301,1.36111347307327701,0.430429181353790269,-0.810501299004313225,1.03007827539377494,1.10488115504962625,2.05600707169569041,-4.31048540381286482,-3.04489827806098967,0.75884732581145542,-2.75583402661939925
0.492963088486553236,1.24238934270624179,1.8229757198041403,-0.397647122812906983,0.695830078183750755,-0.325075230078193889,2.1582589532699834,2.70762809304398955,1.15805038823060835,1.60300781722056795,0.911825989246571988,-2.88845291344536781,-0.944343808203715218,-0.920165306500917546,3.09481334396099239,-1.43303999585315567,0.493310600287211187,-3.02394571623710018,2.05263518800389377,0.035324801736617846
0.0130122105177908291,0.693767401301270903,0.173201732081923659,-1.97471318451422428,-1.63989214887467827,-1.03087181409360107,0.150972869838873813,-0.452071901052026437,0.449649616148473319,0.172919158285675723,1.50796542552222412,-0.540485554745030683,-0.0447972712384931485,-0.353234954143392399,-0.960987563355019891,-3.83986820212144364,0.376836218781368137,0.545316692907772183,1.4850654210772043,-0.675588354251889123
-0.798169092317561502,-1.19110718239011804,-1.88532272057787686,-0.601983636785216825,-2.16706276817880594,-0.985642229370977563,-1.49446693291167665,-1.02301047909431619,0.00807031539191368878,-0.345791790053669557,-2.1343397121689871,-0.12804153226707729,-1.27291474899666812,0.0750750125477415431,2.86942351678210139,1.42852680186309988,-2.8239544638197156,3.89781293588179878,0.686058050843684319,0.221463657332129971
-3.69059289000895019,1.80691282600382053,-0.825547586361035868,0.138441149266061103,0.448999368465805349,3.10138175984618281,-2.4090088966248544,-0.0197901177351205021,1.26954027665751257,0.201723104625907868,0.157181657955214604,0.287573902503552137,2.04422362231339338,-1.28919144820407894,1.97426235507439185,1.98056118500026002,1.12759415633544813,4.39757743103794763,0.865644962002567797,0.77643041823944503
-4.1605170189874805,0.713333957528405116,0.0338129168120799573,-0.261971644819751881,1.11413921094340629,0.46590421285638034,-2.99351803002297423,1.86082289864902894,-1.36843603542873016,-0.273320986103953112,-1.40865453218403336,-1.24432058535637147,1.48349653936536741,-0.256233981982106951,1.25601902595282322,4.58107713266796601,0.815538042189919765,5.46754592230218162,-2.36747995528861166,2.51754867001215432
3.37457285298635545,-0.20376212315035952,0.471747552451370677,2.13185436841597431,-0.20856868709901083,-2.23926667984098104,1.88313283318113434,0.587159507520002677,-0.177904675596699813,-0.413884616327634347,-0.752138442598005552,0.979454468962951408,-0.363536386055840322,2.68802166614443649,-1.84654099972559882,-0.736797314944804937,3.94815834670534382,-1.87861152665509867,-1.24493275490404121,-1.32098909561931288
3.86308812222880604,0.144166545131039658,-0.888694143773337886,-0.591664663258826495,-1.23880882639354661,-2.40157068143028241,2.19893729385371062,0.0875638786070888214,-0.80875072204299614,-3.1045502384766297,0.269347675428614264,-0.130826730090524701,-1.54088636773246845,1.63146541902916975,-1.95121275600594291,-0.31810087530305009,0.585671519758052761,-3.39647433174730873,2.49452003621721952,-2.6618827714296871
1.69972451386308943,0.284740492998368067,1.77438579040869304,2.10230645671316285,0.450059998120289018,-3.68579181620378149,0.52468674125364112,2.29670420438434686,-1.61938820211637347,1.96786263225545044,2.64678657848167243,1.78888633745373027,0.0767245377894789082,1.46372223768982646,-0.926064011308264656,6.62132559900904383,-0.376215688974250673,-1.18608243232581745,-0.268979358133137725,-0.572127229114749003
0.234257339291542049,0.261365718855255502,2.47633182198871138,-2.02368525808424149,-1.67629900553025113,-0.369476308432363287,-0.561958153183906628,1.53503145041017963,0.708489150817453228,2.05646997654067443,-0.817327992203523146,-2.57855046377655661,2.45695245646365956,-0.00578910707145707023,1.71295281902401353,5.30291972188851535,1.21076837450973085,-0.234901828931509737,0.0494343753685805021,0.0790591477025028438
2.78799009253556473,0.301896689128399509,0.233587133316499884,-0.955606088329799874,2.1676910333408137,-4.12676771110315421,2.05739742664674763,-2.00074612227802762,-0.778456040830500795,-3.15940137845155933,2.94510977294228127,1.77645680843474985,-2.94350132544418264,2.27864486308072323,-1.70329053462123414,-3.18316288570052297,-1.10753801937746377,-4.13227469953829463,-2.8860155519733417,-1.92981978358069028
-4.69883107386927801,-0.698550528687723604,0.166874490477099069,0.860241819568112076,-0.0747437406567415807,1.89534972059317153,-2.27593407589784968,-2.4399121201561802,-0.714790609152404888,1.87211718772456015,-1.96156623664121721,0.352235815040536804,-0.610672184207908919,-1.69931936428641328,1.38669587652477055,3.43153045509163768,0.178824613362224799,4.96977813654647083,3.05981528672607883,3.06460088316300761
0.625564387501166941,0.275667507366361864,-0.973196773101677848,-1.24135783592014737,-2.63532078895091493,0.717752962724436006,1.66832571774654115,0.349649546616771334,-1.28328047201157514,1.00787451713127552,0.534110919376181603,-0.556581109339912006,2.31915274810193406,0.404633147792080039,-1.26549989260078366,3.62805289078602211,1.59211076309873234,-2.06120553013429086,-4.72259466317867105,-0.0242218138785080493
1.04442211496327908,0.338968030369837692,-0.305252609318165502,-0.881387202618952537,0.515739793730354945,-1.03552709432925716,1.09744250189841375,-0.348413146520257289,-1.24801597636697492,1.3856029573835642,1.78655352844364423,0.98656157666976696,0.857790756905448371,1.48539920107559276,-1.08000707981033561,1.61306019028137326,-1.32906709282215396,-0.0803667679961333759,0.806919805702734694,-1.50575819963789548
-2.32341294961512901,-0.110420202563423955,-0.0443626598694883065,-2.38683460889274413,4.11626552202290164,2.32214937255497622,-0.423213557966589771,0.862033131154122945,0.349132850546281737,-0.468332475795813497,-0.809716235235559356,0.0600734569775655675,1.12676122205409945,-0.698610250376189401,1.8026631090985239,1.45561859333039978,-1.0149960252655208,-0.369046550305135224,3.22081185517772983,-0.411086855003924057
1.30152452539112606,1.72127444025012144,-0.460883377010879614,0.54944326908251695,0.725856347584987405,-3.35944855904727202,0.616202489286699406,-2.10128652663360471,-1.75710252438410675,1.26485224898383519,3.96284588791012915,3.29233126879269467,-2.70712938421599159,0.311910447704277671,-1.62669580292824012,-4.42310931161051979,0.208542853172353243,-5.07379826319605165,0.00675800815562389336,1.61516547050991943
1.68977530945777144,0.634127823437610649,-0.225783066583952835,0.0133075190951620539,0.462328065472491001,0.317635694532024726,2.05281757801153253,1.18023863423538078,-0.747894548454749564,-2.15836112999250984,1.96600205436994147,0.0809042673634326193,0.99414026433424163,1.69220909201541558,-1.36090325200361928,-1.71866281717025982,-3.85177020281484461,-5.54875054395646394,-1.7832322903929565,-0.853829774754911952
2.78710838688644635,-0.0543337961507687345,1.30622672356013347,-0.552270830190034312,-1.32738651367351745,-2.17941395352147271,1.85553962977809572,0.20216597104491163,-0.895838830734484337,1.23233879179075756,2.7571416872952712,-0.0489634947447931887,-1.18379797628517514,1.60153599042660177,0.201685786101230863,0.219107799497233913,2.96433178022365595,-2.4958239105917519,-1.17289060826850289,-1.59889161456014617
-0.701660441208204699,0.0889744070269486848,-0.28272808336866051,-0.140166809158341066,-0.0703273475307353568,0.236935672061688696,-0.918414972972515398,-0.876296079792807658,0.293708438162925134,-0.804128141871753743,1.13055151879569893,0.874695289134574061,-0.0830578709164330742,-0.0713960829866301105,-1.83153337840892783,0.756953740228714644,0.994127295840167124,2.98423925664851719,-2.79441193129632648,-1.04245840390806022
-2.17646154496556976,1.06722254043979725,-0.211683449744586027,-1.47157486913394631,1.22951583720410107,2.29561491830479047,-1.8632469357462591,0.815484092169266317,-1.24640787939704145,2.28071640135320708,-0.635838209375943486,-0.0246884181799831813,3.26410673445519439,-1.10518684038677462,0.688954481450714362,0.553303468221738148,0.0366184878519076606,-0.472848128499618825,0.178869341015437056,0.282846385852918325
-3.72928972368468692,-1.44459151911872885,0.987302331206865502,-0.550713650495920914,-1.60153022585206317,2.21673866113389417,-4.79490275714886405,1.27281501078253667,-1.87197124393075609,-2.3785335528677507,-0.492985224847726666,-2.70536994524997754,6.24259435991542144,-0.963790723800639793,2.77373135613804411,4.53400043340071335,1.58269676110823254,2.31395905024260662,2.90339561013419178,2.47941724019073462
0.336806481517141154,-1.0276974762629536,-0.303781434169541509,-1.53341503010022961,-1.10366342433689613,0.0640822046917715604,0.533676158100852227,1.11615653170044116,0.183424637595952816,-0.866897085207611218,-1.90175950587082432,-1.85034310815619985,0.419288257258282782,1.99177788492657948,0.744145887540339723,-0.635042542707985436,-4.16246184563338417,-4.47207480267468327,-1.09654128072104484,0.297293916492729238
2.21872881572212677,-1.72858995620076095,-0.73425456977367054,-0.402552429098929687,-4.59259736025857723,-1.52908971631300905,0.359312403768162036,0.317540875317597615,-0.791497654590512356,-1.18070088304133303,-0.0484386737479268886,-2.29574387915476352,-1.43508103473624016,1.12292439813703826,-1.19249296808734795,-5.82854413950453942,-2.69579710737762568,-2.36033355916296683,-3.56200624835085167,-0.650470530582328288
2.54613323213895004,1.08337163524199132,-0.687386647907511694,1.02944979722408814,0.121261158828270363,-3.32066692185702061,1.64140971048296325,-1.62592655774366834,-0.146654867333501665,-0.112332093517677881,1.50778512058040937,2.71667670808968209,-3.63346577484027611,0.100717338762553732,-0.967076211671410668,-5.32503422862024323,2.98292675246034378,-4.57032386499195287,-1.02796465183440944,-0.734611029126410742
0.300419132019317969,1.08527670464841375,1.18900973166912394,3.26697579742928346,0.575196341391475241,3.08445754094790647,-0.488452206928424726,1.12884552366871271,0.210242198729784502,1.79209987514516333,1.19433967037789102,1.46395462604480753,3.64005518354052127,0.755903706974398681,-1.09581957613024494,-0.792509880158656199,1.94428121122564246,1.19186105342109916,-3.05467001535595184,-1.50607318492385556
1.74202865690991926,-2.29876114089874184,0.972796816365564809,-0.903792459978342455,2.79749569166109424,-2.3053536166509021,2.02203729484793593,1.80291374878159694,0.940192774207322834,-0.120965372331643645,0.583574850307342796,-2.19402434117828493,-2.00571712186515905,1.13414193378624195,-0.760834260649779881,0.28157686030341933,4.63484524543146215,-3.29066445680097353,3.94681604594351398,-1.21411982118060258
3.62732787356525677,0.0434287824863932859,0.131711313081953579,-1.53740117303870849,-0.730772600242547199,-2.58187581259308496,2.76019912136232382,1.18495749587733412,1.27871936406089914,-0.883003337028505086,-2.76811686536317891,-2.82906531962102648,-0.857184149337465562,2.70482942064163678,-1.76773969040601719,0.0265616157553295144,1.3218026060168151,-7.27704460953068999,-5.31411611339983558,-2.29326539749425029
0.478152842815618428,-1.10974209408890756,-0.528676860057717302,-0.952932647898941942,-0.857874951388977292,1.07120776680799601,-0.724974733458868204,-2.65598132879348992,-0.382834339613570274,1.08353541405942821,0.408513351796899071,-0.131213522494284696,-1.7850326663192746,-0.470761606060548121,1.57144237367356721,-4.30257585488774108,1.66010916666573527,0.0142046132331834062,0.952221167114020606,-0.981712648644392116
-1.23183836035772498,0.949057883876621156,0.653136266588339343,3.40530775608374192,-2.26414626219348802,0.109558945486357751,-1.36610578795520721,-0.999672336014751806,-0.009587359850619568,3.37850274448314725,-0.382272709229234509,0.768550249656673734,1.18031107820829928,-0.07759508359003639,0.66224147133083866,0.131791226540228679,-0.663477798392889562,1.24131486999097329,3.3732893248669793,3.4510444730749068
-0.028350663923982878,-1.248151720044405,-1.977979519175733,0.645038339312468789,-0.518742641406956584,0.769012120230599727,-0.83181711530438518,-0.739377054612490148,-0.0911049952839174809,-1.59679811726241172,0.691898163552155832,1.30352561101393394,-2.8975810421771846,-0.988797312201461831,0.385766058909748855,-4.99581743740990092,-0.0623864868843006098,-1.39187713907627675,-2.10816566747702838,0.365661772826910814
-2.32920454694840773,-0.300409377188361693,0.08882068473000021,0.600437769427563772,-0.0815232411417901592,3.55742077842469984,0.316652141625799077,-2.39379245359865278,-1.09859644551201363,0.615053035073030108,-0.478134791908188861,2.5934800650893659,2.75591639972564995,0.720622397795458225,0.804309560458882244,0.416247895367405807,-1.36622161936295017,2.06989451771113231,0.321717060780664865,1.94829811386942775
2.69541841728498754,1.74677870587708317,0.36520903823211387,2.05488421621952844,3.6608087514465586,-2.10851446996578717,2.00082634457785469,-0.0508946477214024667,0.396983890527784711,0.700381748018338413,2.73604482014564532,0.909517777481957612,-0.644143085769272483,1.40220938173160192,-3.59656043350638832,0.707263193786793698,-0.678031976246486479,-2.74111860331488222,-2.08191366414259527,-2.84835357991086191
-0.397617882322525429,0.462848747935315386,1.55511852642202753,-0.556605355885431585,3.18491232011867931,0.0731961439167740369,1.33445124360178924,2.00014204703254483,-1.34809230233403343,0.413318649549448303,1.94138397249641415,-1.1093076646848683,5.4278475651860143,-1.69975744200718615,0.341572893451839332,7.09902701097909894,3.0759023646923942,1.63896431032180501,-0.434528368069743876,-0.88236248499104486
0.267149881133705802,-0.386202352462418796,-0.645581298587021735,0.800226282235219299,-0.550539397457109669,-0.594506355985254142,1.1113626403198078,-1.16777039737620791,-1.43278924567959454,-0.430264254592016726,1.0317547248224499,-0.468560410775998692,-0.0927439056087859814,0.941261683723271791,-0.692315236352513241,0.683079642212696347,-0.64555285613907365,-1.76163981231084166,2.86477276858450258,1.73935648722823877
-1.36554867006711289,1.01229130873518081,0.387118085164963099,-0.513567282953757198,-0.642427602801369013,0.682520629654381761,-0.200152771384787681,-1.41895785706595134,1.11381239500868201,0.565090305411359184,0.310090991177737418,0.242999566837627912,-0.632980332735184059,-0.385330858043554658,3.80521543904250015,-3.78074742902182148,1.42250446332226965,4.42377337618643196,4.5490076968370472,0.979230714494222831
-1.66735809946681379,0.322291645589855624,-1.33212146582120572,0.602807693938191003,-1.03093510860255799,3.34168260292081731,-2.48086380680558616,-1.26439179926591527,0.735818083090851061,-2.65367220063609377,-1.45993032554306956,1.00028824153872353,1.91933171779801581,-2.39567361889898489,1.92738880203264928,5.02012399826417433,-0.67039791144838945,0.802821348438220839,1.48948736675617877,1.82949464307220744
1.30423496035302255,0.950429941095160769,0.848598907300100569,1.12093724701849884,1.88933940846411219,-2.43942328942993925,0.972738270692646845,1.67756994605743803,-0.37700129433250068,0.797906005517754258,1.40436908054992982,-0.428143936784316448,-0.218214763489759239,0.775144370670872496,0.0565914811447169042,-1.05646671182923213,2.16077186918425301,-2.83022110766455492,-1.92832885600852677,-1.73144843795176273
-0.864669371403728682,0.311175997732456022,1.35856041928217097,0.582554375697672211,2.6464175443014275,1.11396041650198807,-0.641145186140912537,4.23900541637131223,0.42228003601647307,1.76394615848642822,0.604082206594427129,-2.79993920403157359,4.70556382300664389,-0.469815040180266985,1.30808416477617606,-1.08359805451425317,3.08735192630732325,-0.861838496260055598,0.733784578781266239,2.09703857766588619
-2.47193472785300772,0.193518311342419619,0.317129114159398484,-0.352074082572593428,2.56565386899591097,2.74804225123233747,-2.06478510507772706,1.1143523977747789,-0.655538279649898081,2.03892725475198278,0.0408768788057067706,-0.933236542627258414,3.7016603248560056,-1.51883840963038663,2.37114756295979001,2.0076658315782212,-0.988354247245520789,4.94978221207474789,1.87641746927845898,4.6596456631577059
-2.39583492009446353,0.79724918425813962,0.73502822760661024,-1.65545339339659825,-2.84650094385946639,1.08214856641936263,-1.10817565891532865,-2.52687224065749394,1.00803563650280226,2.8512638861229207,-3.81626935032238723,1.43708726469993797,0.817715889160957055,0.564054026499954619,1.71193894637354926,-1.87440065592136351,0.0709803605741557431,5.43787331016797992,2.97609185522323916,0.344011542985222185
-0.845377864031307324,0.482911924715471119,-1.1399790191600605,-1.21527057588645193,-1.07328567035584932,1.50175329140687541,-1.06528980786188066,0.408954987586095886,1.29228674641248475,2.68451102247280149,-0.0407966233608754864,0.241223782218754068,2.002959913355288,-1.29203267939473143,1.69501976148256639,4.06589847039056007,-5.05701473401632384,0.581832929555015865,-1.58476814192187332,-3.27775471668865448
-3.03338026062735766,0.897356558718767183,-1.39862075093729343,0.462832926764673414,-0.0346401469901271922,1.66884798580035598,-2.50106991341404861,-3.50301237418359257,-0.417102727081419267,1.18868338599785894,-0.603356089958244413,2.79350374823307801,-1.72488973266211154,-2.16356100504157434,2.78852688551007821,-2.25752419229495649,0.771290628869276018,7.05775797671984062,1.45256376511422247,-0.123282745463303187
-1.9300448117065867,0.701936846535519687,3.47631492627509786,1.27323332332713934,0.209228092739065508,3.57556985402669314,-1.47864669972660456,1.2999181313674999,2.20676081985297401,1.00165227961919845,-1.50642721940350643,1.65061785935783467,3.62794785123869312,-0.701103749568344425,-0.0324593582820002849,3.39928291775681268,0.171528127655754925,3.34476718043477783,1.9992734101073395,1.44220410775008245
1.49348002562293325,0.421214076249756486,1.09244981962289511,-0.442687617863062433,-0.565368506515443903,-1.09691495483933399,-1.65751273207378635,-1.1495108871405515,-0.777959905415718578,0.166171804752872992,-0.575782174947106151,-0.126596588391305914,-0.196168774404451629,1.86226643126534541,-1.63002372787183503,-3.10200051509400776,-3.3186535074656951,-2.48346978653366302,-0.855245145812502772,-3.66770261898945282
-0.487150980990374793,1.14372973268169553,0.613705194988605651,0.339056240104337991,3.698824454693876,2.35936249053102776,0.125700365506614675,1.38727883939525842,-0.0872761429361783858,0.42069093174336053,1.02250109988356863,-1.27263332668228335,2.95523271826459588,-0.506037560358474914,3.54066053023952687,3.80987142638593879,-1.58557981995767983,1.65490538628161965,0.867025416306436925,-0.796975193264792936
-0.807656358851031819,-0.0593679891069105389,0.676612491846973918,1.22614746025831467,-2.27251381747469594,0.624014328640804972,-1.6957194154828088,-1.21463436558805027,-0.0616886702262196066,-1.06161373929551095,0.605480422154688003,-0.302141671070699558,0.719168428236822921,-2.14714040391519934,-0.0261563066137784524,-1.20902836276546655,2.03317249021089763,0.317066738221606137,1.50406824005086004,3.10173524015764146
3.8462002229314729,1.11180273961626197,-0.514195056366011705,-1.43061867124528952,1.86695532138447184,-2.81571963668524372,2.37839589207488222,1.24181193079025576,-1.17596383635418578,1.11961207108553862,0.796861721267172585,0.31359222650640961,0.25590811218180437,2.1513506671877658,-0.561207602537663997,0.169169932394029554,5.41728919448863522,-6.36655109367325167,-0.576212116832636512,-3.41879792596345711
0.505964408117582032,1.54132954001525824,-0.952892967846595051,-0.958498728176626846,0.539339183303670366,-1.2319619129902859,1.8045240047746629,-2.00997659757907998,1.26784878030488946,-0.117689988231855461,2.11096269848186813,-0.213775161488978349,-3.59124870836795917,-0.764862004588909739,0.526557669263781558,-1.73007586684579184,-1.06757646451647137,-6.20655378089557264,4.6831532314107438,-0.610982716484082977
-5.78630321264832403,0.0423843830167274505,1.22455009609687937,0.212807650910938034,3.92777163279008557,4.08640745740373212,-3.68613523827690059,1.39922039692187306,-1.09455498509678995,2.18253911538750822,-0.530356834568583957,-2.30562251811156393,5.14204531955288768,-2.82293984877366988,3.62530816771031583,5.81434136937553614,0.409128314150355554,6.90502875465129851,2.60228595916096106,5.54866868327769414
-1.0797249560805231,0.79204451678832688,1.99351965630682892,1.46560059227970152,2.8300590247789561,0.570512663938304798,0.34238776229462009,0.261031794359314728,-0.146654619159300614,0.494815379502942077,-1.55228852994602917,2.08947933826422094,3.44434360593719235,-0.142242118098304976,-0.749245143389844048,1.46402943945916997,2.8577920594173265,0.812967166243170558,0.122069320087703964,0.690567428036480413
-1.97500997927588728,0.569109614869679814,-0.385966650370917153,2.04448843280091452,0.612470808135916922,1.93291270524291003,-1.40682882682553956,0.735117928287844946,-0.195282119665391607,0.185797591602224477,-0.00307097772776789967,0.721180521309244815,2.61440369074286227,-0.516116329551270847,1.5363524912821529,2.73768158709787768,1.41933458394894774,8.29504232781848039,-3.77239634516276956,0.188335244692332426
3.86510388141794348,-1.14632813621890861,1.30906519660133336,0.087525216761271174,1.11201620439683735,-0.69984930429702874,0.909043591010859409,1.85807594339330007,1.16261215321652589,-2.5476062285374157,-0.870211226328692078,-1.11175323817902094,-0.771770493388895584,2.68299890600462687,-2.02538106260631157,-4.82228622040374244,4.05892912296035302,-3.50051305321812078,-0.626489845621478358,-2.0891988330100757
-0.552863540318060842,0.654644308679857678,-2.283023397197955,1.12227838403814362,1.63258997094853164,1.45131304880332523,0.311632133882110363,-0.836551832046812494,-0.472247919370897329,4.55681468989185756,0.299570053659657387,1.47199883868204284,-0.352973221899434753,0.418919117189541945,3.00676330246476198,1.46906497237785394,-2.40516399536398362,0.980661205927942481,4.52091749374773144,1.04633516654619019
3.00510562208450205,-0.133020444007449501,-1.1867253085801337,1.05819759210091746,-1.34756214165504917,-1.33926523518069307,0.301008486613128956,-0.126606342395794436,-1.05900541628844103,-2.27391050744249723,3.84159206134342979,-0.312936047923654759,0.231315400010410233,2.85210924071225058,-3.20455101534203735,-3.5673156533246817,-1.71379277870824032,-3.88055677190671178,-7.65525968092255926,-3.08712153727045147
-2.21559835802653371,-0.326635174677024631,-0.992956445642119268,0.748676182227636211,0.319125730759749315,0.575893821300874964,-0.895020183318665619,-0.652925803010824479,-0.262257608715448232,1.43141002411637208,-0.321663765592535678,1.2033940618603931,-0.0261683659682555372,0.330157971578568299,3.25209243291592687,0.707320956908858545,2.50658945282712686,0.0727113889738026792,0.801197044545640225,1.45633073669820612
-0.554481913040559826,-0.319282013632148864,-1.08005902249116637,-0.371507729722788227,0.746987679764180013,0.389778907678375808,1.3255729014019848,0.559527007173291402,-0.934122780998161817,1.99738396214169089,2.95797500611336339,-0.343616612179111713,-0.224011484101027503,1.7109203741786545,0.64638085466098405,0.775966201410704381,0.0343335204888659262,-0.212631696602575276,0.063175806840794671,0.26424383272033497
1.22240419499096276,0.143481317289368138,-1.11673235799164017,2.47516507284775988,-3.64570239898320292,-1.29670183775604975,1.53511816482902685,0.442411927578368669,0.277030134882780998,-0.391491831845248883,2.93014241725811386,1.59146577464359895,-1.56080937914255502,-1.76828783318099325,-1.16682750218747944,3.22175056957606731,0.506441925625337186,-1.38518906972058198,-3.31343462523178012,-0.661438390437115165
-2.08658807407084712,-0.216383091221350077,0.957419667624295978,-1.04563548631442704,-1.97440395152373238,2.12149708800666792,-0.548223370095147433,1.5593929980929282,-0.761856020552647673,-0.199546668040594261,0.140869209273138368,-3.8893419756629557,2.6002988573417416,-0.500607432062751379,1.89573476721942114,3.64566746373328909,-1.46215061142225222,2.35398715255430657,2.55421533415612245,1.26772491945251953
1.12534657832546969,0.819596587199491133,-0.279193578429139444,-0.0595903342265470329,0.555763697807760138,-0.394618167980922641,0.93318477238923303,-2.22786536294662874,1.09496806293887783,-0.127200479417755641,-0.130967444355444246,2.06029155710563261,-3.52831864840466602,-1.26178120812652028,-0.00157747178024732941,-2.75292606553919939,-2.37168398185233231,0.239550992957905939,-0.465549370233542037,0.179560622073540149
-1.49498718804246611,0.858769671383322275,0.106931147085913683,0.223485379396171496,-2.71202065414885274,1.29219238101160849,-1.26745630402605136,-2.18179415302981683,-0.594404729363318007,0.467222067303346811,-2.24490905605419755,2.16058787190000157,0.200043216228516368,0.597623514777804732,0.382569085777264617,0.429278925108525,-0.350766624411805727,0.257520469770802007,1.73610627725165623,2.44631705294878898
-3.33540385004998985,0.576255111405111986,0.792796979705481908,-2.11644941867239034,-1.16822101534995304,2.96919604982753738,-2.98253900921670612,-1.05653228874028771,0.897960494703904488,-2.03233243587560075,-3.20105737831080051,-0.0656249633934487125,1.98433982224968286,-0.838392917724969267,0.418799401091135171,2.39785303844201181,1.2737988906710731,5.08444230312732071,-1.36341180231389503,1.78808748554372254
1.67787704648656177,-0.789246203099608024,-0.495825071583491928,0.294370780119383502,0.38380702084531737,-0.620706915558696726,0.0160047980587244842,0.736256630527931,0.39605850091460576,-1.87746964679213768,-0.543830576881561889,1.74132808219664348,-0.331706194697411638,0.994566036219533434,0.190577705872816111,-0.321435111708356314,-0.35583120651320338,-3.87119131052944621,-2.08522847968506886,-2.28240489731785878
0.169852875775459072,-0.0586166239985699278,0.413122248836144901,-1.12926295638587315,-1.30524814332852723,1.0958015005479147,-1.52707005656488959,-0.455707937089591564,-0.350026628384701222,-0.688537483747906243,2.5077091213454028,-0.751094819130536662,2.1519597031705584,0.369228405949469929,0.505315474344435134,1.46155102003722726,0.683520047419747812,2.03424257964618072,-0.502809274555117813,0.341284371827646815
0.458754936057483798,0.0265572810822246701,-0.372330527435917769,2.4711099555591538,-0.188964172576163825,-0.605045087934099612,0.828875312246040497,0.538249793308959057,1.21747576773456556,0.306150832312735932,2.5047816599831525,1.68127185956853098,-0.0788322438778614187,1.06601829199488241,0.543061141492196198,2.19216470394509866,-1.67057471679164538,-1.62923563806890104,-1.38078410671137752,-0.685815039981904184
-3.46388755504243973,1.14086763722026907,0.259915355289246142,-0.460000574676527718,0.479700015187055795,3.36176778255581565,-3.78537654440162763,0.277148258332281017,-1.19191511414890905,2.09569302524022216,-1.48870631607844928,0.0241093402993316115,5.699653868093292,-2.18014527365273869,1.30745634007080436,5.0919366624769129,-2.0344718786950442,8.99081567972474183,-0.0199675055896159498,2.57049342995671104
3.38980518474421544,0.3133583666573721,0.636212477850401026,-0.523448029912522372,-0.36404785535868972,-2.08488035744873468,2.92176306087932414,-1.01712357369835571,1.06724246914084886,0.712207772067717571,0.230506764967177591,-0.916186399306393451,-3.49333506558056417,2.51350946159981437,-0.0604416748664280898,-1.77166694170959538,2.24143699875117353,-1.43117708872806859,0.424740326444627447,-2.11284045469248882
0.50073903663748176,0.485620373353418955,-0.327477691219049849,-3.88022521377984564,-0.459195058267534595,-1.8732637510015302,0.888050007512218853,0.387127141605708158,0.26117300847242203,-1.10727380341432213,-1.39099580059797145,-4.57747119328812246,-2.96325094614050188,-1.34614610236443522,0.378616559316657719,-1.17419824976623155,2.16620606043218178,-3.35897483235866279,0.773378070520350014,-0.807726450002971386
-1.25913612845622014,1.24873288394179971,1.46984544940081441,0.476138044066869937,-2.57695824394479978,0.397630595875734016,-0.479198651172577483,0.105612194735914572,0.223503439990641622,0.325678404859201798,0.246921407401076737,0.0526456944655941811,0.433024336744790905,0.628861068352105645,0.111887936791670389,-2.04070538453544836,-1.59753196665498942,3.002632640429864,1.64745458755218377,-0.198300602271575505
-1.73774496922554178,0.136701905016238412,-1.48000800836739943,-1.12082546643764513,-2.08755309303715952,1.73602806595285886,-1.62739980647639104,-4.04628237556027859,1.79544576752594631,-0.591132472358122607,-1.77106970969362276,2.32948751890403338,-1.31501821832641208,-2.40067930183604705,1.53492098157608936,-1.89202185604313722,-2.71396356285473361,-0.376699670473395531,0.876278747600650609,0.945358365203449624
-1.17127054495023009,-1.10903696411968822,-0.00836728403396548581,-1.10879687832437135,-0.502264088780841389,0.557476799486349761,-0.898396106493584368,0.419343333736447998,0.665429726059616589,-2.24899167218937945,-1.73319882661297253,-0.635130799461959383,-0.069502641148976696,-0.0207196806182014352,0.543305415213018006,-2.62598775568747911,-0.102088094763628179,1.73968072083764702,-1.45878529316924421,3.88227784037296608
-0.388864540435569561,0.314494567800739533,0.034913363406041141,-0.122264637441610202,0.577477228794742281,1.7007733780264227,-0.441163453471069222,-0.78457263075710848,-0.556820761415901866,0.38908089586931166,0.855694708436804286,0.476641080741290968,2.01139234590062266,0.139556412030718724,1.42142486532876799,0.992290611928581145,3.59832125403944758,-1.25218909578619519,0.925165483369498665,0.867747606099121493
2.76721238498264288,-0.666460908815591391,0.205874936862191826,0.301236877422429827,-1.44411625122056142,-2.95090230627241512,1.42232846331161644,1.63192987899876796,-0.293515495242407665,-1.40636006436525518,3.34927163855691123,-1.93285383162103952,-1.71842470375392753,2.03596059433514398,-2.52731973126519849,-0.526062266355721175,-1.34135961259917313,-2.57556101658209302,-3.63039393324997217,-0.322577799129842802
1.81274705109085543,0.0975178404710627666,-0.120994499300073152,0.394098892868239625,-1.51063360753967513,-1.31729335321556396,0.854838755338237388,-0.1182380678660373,0.977327378706899341,-1.3270757392300645,-1.59154120513753683,0.697835376783166761,-1.48345021672113453,-0.515572458985185444,-0.228324005500966265,-3.28471630758678934,0.642961019759376362,-4.00170390226741812,2.34796011392238446,-0.484609609931194618
-0.942453649966676466,0.0943652469618043721,0.561196639152661159,-2.63783863160816567,1.58947499827059313,0.216464913859830937,1.45660975916244384,-0.332865739241276604,-0.763695042852087114,-2.38487458435693878,-1.33584517786676127,-1.12234631985416833,0.868957554709298918,-0.631797077684401631,-2.30619398862579361,-1.50272027661251273,-1.03403502747205422,0.286399419828142321,-0.248856044725195735,-0.996262563659633171
-3.56783015774867263,0.52608408355171421,1.57786614505825384,2.86895668105519697,1.51884353575909659,3.38651747566946826,-3.66191178343623713,1.58624941733541269,0.275985377793009856,1.91060155550259547,-1.10864419230238198,1.00491443208995923,3.97393533899493567,-2.12770410043335101,3.48973812820791451,4.40594877815060659,1.88067153725998448,8.87233791484971768,3.54199712506128384,2.84620366304072991
1.52998003626001777,-0.561182516338629145,-1.13416791738360834,1.41264256391495779,0.232873673039707352,-1.89872135556105648,0.321227803824053859,-1.74284894887124397,-0.611245407140289188,-1.86110320732269874,1.19970438615926978,1.30324994009257389,-2.83817131145652946,2.34851416481603703,-1.96336603975135127,-4.54517095894626522,0.433988086182716726,-2.88327184560028016,-2.8293355916014975,-4.15496168561164225
-0.277207847726891166,-1.56126427405624679,2.00389829096200334,0.387936247815494517,-0.532056630617074644,-0.155462406618525867,-0.468229421387880096,1.97247647686793348,-0.493117497487912948,-2.16254829869267029,0.00477757794757092263,-0.898404920091044557,4.26119640192520244,-0.655441830974603068,-0.795336484980352698,2.56056672819471309,3.261938939259176,1.39382905765050058,1.40646937921675907,-0.785934351854215674
1.64606389960228605,-1.49123045320361536,-0.298638763461754331,1.28895861910129184,0.0156163704208565415,-0.693145603174457614,1.71077177340153153,-0.789879577339751671,-2.80921271000740402,-1.58805833367135429,4.97828269191575767,1.9073247244661089,0.82897415735108293,0.53533484020917721,-4.78369041419458529,4.46581395049126861,1.59491876940435051,-0.905305589593666249,-4.00136635717731881,-1.08804615910278835
1.25069766648129765,0.121336210619774135,0.716418954680098752,-0.685108669003114734,-1.23398956711454466,-1.15995366045655079,0.330241190311398758,0.983536031312706616,0.205298673709748192,-0.608484459566816516,-0.725948330550045817,0.319454916749764506,-0.37803718623519228,0.737742385520336663,-0.46870197208999298,-0.289872640873989507,-1.73435316751863056,-2.36934656842041003,0.453937599027436078,1.86195514580671717
-3.93327265043636443,1.48138909917210637,1.2829523262637248,-1.60558404047777703,-0.331812199003219288,3.90158934647020494,-3.00117407332079988,0.908483783289959268,1.22544783589179507,1.50456453367269494,-7.00781926937627642,-1.79087036114452358,3.01138429255165718,-2.30059245722079364,1.81179631239872774,1.85218225570756401,2.19027208617033819,6.13335149830053705,1.88908807824496949,1.7961553294721222
-0.684409984990485665,-0.0426529637724287342,-0.851736779659695187,0.0497284717654116609,0.0912692736607482319,-0.76544332442824714,-0.556303079954430402,-0.462791955180961945,1.63406656095612113,0.507568012459988838,-0.344998255647236962,1.40364729610037076,-2.38667702485641042,-1.06299507420030026,0.55583547650181353,-0.467922961924618686,0.324771679218717857,1.27929928595289266,1.80832434170410483,0.0011385119637800931
-2.14776760059021754,0.1453144178072307,-0.479574335398838425,2.26462596772216784,1.90313207449155231,1.82394306315008925,-0.362186262089887023,-1.32452580777035478,-0.46246757558142082,-0.912864805162047932,2.31864847149730879,3.13142430847957076,1.58859517288072905,-1.80072767519120114,2.14860675367418885,1.22391208691217623,-0.218602077325339539,4.36378154006249108,-0.532777892554711419,-0.0269559193793469272
3.71958649649449358,0.529347531222916667,1.29848811606179826,-1.37715219587102911,-0.459206191094130245,-1.81953244007627868,1.98134634572057355,0.367181121940533872,0.103353772770370153,0.0293457056157835003,0.708952419610302975,0.814361690227533574,-1.40202432614239636,0.863123464128214279,-2.14627061878457015,-0.547688365026047674,0.209160877694542752,-3.78783176221270956,1.53190821813954248,0.047482745976818494
0.12657295783436473,0.79159523077011329,-1.09052024391796198,2.12658496223785143,-1.28266392976494026,-0.259994847565814313,1.72187913935253434,0.854237786103206331,0.360750224134044561,0.286925042542604758,4.73467033847164398,-0.644917966563521738,-1.45019209819368733,0.876109574692174431,0.693701183166950175,-3.29520181849175309,-4.72306741664999929,-1.58852187473731998,3.99212136484641178,-0.193937280858046845
1.6520032920322516,-0.531645933163364059,0.562584245624074275,-0.777904575403279619,2.56280353758392376,-3.03223524547962642,2.64049925770603311,1.77184461758162559,0.64034420955091087,-2.42345002928129194,3.17807453733654732,0.317990672084840165,-2.49670089309989374,-0.86253933951893913,-1.98796206518601259,-1.25516589765512943,-1.98592859885119388,-2.97210747630020844,0.447486591302665382,0.540082775331040321
-2.17806685826810309,-0.525279936323899466,0.146312660922724408,-0.205867420251790861,-3.03319406449333373,2.23616692632454495,-1.36950463863636696,0.175741007847758923,-1.61173657206037735,-0.783406931611740465,-0.259570684582025257,-0.987389691395168967,2.06217627049164776,-2.01822012154354935,2.45404961233388041,0.265146560455268354,1.92857659527489766,2.21115430129207269,-2.39884223259140006,1.63493997402431779
