method,method_label,planned_fits,observed_rows,successful_metric_fits,completion_rate,ok_rows,nonoptimal_incumbent_rows,fit_timeout_rows,preflight_timeout_rows,metric_timeout_rows,other_failure_rows,missing_rows,completed_fit_seconds_mean,completed_fit_seconds_median,completed_fit_seconds_q25,completed_fit_seconds_q75,observed_fit_seconds_median
ps_mip_unknown,PS-MIP,180,176,176,0.9777777777777777,126,50,0,0,0,0,4,1590.118947876538,34.002415414433926,4.555696490686387,3737.543452876387,34.002415414433926
dcdi_g_unknown,DCDI-G,300,300,0,0.0,0,0,118,182,0,0,0,,,,,60.51352236745879
utigsp_unknown,UT-IGSP,300,300,300,1.0,300,0,0,0,0,0,0,0.42129319636151197,0.38521078042685986,0.24284428567625574,0.5626928543206304,0.38521078042685986
bacadi_unknown,BaCaDI,60,60,0,0.0,0,0,60,0,0,0,0,,,,,3601.070628331043
gnies_unknown,GnIES,300,260,178,0.5933333333333334,178,0,82,0,0,0,40,690.1599622714396,83.31669866852462,28.841531271347776,1042.509994119173,877.2990421494469
ps_mip_oracle,PS-MIP (oracle),180,172,172,0.9555555555555556,144,28,0,0,0,0,8,750.0627586830212,5.826298902276903,0.7207299231085926,602.6345439876895,5.826298902276903
dcdi_g_oracle,DCDI-G (oracle),180,180,0,0.0,0,0,130,50,0,0,0,,,,,3650.748439001851
igsp_oracle,IGSP (oracle),300,300,300,1.0,300,0,0,0,0,0,0,11.46856953020518,0.8545528678223491,0.18014394515194,3.89544594893232,0.8545528678223491
gies_oracle,GIES (oracle),300,300,300,1.0,300,0,0,0,0,0,0,16.244343455353132,6.094017976429313,0.5103641236200929,18.538483334472403,6.094017976429313
