p,e,method,target_setting,setting_id,tuning_parameter,tuning_value,graph_penalty,target_penalty,replicates,fdp_mean,fdp_std,tdp_mean,tdp_std,d_cpdag_mean,d_cpdag_std,fit_seconds_mean,screen_edges_mean,screen_parent_sets_mean,mip_gap_mean,optimal_rate,replicates_planned,complete_replicates,contains_nonoptimal_incumbents
10,1,gies_oracle,known_oracle,bic_x0p25,bic_multiplier,0.25,0.9501128074427604,,10,0.5023625239569511,0.15734704880206457,0.8808566433566434,0.1466474759751492,10.3,4.372896319628699,0.4202410064637661,,,,,10,True,False
10,1,gies_oracle,known_oracle,bic_x0p5,bic_multiplier,0.5,1.9002256148855208,,10,0.2799014302690773,0.14046297519631498,0.9433566433566434,0.12862613645075954,4.6,4.168666186896928,0.3469525915570557,,,,,10,True,False
10,1,gies_oracle,known_oracle,bic_x1,bic_multiplier,1.0,3.800451229771041,,10,0.07174459527400703,0.16568604376093196,0.9615384615384615,0.12162606385262997,1.6,4.376706016578627,0.29769478626549245,,,,,10,True,False
10,1,gies_oracle,known_oracle,bic_x2,bic_multiplier,2.0,7.600902459542082,,10,0.08428571428571427,0.16308394121459713,0.9032051282051283,0.15911129338229982,1.9,4.094712037087183,0.2796977939084172,,,,,10,True,False
10,1,gies_oracle,known_oracle,bic_x4,bic_multiplier,4.0,15.201804919084164,,10,0.0894139194139194,0.1317263346978354,0.8865384615384615,0.15655409993961877,2.0,3.2317865716108862,0.2688435771502554,,,,,10,True,False
10,1,gnies_unknown,unknown,bic_x0p25,bic_multiplier,0.25,0.9501128074427604,,10,0.8102129153407926,0.0930122724997385,0.40757409257409255,0.1753925710288051,24.2,5.513619500836089,39.97162619391456,,,,,10,True,False
10,1,gnies_unknown,unknown,bic_x0p5,bic_multiplier,0.5,1.9002256148855208,,10,0.74109440267335,0.1450969530050778,0.3909074259074259,0.1904993162705052,19.0,7.2264944628929335,29.27570635676384,,,,,10,True,False
10,1,gnies_unknown,unknown,bic_x1,bic_multiplier,1.0,3.800451229771041,,10,0.6721814296814297,0.19542072132099766,0.4006296481296481,0.20090731399415213,15.3,6.464432603785802,22.323886130936444,,,,,10,True,False
10,1,gnies_unknown,unknown,bic_x2,bic_multiplier,2.0,7.600902459542082,,10,0.6291035353535354,0.22052826319379168,0.4039629814629815,0.18183175866671067,14.1,5.762908216439952,17.190577427018432,,,,,10,True,False
10,1,gnies_unknown,unknown,bic_x4,bic_multiplier,4.0,15.201804919084164,,10,0.604145065460855,0.16947296147574945,0.47601426351426357,0.18872144189911547,12.3,4.547282460742655,12.760115133132786,,,,,10,True,False
10,1,igsp_oracle,known_oracle,alpha_1em05,alpha=alpha_inv,1e-05,,,10,0.23508963258963256,0.13784537086840676,0.7419666444666444,0.12503645224056942,4.9,3.2812599206199238,0.07552342340350147,,,,,10,True,False
10,1,igsp_oracle,known_oracle,alpha_0p0001,alpha=alpha_inv,0.0001,,,10,0.24077145077145073,0.14370356909136558,0.7377999777999777,0.13858414339539854,4.9,3.414023367751831,0.07332418393343682,,,,,10,True,False
10,1,igsp_oracle,known_oracle,alpha_0p001,alpha=alpha_inv,0.001,,,10,0.18126373626373624,0.14670704527650671,0.8447138972138972,0.14639735494524722,3.0,2.3570226039551585,0.08778784228488799,,,,,10,True,False
10,1,igsp_oracle,known_oracle,alpha_0p01,alpha=alpha_inv,0.01,,,10,0.21725579975579973,0.17961400969894656,0.8387615162615163,0.14401477520711298,3.6,2.716206504995115,0.09755759416148063,,,,,10,True,False
10,1,igsp_oracle,known_oracle,alpha_0p05,alpha=alpha_inv,0.05,,,10,0.3717414748993696,0.11463656080962842,0.8642943167943168,0.10645027682806467,6.2,1.6865480854231358,0.11314872084185476,,,,,10,True,False
10,1,ps_mip_oracle,known_oracle,g0p5,graph_bic_multiplier,0.5,0.0019002256148855,0.003800451229771,10,0.1361726998491704,0.12603965032296946,0.9738888888888889,0.0433546955891704,2.0,2.1081851067789197,0.4394747828133404,22.1,440.5,0.0,1.0,10,True,False
10,1,ps_mip_oracle,known_oracle,g1,graph_bic_multiplier,1.0,0.003800451229771,0.003800451229771,10,0.03499999999999999,0.06594516989210632,0.9738888888888889,0.0433546955891704,0.7,1.1595018087284057,0.32152531826868647,22.1,440.5,9.421335585445503e-06,1.0,10,True,False
10,1,ps_mip_oracle,known_oracle,g2,graph_bic_multiplier,2.0,0.007600902459542,0.003800451229771,10,0.05499999999999999,0.08242093105845875,0.9405555555555555,0.10515029416097665,1.0,1.3333333333333333,0.3417099099606275,22.1,440.5,0.0,1.0,10,True,False
10,1,ps_mip_unknown,unknown,bic_x0p5,tied_bic_multiplier,0.5,0.0019002256148855,0.0019002256148855,10,0.18836080586080586,0.1537033359654904,0.9011111111111111,0.11543440943089037,3.6,3.7475918193480524,2.1385512791574,22.1,440.5,0.0,1.0,10,True,False
10,1,ps_mip_unknown,unknown,bic_x1,tied_bic_multiplier,1.0,0.003800451229771,0.003800451229771,10,0.10094696969696967,0.148110016351627,0.9011111111111111,0.11543440943089037,2.4,3.339993346633426,2.016569216642529,22.1,440.5,4.717557053004543e-06,1.0,10,True,False
10,1,ps_mip_unknown,unknown,bic_x2,tied_bic_multiplier,2.0,0.007600902459542,0.007600902459542,10,0.10776515151515151,0.12975415509222654,0.8677777777777778,0.17162980546355222,2.5,3.13581462037113,1.9177231092005969,22.1,440.5,9.130224600417004e-06,1.0,10,True,False
10,1,utigsp_unknown,unknown,alpha_1em05,alpha=alpha_inv,1e-05,,,10,0.20867438117438114,0.12748647369520524,0.75748001998002,0.16551999021178224,4.3,3.093002855909879,0.14764962475746865,,,,,10,True,False
10,1,utigsp_unknown,unknown,alpha_0p0001,alpha=alpha_inv,0.0001,,,10,0.1998107448107448,0.0987032564704741,0.7716466866466867,0.1456736030634009,4.3,2.79085809185793,0.14474865524098274,,,,,10,True,False
10,1,utigsp_unknown,unknown,alpha_0p001,alpha=alpha_inv,0.001,,,10,0.16227716727716726,0.1271927469869011,0.850108225108225,0.1673510386373312,2.9,2.6012817353502227,0.1609891376458108,,,,,10,True,False
10,1,utigsp_unknown,unknown,alpha_0p01,alpha=alpha_inv,0.01,,,10,0.17954365079365078,0.13046387056596806,0.8671717171717171,0.112544322535219,3.0,2.211083193570267,0.15333290640264746,,,,,10,True,False
10,1,utigsp_unknown,unknown,alpha_0p05,alpha=alpha_inv,0.05,,,10,0.3598427887901572,0.1681627607481041,0.8506410256410257,0.17508464083383643,6.3,4.2176876234364356,0.20095285326242446,,,,,10,True,False
20,1,gies_oracle,known_oracle,bic_x0p25,bic_multiplier,0.25,0.9501128074427604,,10,0.6505919462385698,0.09730344363846119,0.9702613176297387,0.04913367398062972,34.5,5.2967495273569005,7.570542175415904,,,,,10,True,False
20,1,gies_oracle,known_oracle,bic_x0p5,bic_multiplier,0.5,1.9002256148855208,,10,0.42384538232637226,0.14712573285717973,0.9702613176297387,0.04913367398062972,14.0,5.849976258261415,4.71175780268386,,,,,10,True,False
20,1,gies_oracle,known_oracle,bic_x1,bic_multiplier,1.0,3.800451229771041,,10,0.11103041737116146,0.1023638535057692,0.9793522267206477,0.049638041797924165,2.5,2.838231060987733,3.1744751549325883,,,,,10,True,False
20,1,gies_oracle,known_oracle,bic_x2,bic_multiplier,2.0,7.600902459542082,,10,0.00769230769230769,0.024325212770525986,0.9846153846153847,0.04865042554105199,0.3,0.9486832980505138,2.9543851341120897,,,,,10,True,False
20,1,gies_oracle,known_oracle,bic_x4,bic_multiplier,4.0,15.201804919084164,,10,0.02998332936413431,0.049270593241733614,0.9623243629435579,0.06181986882778982,1.1,1.7919573407620817,2.9445682716555894,,,,,10,True,False
20,1,gnies_unknown,unknown,bic_x0p25,bic_multiplier,0.25,0.9501128074427604,,8,0.8114243183238035,0.05676587521608429,0.6182230437261397,0.1613982409496082,54.5,12.637811745483695,2510.313587025623,,,,,10,False,False
20,1,gnies_unknown,unknown,bic_x0p5,bic_multiplier,0.5,1.9002256148855208,,10,0.7344637752391989,0.1261733123335468,0.5216669994378973,0.20921834653058305,40.2,19.50954182502045,1538.7896824327297,,,,,10,True,False
20,1,gnies_unknown,unknown,bic_x1,bic_multiplier,1.0,3.800451229771041,,10,0.6003115661267835,0.17568703128182103,0.5510176384789387,0.21394001126782564,27.3,17.442285782928032,918.3609863176941,,,,,10,True,False
20,1,gnies_unknown,unknown,bic_x2,bic_multiplier,2.0,7.600902459542082,,10,0.5190547602440185,0.20444835627905394,0.5987143861756865,0.21451184951092478,21.2,15.497670075781642,557.0303911500611,,,,,10,True,False
20,1,gnies_unknown,unknown,bic_x4,bic_multiplier,4.0,15.201804919084164,,10,0.4145147377132671,0.1422643016661439,0.712483657839695,0.15321319683652035,14.6,8.395766128763288,340.04369367994366,,,,,10,True,False
20,1,igsp_oracle,known_oracle,alpha_1em05,alpha=alpha_inv,1e-05,,,10,0.21531272648919705,0.10721335586487751,0.7858141193744909,0.08539658003423119,8.6,6.04060335470629,0.5094790139235557,,,,,10,True,False
20,1,igsp_oracle,known_oracle,alpha_0p0001,alpha=alpha_inv,0.0001,,,10,0.21858305694993,0.14230606217702166,0.7860366751698021,0.11225168545260934,9.0,7.438637868140465,0.47132027354091405,,,,,10,True,False
20,1,igsp_oracle,known_oracle,alpha_0p001,alpha=alpha_inv,0.001,,,10,0.21304568633980395,0.14291651104390496,0.7931470799582254,0.09386399967207575,8.8,7.177124153246278,0.5426897796802223,,,,,10,True,False
20,1,igsp_oracle,known_oracle,alpha_0p01,alpha=alpha_inv,0.01,,,10,0.2810539279232564,0.1530376537720372,0.8305366196697467,0.13330093678873636,9.5,5.562773089426212,0.4489458997733891,,,,,10,True,False
20,1,igsp_oracle,known_oracle,alpha_0p05,alpha=alpha_inv,0.05,,,10,0.635111795616462,0.1336011128404614,0.721003319579171,0.1647202192152468,29.4,8.591985930052623,0.8011692344211042,,,,,10,True,False
20,1,ps_mip_oracle,known_oracle,g0p5,graph_bic_multiplier,0.5,0.0019002256148855,0.003800451229771,10,0.29890105806913947,0.11104529867941364,0.9580235553919765,0.05277440605713797,8.4,4.115013163202923,18.322836763598026,50.5,3834.5,5.730708237540639e-06,1.0,10,True,False
20,1,ps_mip_oracle,known_oracle,g1,graph_bic_multiplier,1.0,0.003800451229771,0.003800451229771,10,0.1044893699766658,0.10286410100029277,0.9678321678321679,0.05527966007564245,2.8,3.359894178227774,7.822881709970534,50.5,3834.5,0.0,1.0,10,True,False
20,1,ps_mip_oracle,known_oracle,g2,graph_bic_multiplier,2.0,0.007600902459542,0.003800451229771,10,0.011692307692307691,0.02614077099007013,0.9723776223776224,0.05166339458877058,0.7,1.2516655570345725,5.1034520548768345,50.5,3834.5,0.0,1.0,10,True,False
20,1,ps_mip_unknown,unknown,bic_x0p5,tied_bic_multiplier,0.5,0.0019002256148855,0.0019002256148855,10,0.332290861157438,0.1244969987437965,0.9226487547540179,0.09163643184051067,9.9,5.10881590977792,123.30990014337003,50.5,3834.5,8.767251942605938e-09,1.0,10,True,False
20,1,ps_mip_unknown,unknown,bic_x1,tied_bic_multiplier,1.0,0.003800451229771,0.003800451229771,10,0.12623627249943037,0.09435025869305114,0.9300331247699669,0.09089500843840757,3.7,3.802046232695699,51.89620657302439,50.5,3834.5,4.787976759900109e-09,1.0,10,True,False
20,1,ps_mip_unknown,unknown,bic_x2,tied_bic_multiplier,2.0,0.007600902459542,0.007600902459542,10,0.07797619923935713,0.10271209351815119,0.9254876702245124,0.10255047026937787,2.9,4.508017549014447,33.79188542477787,50.5,3834.5,7.223295752039408e-06,1.0,10,True,False
20,1,utigsp_unknown,unknown,alpha_1em05,alpha=alpha_inv,1e-05,,,10,0.20727995410859856,0.13011704021704407,0.8376397882589833,0.10208379376173585,8.0,7.302967433402214,0.291709241271019,,,,,10,True,False
20,1,utigsp_unknown,unknown,alpha_0p0001,alpha=alpha_inv,0.0001,,,10,0.19668854795015783,0.12215390876086496,0.8539956546148497,0.10934711660520303,7.3,5.945119380167604,0.2512477816082537,,,,,10,True,False
20,1,utigsp_unknown,unknown,alpha_0p001,alpha=alpha_inv,0.001,,,10,0.16993701833692346,0.11785112831165763,0.8794268797364773,0.1153627523035731,6.3,5.396500923952689,0.27981230206787583,,,,,10,True,False
20,1,utigsp_unknown,unknown,alpha_0p01,alpha=alpha_inv,0.01,,,10,0.24542318439777602,0.10363524409668337,0.9210223213319189,0.09412177002429527,7.4,5.460972644339305,0.2890689253807067,,,,,10,True,False
20,1,utigsp_unknown,unknown,alpha_0p05,alpha=alpha_inv,0.05,,,10,0.6253663791360913,0.11931598063006563,0.772858121124375,0.14525194197781285,28.7,9.718824803213378,0.29206874193623655,,,,,10,True,False
30,1,gies_oracle,known_oracle,bic_x0p25,bic_multiplier,0.25,0.9501128074427604,,10,0.6982717868483902,0.024650223749453592,0.965997519242301,0.0407353043236719,74.7,5.6578362570077205,56.71763224219903,,,,,10,True,False
30,1,gies_oracle,known_oracle,bic_x0p5,bic_multiplier,0.5,1.9002256148855208,,10,0.46451981435756673,0.06493969191271792,0.971884965129747,0.029966411034161877,28.9,5.10881590977792,27.980389293190093,,,,,10,True,False
30,1,gies_oracle,known_oracle,bic_x1,bic_multiplier,1.0,3.800451229771041,,10,0.11224572989278869,0.03976189711959144,0.9813438395886214,0.02157684647272879,4.7,1.4944341180973262,17.295398026332258,,,,,10,True,False
30,1,gies_oracle,known_oracle,bic_x2,bic_multiplier,2.0,7.600902459542082,,10,0.003125,0.009882117688026186,1.0,0.0,0.1,0.31622776601683794,15.32181932311505,,,,,10,True,False
30,1,gies_oracle,known_oracle,bic_x4,bic_multiplier,4.0,15.201804919084164,,10,0.0,0.0,0.9939393939393939,0.019165319152535606,0.2,0.6324555320336759,15.452743010502308,,,,,10,True,False
30,1,gnies_unknown,unknown,bic_x4,bic_multiplier,4.0,15.201804919084164,,3,0.46240426240426236,0.25295479477944754,0.6276441611127209,0.17643870577819715,28.333333333333332,14.6401275039985,3196.1975148944184,,,,,10,False,False
30,1,igsp_oracle,known_oracle,alpha_1em05,alpha=alpha_inv,1e-05,,,10,0.17842306570722127,0.06473771489270452,0.8226447139343822,0.03987503740023954,11.6,2.913569784454954,2.919535402581096,,,,,10,True,False
30,1,igsp_oracle,known_oracle,alpha_0p0001,alpha=alpha_inv,0.0001,,,10,0.16481376344107806,0.08870979316548308,0.8422814171004971,0.07236562309194339,10.4,4.788875998951459,2.5911837100982664,,,,,10,True,False
30,1,igsp_oracle,known_oracle,alpha_0p001,alpha=alpha_inv,0.001,,,10,0.15747498441153152,0.09421768168279278,0.8425069763638762,0.07105802488963199,10.2,5.202563470700446,2.895825008302927,,,,,10,True,False
30,1,igsp_oracle,known_oracle,alpha_0p01,alpha=alpha_inv,0.01,,,10,0.2942228442536031,0.1400679492933768,0.8424764961096178,0.06939244002476977,17.2,8.727988186161676,2.0107712727971374,,,,,10,True,False
30,1,igsp_oracle,known_oracle,alpha_0p05,alpha=alpha_inv,0.05,,,10,0.7117734119580115,0.043006992145628774,0.6801763331145652,0.05653406287814245,66.7,7.08754776585903,3.6481847423128784,,,,,10,True,False
30,1,ps_mip_oracle,known_oracle,g0p5,graph_bic_multiplier,0.5,0.0019002256148855,0.003800451229771,10,0.24183110895532903,0.06485742635939577,0.9686822001527885,0.03807296888322886,11.1,3.446415206816755,136.55673620663583,87.8,18943.1,2.0654567474806165e-05,1.0,10,True,False
30,1,ps_mip_oracle,known_oracle,g1,graph_bic_multiplier,1.0,0.003800451229771,0.003800451229771,10,0.07281537405269652,0.04431261616369222,0.9846536796536796,0.025514299753051868,3.0,1.8257418583505538,162.22712924033402,87.8,18943.1,1.2904160997950764e-05,1.0,10,True,False
30,1,ps_mip_oracle,known_oracle,g2,graph_bic_multiplier,2.0,0.007600902459542,0.003800451229771,10,0.01393581081081081,0.03451546724001232,0.9882251082251082,0.024837068939457606,0.9,1.911950719959998,142.7843597635627,87.8,18943.1,2.126554360312615e-05,1.0,10,True,False
30,1,ps_mip_unknown,unknown,bic_x0p5,tied_bic_multiplier,0.5,0.0019002256148855,0.0019002256148855,10,0.27625505128723454,0.07669619282083301,0.9341272352808045,0.0606123694435711,13.9,4.701063709417263,910.128437390551,87.8,18943.1,0.0022415415288136987,0.8,10,True,True
30,1,ps_mip_unknown,unknown,bic_x1,tied_bic_multiplier,1.0,0.003800451229771,0.003800451229771,10,0.09445654869589956,0.048743667119633814,0.9625101242843179,0.04164290906721308,4.7,2.5407785333546005,698.2318127438426,87.8,18943.1,0.002794560748956205,0.9,10,True,True
30,1,ps_mip_unknown,unknown,bic_x2,tied_bic_multiplier,2.0,0.007600902459542,0.007600902459542,10,0.033364093041512374,0.04515787835370341,0.9595689478137295,0.03969389371765937,2.5,2.718251071716682,585.4175460726022,87.8,18943.1,0.002713662315874323,0.9,10,True,True
30,1,utigsp_unknown,unknown,alpha_1em05,alpha=alpha_inv,1e-05,,,10,0.12699943736708438,0.05598806792258779,0.8782242830054123,0.038394776077692226,8.0,2.3094010767585034,0.708992378693074,,,,,10,True,False
30,1,utigsp_unknown,unknown,alpha_0p0001,alpha=alpha_inv,0.0001,,,10,0.11331329803459782,0.06793937697306178,0.9055672157965556,0.055378425540278026,6.6,3.238655413730965,0.7011739728040993,,,,,10,True,False
30,1,utigsp_unknown,unknown,alpha_0p001,alpha=alpha_inv,0.001,,,10,0.10751493556771478,0.061041046835766444,0.9153986967760442,0.038063770207510304,6.4,2.913569784454954,0.5946814028546215,,,,,10,True,False
30,1,utigsp_unknown,unknown,alpha_0p01,alpha=alpha_inv,0.01,,,10,0.29234245364006767,0.17091426967726506,0.8667472827941977,0.0985091362480417,16.6,10.627009613872255,0.513272394053638,,,,,10,True,False
30,1,utigsp_unknown,unknown,alpha_0p05,alpha=alpha_inv,0.05,,,10,0.6976795841775468,0.03949831878509585,0.721339747008791,0.05877414407084301,64.2,4.3153472887152695,0.5442163549363613,,,,,10,True,False
10,2,gies_oracle,known_oracle,bic_x0p25,bic_multiplier,0.25,0.9501128074427604,,10,0.2752668165168165,0.13403038043637647,0.9379075224292615,0.092122987181635,8.7,6.03784361801095,0.5770550113171339,,,,,10,True,False
10,2,gies_oracle,known_oracle,bic_x0p5,bic_multiplier,0.5,1.9002256148855208,,10,0.20117115498603702,0.15324423866090212,0.9187259367515122,0.10664207512151719,6.4,6.168017869984202,0.538620518706739,,,,,10,True,False
10,2,gies_oracle,known_oracle,bic_x1,bic_multiplier,1.0,3.800451229771041,,10,0.11554441659704814,0.1340725506891828,0.9270737628384687,0.10139844586336984,3.9,5.130518708885313,0.5088712864555418,,,,,10,True,False
10,2,gies_oracle,known_oracle,bic_x2,bic_multiplier,2.0,7.600902459542082,,10,0.09850202429149797,0.131310366390774,0.9270737628384687,0.10139844586336984,3.5,4.949747468305833,0.4949474146589637,,,,,10,True,False
10,2,gies_oracle,known_oracle,bic_x4,bic_multiplier,4.0,15.201804919084164,,10,0.14828277494181383,0.18184042475489828,0.8834574757439209,0.142148628836417,5.6,7.026932316294057,0.4617464952170849,,,,,10,True,False
10,2,gnies_unknown,unknown,bic_x0p25,bic_multiplier,0.25,0.9501128074427604,,10,0.7854445143381532,0.13018071030942044,0.39016749888361135,0.21945970871793466,41.4,14.143706884846152,82.50105999838561,,,,,10,True,False
10,2,gnies_unknown,unknown,bic_x0p5,bic_multiplier,0.5,1.9002256148855208,,10,0.7675366239215073,0.15949971229884802,0.3744690455892502,0.22495231014037229,39.2,15.838069467092396,75.23519790796563,,,,,10,True,False
10,2,gnies_unknown,unknown,bic_x1,bic_multiplier,1.0,3.800451229771041,,10,0.7238846188497892,0.16763586828195184,0.3949476718223521,0.1994301562249287,33.9,13.690629398728655,60.432631126325575,,,,,10,True,False
10,2,gnies_unknown,unknown,bic_x2,bic_multiplier,2.0,7.600902459542082,,10,0.6738908929873249,0.17049976795567215,0.43682312345227947,0.22603720202237615,30.0,13.374935098492585,48.185329215042294,,,,,10,True,False
10,2,gnies_unknown,unknown,bic_x4,bic_multiplier,4.0,15.201804919084164,,10,0.6953214886964887,0.12285374403422095,0.39034409125969227,0.1552152201184437,30.4,11.442610424782158,32.55296418145299,,,,,10,True,False
10,2,igsp_oracle,known_oracle,alpha_1em05,alpha=alpha_inv,1e-05,,,10,0.42449564470617107,0.1150129403130378,0.6296787236633784,0.1331298155562701,16.3,5.478239782184704,0.2635961656458675,,,,,10,True,False
10,2,igsp_oracle,known_oracle,alpha_0p0001,alpha=alpha_inv,0.0001,,,10,0.34754578360124194,0.14514251357381516,0.7123903706410101,0.16684262517641538,13.0,6.749485577105529,0.24313863981515166,,,,,10,True,False
10,2,igsp_oracle,known_oracle,alpha_0p001,alpha=alpha_inv,0.001,,,10,0.3471045087635477,0.1996897494211125,0.7169099987821215,0.18815559258106213,12.9,8.047774019358812,0.2558040796779096,,,,,10,True,False
10,2,igsp_oracle,known_oracle,alpha_0p01,alpha=alpha_inv,0.01,,,10,0.29069703243616285,0.19005619098699808,0.7900015426460439,0.1663449089471825,11.0,8.589399151150085,0.19743114179000257,,,,,10,True,False
10,2,igsp_oracle,known_oracle,alpha_0p05,alpha=alpha_inv,0.05,,,10,0.3320085890069319,0.16352756811075242,0.8039942353753096,0.1490474153442358,11.7,6.32543366980566,0.18102376097813244,,,,,10,True,False
10,2,ps_mip_oracle,known_oracle,g0p5,graph_bic_multiplier,0.5,0.0019002256148855,0.003800451229771,10,0.18702126528442314,0.1130124294071634,0.8985983030893516,0.08956758402708183,6.8,4.984420171338332,3.2494610738009215,31.9,1141.6,0.0,1.0,10,True,False
10,2,ps_mip_oracle,known_oracle,g1,graph_bic_multiplier,1.0,0.003800451229771,0.003800451229771,10,0.13834421134421132,0.10759280203741241,0.9085016847318638,0.08249685735471089,5.3,4.522781838156198,2.7094284632243215,31.9,1141.6,0.0,1.0,10,True,False
10,2,ps_mip_oracle,known_oracle,g2,graph_bic_multiplier,2.0,0.007600902459542,0.003800451229771,10,0.10783113944878649,0.10269522026879907,0.9045016847318637,0.0870323809721804,4.6,4.247875285886398,2.161982419434935,31.9,1141.6,0.0,1.0,10,True,False
10,2,ps_mip_unknown,unknown,bic_x0p5,tied_bic_multiplier,0.5,0.0019002256148855,0.0019002256148855,10,0.19265734265734263,0.12907316950851758,0.8800202979742622,0.10638670848529094,7.3,5.774464862170731,11.645431147702038,31.9,1141.6,0.0,1.0,10,True,False
10,2,ps_mip_unknown,unknown,bic_x1,tied_bic_multiplier,1.0,0.003800451229771,0.003800451229771,10,0.1790209365797601,0.11860538928669741,0.8741379450330857,0.10785944759536471,7.0,5.436502143433364,11.397001027595252,31.9,1141.6,4.875319736831702e-11,1.0,10,True,False
10,2,ps_mip_unknown,unknown,bic_x2,tied_bic_multiplier,2.0,0.007600902459542,0.007600902459542,10,0.15891402714932126,0.11878273112876193,0.8741379450330857,0.10785944759536471,6.5,5.441609239104836,10.251990076899528,31.9,1141.6,0.0,1.0,10,True,False
10,2,utigsp_unknown,unknown,alpha_1em05,alpha=alpha_inv,1e-05,,,10,0.3505315211104685,0.18228422849227605,0.6937284131043722,0.17069360235715197,13.3,7.572611467944494,0.2861976071260869,,,,,10,True,False
10,2,utigsp_unknown,unknown,alpha_0p0001,alpha=alpha_inv,0.0001,,,10,0.35667307041731594,0.18970040239964175,0.688232046441765,0.20256809074517115,14.3,10.18768319535354,0.2811733691953122,,,,,10,True,False
10,2,utigsp_unknown,unknown,alpha_0p001,alpha=alpha_inv,0.001,,,10,0.3121043798486253,0.16498254362349887,0.7354697357203751,0.15599250102107096,11.9,7.44535649471087,0.3088968614116311,,,,,10,True,False
10,2,utigsp_unknown,unknown,alpha_0p01,alpha=alpha_inv,0.01,,,10,0.23211875843454788,0.18712450014790338,0.8357112816140949,0.1422238415280265,8.5,7.011894655987543,0.3263079350814223,,,,,10,True,False
10,2,utigsp_unknown,unknown,alpha_0p05,alpha=alpha_inv,0.05,,,10,0.23690539716586287,0.19994174796882794,0.868310396622417,0.1453084265830163,7.9,7.156193898373011,0.38207556428387757,,,,,10,True,False
20,2,gies_oracle,known_oracle,bic_x0p25,bic_multiplier,0.25,0.9501128074427604,,10,0.46995126593091496,0.06496788976853794,0.9581422099898861,0.044113567711937904,36.0,9.843215373488933,12.388543764688075,,,,,10,True,False
20,2,gies_oracle,known_oracle,bic_x0p5,bic_multiplier,0.5,1.9002256148855208,,10,0.24149693073497208,0.0883219318261866,0.9720396788873549,0.049267480542972635,14.4,9.912954487269005,8.998138704057784,,,,,10,True,False
20,2,gies_oracle,known_oracle,bic_x1,bic_multiplier,1.0,3.800451229771041,,10,0.08339699880531945,0.12591803291086734,0.9707051183719384,0.0534326789024655,6.2,11.232888220657133,7.507394892908633,,,,,10,True,False
20,2,gies_oracle,known_oracle,bic_x2,bic_multiplier,2.0,7.600902459542082,,10,0.055774456521739124,0.10517707128007751,0.9707051183719384,0.0534326789024655,4.5,8.9473770209797,6.9623115078546105,,,,,10,True,False
20,2,gies_oracle,known_oracle,bic_x4,bic_multiplier,4.0,15.201804919084164,,10,0.07252927208712028,0.14000992367308498,0.9571754359053024,0.07979717983825269,6.0,11.460075625114058,6.6556216234341266,,,,,10,True,False
20,2,gnies_unknown,unknown,bic_x0p5,bic_multiplier,0.5,1.9002256148855208,,2,0.8028528244851691,0.025516228076068515,0.4361111111111111,0.051068823085695075,77.0,5.656854249492381,2883.104182562791,,,,,10,False,False
20,2,gnies_unknown,unknown,bic_x1,bic_multiplier,1.0,3.800451229771041,,6,0.7011015167075024,0.09468407946807256,0.5060097737568854,0.09284619402318559,66.0,19.69771560359221,2625.4552097913497,,,,,10,False,False
20,2,gnies_unknown,unknown,bic_x2,bic_multiplier,2.0,7.600902459542082,,9,0.6110501633705278,0.13613430750201178,0.5653070966079096,0.12419907294560545,54.0,19.748417658131498,2165.0863862398805,,,,,10,False,False
20,2,gnies_unknown,unknown,bic_x4,bic_multiplier,4.0,15.201804919084164,,10,0.5032658270834197,0.11293602361307827,0.6110160850355101,0.10372145622783353,41.5,13.786063816606811,1442.6116470881739,,,,,10,True,False
20,2,igsp_oracle,known_oracle,alpha_1em05,alpha=alpha_inv,1e-05,,,10,0.4500894478895148,0.16237312705682358,0.6626622875694012,0.14028078762700222,37.0,19.183326093250876,2.1827410080470147,,,,,10,True,False
20,2,igsp_oracle,known_oracle,alpha_0p0001,alpha=alpha_inv,0.0001,,,10,0.39698600815826696,0.12238735478962226,0.7268915555812158,0.10881658854127567,31.4,14.997777613144333,3.250898207817227,,,,,10,True,False
20,2,igsp_oracle,known_oracle,alpha_0p001,alpha=alpha_inv,0.001,,,10,0.3732206290483956,0.13574154342205713,0.7725673544105496,0.10718325081168815,29.4,16.351690364539618,3.3063658962026237,,,,,10,True,False
20,2,igsp_oracle,known_oracle,alpha_0p01,alpha=alpha_inv,0.01,,,10,0.30564293144268573,0.15073698607984515,0.8547568011226063,0.09394948946059557,23.5,16.56804152578089,2.5795685787685216,,,,,10,True,False
20,2,igsp_oracle,known_oracle,alpha_0p05,alpha=alpha_inv,0.05,,,10,0.5441928527545985,0.0870760736941021,0.7508068232955002,0.10149317851084458,47.0,13.408123574079177,3.887358688656241,,,,,10,True,False
20,2,ps_mip_oracle,known_oracle,g0p5,graph_bic_multiplier,0.5,0.0019002256148855,0.003800451229771,10,0.17341928068430806,0.07060608613663052,0.9346409169751869,0.04155517081213233,10.8,5.692099788303083,1625.2471076373943,90.3,40581.5,0.0047040878657515686,0.7,10,True,True
20,2,ps_mip_oracle,known_oracle,g1,graph_bic_multiplier,1.0,0.003800451229771,0.003800451229771,10,0.10966737218234864,0.07316476418487203,0.9370799413654307,0.038465415296100196,7.6,5.853773711604052,1536.703502904717,90.3,40581.5,0.0028171793036336507,0.8,10,True,True
20,2,ps_mip_oracle,known_oracle,g2,graph_bic_multiplier,2.0,0.007600902459542,0.003800451229771,10,0.09346751023901213,0.06169829618556277,0.9370799413654307,0.038465415296100196,6.7,4.9899899799498595,908.2890159490519,90.3,40581.5,0.0022488538523543935,0.9,10,True,True
20,2,ps_mip_unknown,unknown,bic_x0p5,tied_bic_multiplier,0.5,0.0019002256148855,0.0019002256148855,10,0.1926778575841303,0.07502622140807261,0.9169350873181378,0.050383025841289744,12.4,5.98516684999025,3155.089005800523,90.3,40581.5,0.019289026809409755,0.2,10,True,True
20,2,ps_mip_unknown,unknown,bic_x1,tied_bic_multiplier,1.0,0.003800451229771,0.003800451229771,10,0.14936508241090535,0.12225943913568288,0.9128596234865762,0.07418191906813794,10.7,9.87758405009376,3069.317862803303,90.3,40581.5,0.016345027860595433,0.3,10,True,True
20,2,ps_mip_unknown,unknown,bic_x2,tied_bic_multiplier,2.0,0.007600902459542,0.007600902459542,10,0.11193385832704275,0.06802750914951858,0.9224231664904273,0.04319444125001535,8.1,5.384133067531753,2509.323975792434,90.3,40581.5,0.01061688051727733,0.5,10,True,True
20,2,utigsp_unknown,unknown,alpha_1em05,alpha=alpha_inv,1e-05,,,10,0.4479390983322321,0.121589252858087,0.6838685626685481,0.09173927250342401,36.0,14.102797200870787,0.39929126603528853,,,,,10,True,False
20,2,utigsp_unknown,unknown,alpha_0p0001,alpha=alpha_inv,0.0001,,,10,0.4016198391534414,0.11230090110839414,0.7470941177358451,0.08321925394991572,31.2,12.682446311514369,0.40551450084894897,,,,,10,True,False
20,2,utigsp_unknown,unknown,alpha_0p001,alpha=alpha_inv,0.001,,,10,0.3488158367841794,0.16187899976959136,0.8004397957926914,0.11386964511405581,27.5,16.761397449032838,0.4530451904051006,,,,,10,True,False
20,2,utigsp_unknown,unknown,alpha_0p01,alpha=alpha_inv,0.01,,,10,0.32146300255363813,0.1653008203230874,0.8527134880913311,0.10888857486345178,24.6,16.886549545586735,0.5130752637982369,,,,,10,True,False
20,2,utigsp_unknown,unknown,alpha_0p05,alpha=alpha_inv,0.05,,,10,0.54904791542397,0.06625647330385434,0.7594932722402629,0.07216573292995201,47.7,12.517099415510678,0.6165208797901869,,,,,10,True,False
30,2,gies_oracle,known_oracle,bic_x0p25,bic_multiplier,0.25,0.9501128074427604,,10,0.5346402285239311,0.049078475472825435,0.9456088444581787,0.03527619038146791,71.1,12.160500720684892,128.16712531717494,,,,,10,True,False
30,2,gies_oracle,known_oracle,bic_x0p5,bic_multiplier,0.5,1.9002256148855208,,10,0.3268050015341494,0.08690013246253253,0.9559884049796988,0.03750042243403922,32.8,14.808406021205958,52.80275593819097,,,,,10,True,False
30,2,gies_oracle,known_oracle,bic_x1,bic_multiplier,1.0,3.800451229771041,,10,0.09395446974376022,0.10405736414766967,0.9783471157677056,0.03686124931540571,8.9,12.740573857649514,38.27058044439182,,,,,10,True,False
30,2,gies_oracle,known_oracle,bic_x2,bic_multiplier,2.0,7.600902459542082,,10,0.02317073170731707,0.0732722872478039,0.9861319340329835,0.030392964428961944,2.9,7.8662429264406635,34.517119866237046,,,,,10,True,False
30,2,gies_oracle,known_oracle,bic_x4,bic_multiplier,4.0,15.201804919084164,,10,0.043091092158256315,0.07677044095202198,0.979079660602733,0.030476204307365955,4.5,7.735200923914862,32.742330685816704,,,,,10,True,False
30,2,igsp_oracle,known_oracle,alpha_1em05,alpha=alpha_inv,1e-05,,,10,0.44696403525724326,0.09750222031865133,0.7004483459571629,0.08521838325227424,55.5,20.006943239230168,14.312615256849677,,,,,10,True,False
30,2,igsp_oracle,known_oracle,alpha_0p0001,alpha=alpha_inv,0.0001,,,10,0.4201596985999103,0.12122110550641833,0.7261507474238905,0.09186065737146898,52.1,23.32118731492412,25.822046931739898,,,,,10,True,False
30,2,igsp_oracle,known_oracle,alpha_0p001,alpha=alpha_inv,0.001,,,10,0.41481359586332367,0.1312673338083907,0.7498451401768241,0.09458885898835398,51.6,23.19099442072768,19.3335859881714,,,,,10,True,False
30,2,igsp_oracle,known_oracle,alpha_0p01,alpha=alpha_inv,0.01,,,10,0.44311329765820934,0.09336362625732543,0.7735620135721959,0.07145283131352453,53.9,18.976301009416982,15.81544318208471,,,,,10,True,False
30,2,igsp_oracle,known_oracle,alpha_0p05,alpha=alpha_inv,0.05,,,10,0.6653546320270534,0.056576083190655414,0.714684792962235,0.05541368237211385,107.5,22.998792238820812,235.1390222778544,,,,,10,True,False
30,2,ps_mip_oracle,known_oracle,g0p5,graph_bic_multiplier,0.5,0.0019002256148855,0.003800451229771,8,0.18588900351344145,0.06847101091448088,0.9390583567611415,0.03763316004510733,17.875,9.234059624177068,3844.364532641135,162.25,597795.875,0.0404339445092853,0.0,10,False,True
30,2,ps_mip_oracle,known_oracle,g1,graph_bic_multiplier,1.0,0.003800451229771,0.003800451229771,7,0.10173106252101406,0.08770764718107199,0.9429306937087245,0.04343206214916189,10.857142857142858,8.914941978285135,3765.3347617977165,158.57142857142858,410847.5714285714,0.03875207689454023,0.0,10,False,True
30,2,ps_mip_oracle,known_oracle,g2,graph_bic_multiplier,2.0,0.007600902459542,0.003800451229771,7,0.05796085385967736,0.055718270289858124,0.9504494907012057,0.03790203176012989,7.142857142857143,6.283008075451637,3767.9612653985887,158.57142857142858,410847.5714285714,0.035169622447568785,0.0,10,False,True
30,2,ps_mip_unknown,unknown,bic_x0p5,tied_bic_multiplier,0.5,0.0019002256148855,0.0019002256148855,9,0.24126686348621174,0.1482119488005315,0.9000431654680658,0.08534642648254126,26.444444444444443,22.67769339632622,6620.859923963228,165.44444444444446,760142.1111111111,0.06137858321970507,0.0,10,False,True
30,2,ps_mip_unknown,unknown,bic_x1,tied_bic_multiplier,1.0,0.003800451229771,0.003800451229771,9,0.16956885107255446,0.16083725973177102,0.895326096808415,0.07720154968311502,20.333333333333332,19.358460682605937,6673.237976574339,165.44444444444446,760142.1111111111,0.05740586940241475,0.0,10,False,True
30,2,ps_mip_unknown,unknown,bic_x2,tied_bic_multiplier,2.0,0.007600902459542,0.007600902459542,8,0.08151789995294746,0.06263970234736779,0.9242342777675574,0.0420216984265195,10.375,7.4053552051394345,6056.91434192704,162.625,616855.625,0.049183628077124945,0.0,10,False,True
30,2,utigsp_unknown,unknown,alpha_1em05,alpha=alpha_inv,1e-05,,,10,0.43721650295682907,0.08737101327474325,0.7072294743314119,0.08019295465483182,53.5,17.1221104618171,0.5889894151128828,,,,,10,True,False
30,2,utigsp_unknown,unknown,alpha_0p0001,alpha=alpha_inv,0.0001,,,10,0.43279635881751294,0.14280173720822342,0.7187780958493956,0.10280596149652939,55.3,26.386233784557685,0.5821366358548403,,,,,10,True,False
30,2,utigsp_unknown,unknown,alpha_0p001,alpha=alpha_inv,0.001,,,10,0.39134442049047113,0.1327422649920306,0.7715176083168487,0.09249902663597905,48.0,22.90560339014597,0.675486387964338,,,,,10,True,False
30,2,utigsp_unknown,unknown,alpha_0p01,alpha=alpha_inv,0.01,,,10,0.4604998141041981,0.09784015904112466,0.7666746315054975,0.07817717255610368,57.2,21.054426824040803,0.6417210104875266,,,,,10,True,False
30,2,utigsp_unknown,unknown,alpha_0p05,alpha=alpha_inv,0.05,,,10,0.6668594932626595,0.060436033613471114,0.7051396408334957,0.07706521791604738,108.1,23.80686175594479,0.9044473305344581,,,,,10,True,False
