p,e,method,target_setting,setting_id,tuning_parameter,tuning_value,graph_penalty,target_penalty,replicates,target_tpr_mean,target_tpr_std,target_fpr_mean,target_fpr_std,target_true_positives_mean,target_false_positives_mean,target_true_negatives_mean,target_false_negatives_mean,optimal_rate,replicates_planned,complete_replicates,common_replicate_ids,contains_nonoptimal_incumbents,comparison_population
10,1,ps_mip_unknown,unknown,bic_x0p5,tied_bic_multiplier,0.5,0.0019002256148855,0.0019002256148855,10,0.913660086043987,0.07417198043237078,0.05013912981098743,0.061553327320775376,13.7,1.6,33.3,1.4,1.0,10,True,"[1, 2, 3, 4, 5, 6, 7, 8, 9, 10]",False,common_replicates_across_methods_and_all_target_settings
10,1,ps_mip_unknown,unknown,bic_x1,tied_bic_multiplier,1.0,0.003800451229771,0.003800451229771,10,0.8618651575462721,0.09009251687536181,0.02563791418073954,0.042136069447608546,12.8,0.8,34.1,2.3,1.0,10,True,"[1, 2, 3, 4, 5, 6, 7, 8, 9, 10]",False,common_replicates_across_methods_and_all_target_settings
10,1,ps_mip_unknown,unknown,bic_x2,tied_bic_multiplier,2.0,0.007600902459542,0.007600902459542,10,0.8417671183305858,0.10725014298773082,0.02241210772912664,0.042802457246292586,12.5,0.7,34.2,2.6,1.0,10,True,"[1, 2, 3, 4, 5, 6, 7, 8, 9, 10]",False,common_replicates_across_methods_and_all_target_settings
10,1,utigsp_unknown,unknown,alpha_1em05,alpha=alpha_inv,1e-05,,,10,0.7663057376060471,0.09509792555864542,0.03626758822297725,0.04651080178590988,11.5,1.3,33.6,3.6,,10,True,"[1, 2, 3, 4, 5, 6, 7, 8, 9, 10]",False,common_replicates_across_methods_and_all_target_settings
10,1,utigsp_unknown,unknown,alpha_0p0001,alpha=alpha_inv,0.0001,,,10,0.7857845817752939,0.07252274858130141,0.03626758822297725,0.04651080178590988,11.8,1.3,33.6,3.3,,10,True,"[1, 2, 3, 4, 5, 6, 7, 8, 9, 10]",False,common_replicates_across_methods_and_all_target_settings
10,1,utigsp_unknown,unknown,alpha_0p001,alpha=alpha_inv,0.001,,,10,0.8263974776513476,0.09478008753379519,0.018900367629950204,0.04047756216629526,12.4,0.7,34.2,2.7,,10,True,"[1, 2, 3, 4, 5, 6, 7, 8, 9, 10]",False,common_replicates_across_methods_and_all_target_settings
10,1,utigsp_unknown,unknown,alpha_0p01,alpha=alpha_inv,0.01,,,10,0.8339732352271053,0.08749367852346691,0.02739349730729041,0.04692216964671351,12.5,1.0,33.9,2.6,,10,True,"[1, 2, 3, 4, 5, 6, 7, 8, 9, 10]",False,common_replicates_across_methods_and_all_target_settings
10,1,utigsp_unknown,unknown,alpha_0p05,alpha=alpha_inv,0.05,,,10,0.884450698939863,0.09506235154233056,0.07832582568444052,0.049089770567092884,13.3,2.8,32.1,1.8,,10,True,"[1, 2, 3, 4, 5, 6, 7, 8, 9, 10]",False,common_replicates_across_methods_and_all_target_settings
20,1,ps_mip_unknown,unknown,bic_x0p5,tied_bic_multiplier,0.5,0.0019002256148855,0.0019002256148855,10,0.8972081695443764,0.07862431405617998,0.03728823467071799,0.027079884403003185,24.6,2.6,69.9,2.9,1.0,10,True,"[1, 2, 3, 4, 5, 6, 7, 8, 9, 10]",False,common_replicates_across_methods_and_all_target_settings
20,1,ps_mip_unknown,unknown,bic_x1,tied_bic_multiplier,1.0,0.003800451229771,0.003800451229771,10,0.848915721251928,0.08186950501443348,0.012484327132808861,0.021948469538505197,23.3,0.8,71.7,4.2,1.0,10,True,"[1, 2, 3, 4, 5, 6, 7, 8, 9, 10]",False,common_replicates_across_methods_and_all_target_settings
20,1,ps_mip_unknown,unknown,bic_x2,tied_bic_multiplier,2.0,0.007600902459542,0.007600902459542,10,0.8057074480436549,0.08001804338163959,0.008229885057471265,0.021747823047010874,22.1,0.5,72.0,5.4,1.0,10,True,"[1, 2, 3, 4, 5, 6, 7, 8, 9, 10]",False,common_replicates_across_methods_and_all_target_settings
20,1,utigsp_unknown,unknown,alpha_1em05,alpha=alpha_inv,1e-05,,,10,0.7179853087525501,0.10445862857378062,0.006915854098952691,0.01782647403216024,20.1,0.5,72.0,7.4,,10,True,"[1, 2, 3, 4, 5, 6, 7, 8, 9, 10]",False,common_replicates_across_methods_and_all_target_settings
20,1,utigsp_unknown,unknown,alpha_0p0001,alpha=alpha_inv,0.0001,,,10,0.7442574347746762,0.10302178138642197,0.013536596540590654,0.02510751203805034,20.7,1.0,71.5,6.8,,10,True,"[1, 2, 3, 4, 5, 6, 7, 8, 9, 10]",False,common_replicates_across_methods_and_all_target_settings
20,1,utigsp_unknown,unknown,alpha_0p001,alpha=alpha_inv,0.001,,,10,0.7726124131296546,0.06956954487237119,0.012162970166964281,0.019828080663500093,21.4,0.9,71.6,6.1,,10,True,"[1, 2, 3, 4, 5, 6, 7, 8, 9, 10]",False,common_replicates_across_methods_and_all_target_settings
20,1,utigsp_unknown,unknown,alpha_0p01,alpha=alpha_inv,0.01,,,10,0.8194079215803354,0.08165090067263775,0.034055866660811604,0.03263865086565417,22.6,2.3,70.2,4.9,,10,True,"[1, 2, 3, 4, 5, 6, 7, 8, 9, 10]",False,common_replicates_across_methods_and_all_target_settings
20,1,utigsp_unknown,unknown,alpha_0p05,alpha=alpha_inv,0.05,,,10,0.8632769691993829,0.09062801663941752,0.10785984885734934,0.057850682036273124,23.8,7.6,64.9,3.7,,10,True,"[1, 2, 3, 4, 5, 6, 7, 8, 9, 10]",False,common_replicates_across_methods_and_all_target_settings
30,1,ps_mip_unknown,unknown,bic_x0p5,tied_bic_multiplier,0.5,0.0019002256148855,0.0019002256148855,10,0.9376169233846039,0.050106894286732206,0.05222354655188325,0.031229666008373173,39.4,5.7,102.3,2.6,0.8,10,True,"[1, 2, 3, 4, 5, 6, 7, 8, 9, 10]",True,common_replicates_across_methods_and_all_target_settings
30,1,ps_mip_unknown,unknown,bic_x1,tied_bic_multiplier,1.0,0.003800451229771,0.003800451229771,10,0.8882245391116786,0.06393871954243491,0.005427395602199162,0.008564929835652024,37.4,0.6,107.4,4.6,0.9,10,True,"[1, 2, 3, 4, 5, 6, 7, 8, 9, 10]",True,common_replicates_across_methods_and_all_target_settings
30,1,ps_mip_unknown,unknown,bic_x2,tied_bic_multiplier,2.0,0.007600902459542,0.007600902459542,10,0.825094048018463,0.08266855365106635,0.003632771427082471,0.006270888578347254,34.7,0.4,107.6,7.3,0.9,10,True,"[1, 2, 3, 4, 5, 6, 7, 8, 9, 10]",True,common_replicates_across_methods_and_all_target_settings
30,1,utigsp_unknown,unknown,alpha_1em05,alpha=alpha_inv,1e-05,,,10,0.7335986816289011,0.07867231605070142,0.013994193271923663,0.01015581618731207,30.9,1.5,106.5,11.1,,10,True,"[1, 2, 3, 4, 5, 6, 7, 8, 9, 10]",False,common_replicates_across_methods_and_all_target_settings
30,1,utigsp_unknown,unknown,alpha_0p0001,alpha=alpha_inv,0.0001,,,10,0.7784869487452702,0.08423761242315429,0.012032046522699975,0.006047491611687164,32.7,1.3,106.7,9.3,,10,True,"[1, 2, 3, 4, 5, 6, 7, 8, 9, 10]",False,common_replicates_across_methods_and_all_target_settings
30,1,utigsp_unknown,unknown,alpha_0p001,alpha=alpha_inv,0.001,,,10,0.8152106461342529,0.08369999905340898,0.013131615446949203,0.013746739717696039,34.3,1.4,106.6,7.7,,10,True,"[1, 2, 3, 4, 5, 6, 7, 8, 9, 10]",False,common_replicates_across_methods_and_all_target_settings
30,1,utigsp_unknown,unknown,alpha_0p01,alpha=alpha_inv,0.01,,,10,0.8598604573939383,0.08995459553565442,0.040353069823734954,0.03045230603531547,36.3,4.4,103.6,5.7,,10,True,"[1, 2, 3, 4, 5, 6, 7, 8, 9, 10]",False,common_replicates_across_methods_and_all_target_settings
30,1,utigsp_unknown,unknown,alpha_0p05,alpha=alpha_inv,0.05,,,10,0.9028919033280902,0.06990902675453933,0.15061738513196887,0.03991316439575335,38.2,16.1,91.9,3.8,,10,True,"[1, 2, 3, 4, 5, 6, 7, 8, 9, 10]",False,common_replicates_across_methods_and_all_target_settings
10,2,ps_mip_unknown,unknown,bic_x0p5,tied_bic_multiplier,0.5,0.0019002256148855,0.0019002256148855,10,0.9310964052287583,0.06550132232064959,0.03821005564387918,0.060362006795383186,14.8,1.3,32.8,1.1,1.0,10,True,"[1, 2, 3, 4, 5, 6, 7, 8, 9, 10]",False,common_replicates_across_methods_and_all_target_settings
10,2,ps_mip_unknown,unknown,bic_x1,tied_bic_multiplier,1.0,0.003800451229771,0.003800451229771,10,0.900859477124183,0.06741788799736845,0.027114336643748405,0.053144674797926415,14.3,0.9,33.2,1.6,1.0,10,True,"[1, 2, 3, 4, 5, 6, 7, 8, 9, 10]",False,common_replicates_across_methods_and_all_target_settings
10,2,ps_mip_unknown,unknown,bic_x2,tied_bic_multiplier,2.0,0.007600902459542,0.007600902459542,10,0.8547357968828557,0.11101528843494643,0.027114336643748405,0.053144674797926415,13.7,0.9,33.2,2.2,1.0,10,True,"[1, 2, 3, 4, 5, 6, 7, 8, 9, 10]",False,common_replicates_across_methods_and_all_target_settings
10,2,utigsp_unknown,unknown,alpha_1em05,alpha=alpha_inv,1e-05,,,10,0.818125062845651,0.14104172195374046,0.13040515419927184,0.11099923006568503,13.2,4.2,29.9,2.7,,10,True,"[1, 2, 3, 4, 5, 6, 7, 8, 9, 10]",False,common_replicates_across_methods_and_all_target_settings
10,2,utigsp_unknown,unknown,alpha_0p0001,alpha=alpha_inv,0.0001,,,10,0.8703278029160382,0.08766009107582384,0.15324638159932277,0.14464425881658333,13.9,5.2,28.9,2.0,,10,True,"[1, 2, 3, 4, 5, 6, 7, 8, 9, 10]",False,common_replicates_across_methods_and_all_target_settings
10,2,utigsp_unknown,unknown,alpha_0p001,alpha=alpha_inv,0.001,,,10,0.8863000251382604,0.07320679577843395,0.14507420818450228,0.09583949880151109,14.1,4.8,29.3,1.8,,10,True,"[1, 2, 3, 4, 5, 6, 7, 8, 9, 10]",False,common_replicates_across_methods_and_all_target_settings
10,2,utigsp_unknown,unknown,alpha_0p01,alpha=alpha_inv,0.01,,,10,0.9131633986928105,0.09628154837332345,0.1384081394228453,0.10732763936839883,14.4,4.6,29.5,1.5,,10,True,"[1, 2, 3, 4, 5, 6, 7, 8, 9, 10]",False,common_replicates_across_methods_and_all_target_settings
10,2,utigsp_unknown,unknown,alpha_0p05,alpha=alpha_inv,0.05,,,10,0.9435816993464051,0.05410600529428696,0.12455698765992884,0.10019587387838244,15.0,4.2,29.9,0.9,,10,True,"[1, 2, 3, 4, 5, 6, 7, 8, 9, 10]",False,common_replicates_across_methods_and_all_target_settings
20,2,ps_mip_unknown,unknown,bic_x0p5,tied_bic_multiplier,0.5,0.0019002256148855,0.0019002256148855,10,0.8973963842567848,0.08599857685182988,0.02738020717420475,0.022730247503392295,24.6,2.0,70.7,2.7,0.2,10,True,"[1, 2, 3, 4, 5, 6, 7, 8, 9, 10]",True,common_replicates_across_methods_and_all_target_settings
20,2,ps_mip_unknown,unknown,bic_x1,tied_bic_multiplier,1.0,0.003800451229771,0.003800451229771,10,0.8894897448985324,0.07237603290026164,0.009391381006678435,0.016528603804215006,24.3,0.7,72.0,3.0,0.3,10,True,"[1, 2, 3, 4, 5, 6, 7, 8, 9, 10]",True,common_replicates_across_methods_and_all_target_settings
20,2,ps_mip_unknown,unknown,bic_x2,tied_bic_multiplier,2.0,0.007600902459542,0.007600902459542,10,0.8745065799153675,0.07524820602612042,0.006809768748184097,0.01293084800838585,23.9,0.5,72.2,3.4,0.5,10,True,"[1, 2, 3, 4, 5, 6, 7, 8, 9, 10]",True,common_replicates_across_methods_and_all_target_settings
20,2,utigsp_unknown,unknown,alpha_1em05,alpha=alpha_inv,1e-05,,,10,0.8505735021168837,0.08162910223523048,0.0977460557160413,0.06008711343375077,23.3,7.0,65.7,4.0,,10,True,"[1, 2, 3, 4, 5, 6, 7, 8, 9, 10]",False,common_replicates_across_methods_and_all_target_settings
20,2,utigsp_unknown,unknown,alpha_0p0001,alpha=alpha_inv,0.0001,,,10,0.8625263640697456,0.0773288609132055,0.10318112659634024,0.07319895623314708,23.6,7.4,65.3,3.7,,10,True,"[1, 2, 3, 4, 5, 6, 7, 8, 9, 10]",False,common_replicates_across_methods_and_all_target_settings
20,2,utigsp_unknown,unknown,alpha_0p001,alpha=alpha_inv,0.001,,,10,0.8811802676374423,0.05390380319231824,0.1000072522762625,0.08886548164304413,24.1,7.1,65.6,3.2,,10,True,"[1, 2, 3, 4, 5, 6, 7, 8, 9, 10]",False,common_replicates_across_methods_and_all_target_settings
20,2,utigsp_unknown,unknown,alpha_0p01,alpha=alpha_inv,0.01,,,10,0.9131311191795064,0.07036489927842089,0.12258792481441465,0.0911959326623289,24.9,8.8,63.9,2.4,,10,True,"[1, 2, 3, 4, 5, 6, 7, 8, 9, 10]",False,common_replicates_across_methods_and_all_target_settings
20,2,utigsp_unknown,unknown,alpha_0p05,alpha=alpha_inv,0.05,,,10,0.8988812792900669,0.05831004553229171,0.22709000746678268,0.08746343832700844,24.5,16.3,56.4,2.8,,10,True,"[1, 2, 3, 4, 5, 6, 7, 8, 9, 10]",False,common_replicates_across_methods_and_all_target_settings
30,2,ps_mip_unknown,unknown,bic_x0p5,tied_bic_multiplier,0.5,0.0019002256148855,0.0019002256148855,8,0.9365750753962913,0.04969550416602298,0.03687570681132111,0.047318599204919244,33.75,4.0,109.75,2.5,0.0,10,False,"[1, 2, 3, 4, 5, 7, 9, 10]",True,common_replicates_across_methods_and_all_target_settings
30,2,ps_mip_unknown,unknown,bic_x1,tied_bic_multiplier,1.0,0.003800451229771,0.003800451229771,8,0.9290378730153388,0.0427997829775922,0.01890549517846013,0.029485800539062322,33.625,2.0,111.75,2.625,0.0,10,False,"[1, 2, 3, 4, 5, 7, 9, 10]",True,common_replicates_across_methods_and_all_target_settings
30,2,ps_mip_unknown,unknown,bic_x2,tied_bic_multiplier,2.0,0.007600902459542,0.007600902459542,8,0.888036831008147,0.06366555528788594,0.008045834006298958,0.010864669015279032,32.125,0.875,112.875,4.125,0.0,10,False,"[1, 2, 3, 4, 5, 7, 9, 10]",True,common_replicates_across_methods_and_all_target_settings
30,2,utigsp_unknown,unknown,alpha_1em05,alpha=alpha_inv,1e-05,,,8,0.845898890448628,0.06341120062857986,0.06989500573696615,0.05942926096286436,30.875,7.75,106.0,5.375,,10,False,"[1, 2, 3, 4, 5, 7, 9, 10]",False,common_replicates_across_methods_and_all_target_settings
30,2,utigsp_unknown,unknown,alpha_0p0001,alpha=alpha_inv,0.0001,,,8,0.8916072099606432,0.030619805548817453,0.08177055214864148,0.06961147005971428,32.375,9.0,104.75,3.875,,10,False,"[1, 2, 3, 4, 5, 7, 9, 10]",False,common_replicates_across_methods_and_all_target_settings
30,2,utigsp_unknown,unknown,alpha_0p001,alpha=alpha_inv,0.001,,,8,0.8946578432574402,0.05937121626287869,0.08731880198747193,0.06881191724995238,32.5,9.625,104.125,3.75,,10,False,"[1, 2, 3, 4, 5, 7, 9, 10]",False,common_replicates_across_methods_and_all_target_settings
30,2,utigsp_unknown,unknown,alpha_0p01,alpha=alpha_inv,0.01,,,8,0.9219008899326321,0.05392476940172216,0.1312700432216779,0.08582604161278447,33.375,14.5,99.25,2.875,,10,False,"[1, 2, 3, 4, 5, 7, 9, 10]",False,common_replicates_across_methods_and_all_target_settings
30,2,utigsp_unknown,unknown,alpha_0p05,alpha=alpha_inv,0.05,,,8,0.9598314570393375,0.0367505695357418,0.2198810680661123,0.08072475849250967,34.75,24.75,89.0,1.5,,10,False,"[1, 2, 3, 4, 5, 7, 9, 10]",False,common_replicates_across_methods_and_all_target_settings
