-0.001110853339248,0.671148330886409,1.67223460527082,-0.454180354944916,2.55699299230143,2.28429608603425
0.858212984185212,0.451924630643529,-0.605275487538952,-0.36251069850016,0.644188837808938,1.42465540837183
-0.775819476882336,-1.17353940107782,0.472698511551062,1.51022031261559,0.632818696039908,0.550971058726147
0.193416340506231,1.24928647280806,-1.19781046558881,-1.31868167513115,-1.84913083558398,-1.9994519268049
0.0264258961307878,0.768329275039301,-1.41964360444927,-0.815513833273868,-2.85971078851976,-3.5654999782805
0.449376383260983,-0.782208725914567,1.1735904893328,0.453045742204589,3.03015725207155,2.14393161484408
0.455202210064264,1.27382802814994,-0.6125973503297,-2.13758509285088,0.0659358609172488,0.976782645373596
-0.00448108911290428,-0.340230516825925,1.85126747357587,0.584210700556954,0.196600595708048,1.53489772627267
1.2173992259307,1.23320349082053,-0.80401060101466,-1.62075854526074,1.82120031517501,2.40628298589927
-0.105825847212714,-0.533203189088981,0.16321416418989,0.476337801652984,0.100683661563736,-1.81433527963917
-0.774756351140773,-1.69758164079005,0.707096335004242,0.508814119977747,1.37556833944106,1.93755222469151
-0.476100282747957,-3.41114148654949,3.51506176419441,1.07232271342879,1.61025743046469,2.23651015133042
-0.193449825577802,-1.04156671964703,0.705378707781153,2.27385017752704,0.730749957259027,0.61314912226542
0.323275050988673,0.203318487083092,-0.28931621203154,-0.384010270006936,0.027945561330838,0.578004802216665
0.0480621275346075,0.0719340338657697,0.437298623998967,0.128035779180999,-1.52813143682362,-2.68482172191629
0.369135158625052,-0.501624419932163,0.436368242635723,1.0927079468138,-0.244158685181499,-1.91356283548303
-0.469550751932985,-0.798905411663127,1.29515867507155,0.211495273769904,0.23208022863996,-1.40367927409617
-0.50718167382187,-0.470269820682029,1.87373858225136,-0.143664544978507,0.455721863571223,0.47068100321208
-0.0884114494181472,-1.97786137778557,1.99608279141262,0.564427017639435,1.80180227343379,1.97401450104474
1.43481683252164,-0.376989746524731,2.42593975305969,0.37062675532395,2.90923083286811,2.76619089938636
0.119841305621106,-0.368154955330704,-1.398509441786,1.42934536612371,-1.17411356004232,2.36465284845053
0.786537042971216,0.535474758721389,-1.53967012148892,-1.45840248961595,-1.24123137552869,-0.457796294393364
0.0681833029353426,0.374215541273325,0.280462671397788,-1.59141158564755,1.83030653494549,2.59453080466636
-1.57662847391555,-1.12889100119059,0.126204617291413,1.65486918192373,-1.95907904324696,-2.22656433439027
-0.688274273986435,0.465261489015518,-2.21667284078718,-3.91216530122179,-2.88259816243897,-0.443922788944062
0.559753160114425,0.408535676576135,0.643764787019659,-0.338719763355756,3.1285110256014,1.2829463740989
0.10028066098806,-0.259618927935208,-0.379237254950144,0.137461374488611,0.857494696706498,1.5980269835948
0.176172057593808,-0.549436368234576,1.41255065473176,-0.740768666402897,2.72558668062413,2.42137554687109
-0.486936101671684,-0.553719679824901,0.777757144533653,-0.586859394644746,2.20833632366279,2.74514683031871
-0.650948363337591,-1.40697798641304,0.951758945398174,1.35814778326645,-1.18759208336777,-1.34382868233206
2.12949253770053,-0.651834455075573,2.83235454449712,-0.245160109832516,2.88860263604639,1.90471276699409
0.178191278266535,0.154516238499375,1.63638874592216,0.71360229094687,-1.72314789405171,-2.34089825147075
-1.96130370467968,0.726320297544628,-0.139798368668501,-1.96495372737902,-1.68250441634447,0.00871560919883228
0.621476418788198,0.350492990170844,0.513228094952694,-0.313852803945663,0.499460679542179,-0.623122513511754
0.201582182635308,0.87735062788252,-0.752665500808121,-0.424802843540288,-0.516714138002698,0.585996933883438
-1.71211790865907,1.93151767020051,-1.72974174568845,0.5961026228062,-3.04994844288166,-2.41076871421342
0.944715942090073,2.20174792147286,-0.967047899243335,-2.67203450851681,0.183107502975469,1.05939749983362
-0.0910343748532591,1.64632484405432,-0.719098006725904,-0.246790955979822,-0.0155410374204375,-1.05285104627158
-0.892665468353637,1.85652154522559,-3.6697507938681,-1.4714888741703,-3.79088637203093,-1.58662294169349
0.686408074850025,-1.81811752108658,2.92434110675981,0.450690152122784,5.02784719727016,4.64964162559509
-0.202459930857029,-2.23806059294926,2.24024108794639,1.2948903524331,0.459872183664859,1.04765827475542
-0.466110066365415,1.24575958593326,-1.66789300376314,0.629034320705867,-2.55903417969771,-0.875085526094688
1.15074097407733,-0.491514151871901,-0.682588951832828,0.576554949298603,1.10606513827074,0.823476170520187
1.55738453994035,-2.51602989063136,2.34256902194908,1.0301670548796,2.61453852259843,1.253005912092
-0.608550092545968,0.600280192551367,-1.2412611129062,-0.469173500109195,-1.78040746646099,-1.7572208895349
0.0378834937396852,0.303432238572808,0.601063958517275,-0.96689590654793,0.13714263433165,1.26384214309907
0.778554765345506,0.693611604475438,-0.177953915313666,-1.00342235781308,-0.358325232381997,0.137384989632062
2.49184349177789,1.13422695229666,-0.675834007059876,0.508351178174391,1.45308057656381,1.49325776160315
-0.237139876105269,-0.95404463479112,1.8125396982864,0.196231910510042,2.72219941222929,2.75255038948005
0.8049500321619,-1.28027627830117,0.323495652315942,1.76067581983155,1.56329811426848,-0.159430086727778
0.204883103898945,-0.75232316123342,1.43247361679888,-1.92762414227296,1.13145489628995,1.79851590984134
-0.523726003926365,0.671590264803117,-1.19373787818858,-1.15691641084193,0.946794833297664,0.0853584982045449
-1.25558637593337,0.0702138592412322,0.316431459038824,-0.975439665496297,1.65499529081907,1.43540904118347
1.91707173629611,0.86898046993691,0.912454413110537,-1.04408969796875,4.47921797901865,2.51749242843853
-1.02423691244843,0.523620439947322,-1.50807932944612,-1.26276016961405,-0.318340071668858,-0.917880328368215
0.231278874051479,-1.6843196129768,-0.573861847939477,1.85883263223735,1.57493936439011,1.52559007934257
0.219105891548186,2.49413200079003,-4.17939428417846,0.0728344525151472,-4.05532818305918,-3.34015580754466
1.33082899204363,-0.159124805908177,0.421598186809833,0.781940791188532,0.64320931788978,0.680366254485883
-1.55788332340824,-0.123273185239872,1.21480769381221,-0.0454042296000297,0.913168919479472,2.37919215427159
-1.18569089857043,-1.31377103948091,-0.686959939868506,1.02786438076796,-0.311219916401174,-1.50030393953004
-0.446437647917203,0.540800985659675,-0.302696425246674,-1.11074805393418,-1.72227080837438,-1.65387658512681
0.353840740419065,-0.0979688564580358,-0.968074501249561,1.35923191224,-1.47948940064497,-0.0612202865580337
-0.957062383608126,-0.63817914790327,-0.857988794942032,0.410673251887252,-0.728496294351925,-0.330889674593809
1.60853961158363,0.196035665263582,-2.16239875368195,2.0006571356577,1.16060993252395,0.73933566494034
0.0712015848843928,1.86047337485651,-1.60865219744626,-1.17392721168033,-3.01420406265393,-1.57912738538424
0.617735856834647,0.177699099109489,-0.631899291442108,0.240707312534104,-2.26376306963227,-1.08948076161829
-0.266579014114118,-0.955045855333391,1.94401672744062,0.749346762450925,1.59730852026925,0.440831515621721
0.21743727990585,-0.311285821507742,-0.962700125233534,-2.36353222000194,0.282401336549976,-0.850637619342671
-0.276214080981573,-0.586920456341331,0.0963028945908225,0.420139389623275,-0.839796113235672,-1.08787189691765
-0.307756202161167,2.23510940193,-0.933361520680963,-4.83282482750593,-2.06243665072592,-2.06978531031688
-0.234773377420988,0.73261974458846,-1.44043211465099,-0.203525680562492,-1.44621813391815,-1.99640766326309
-1.79282685742532,-0.468480049929518,0.797473207071537,-0.423944697694613,1.37292867620295,1.65699637353558
-0.936498143200493,1.81980360079184,-2.69771985212337,-1.14694751074186,-3.21190129555171,-2.30789691654712
-1.54786903499977,-0.713393818714388,1.33613925865479,0.313045665354368,-0.23901506835472,-0.639454604322199
-0.919727591413114,0.733198979887726,0.0334111127106096,-1.55513372049039,1.04423054632314,0.264127390955146
0.591025819385432,1.51585384142472,-1.64748183467295,-3.07936902460697,0.456869194339378,-0.0796616316510251
0.357166696069892,0.368538683620091,-0.602602938893487,-0.824438852704823,1.93303460151292,1.98169034702839
0.884166732006446,0.419317219758957,-1.50259525261582,-1.27500236074641,-2.23450297924348,-1.13995742136452
-1.10882919958552,0.285990508580795,1.38822447241394,-1.02310124258621,1.11476461267338,1.35123875297932
1.03817118335911,-0.82355430589269,0.158565168826893,3.71515149976025,-1.43486713669341,0.547323355965942
-1.07452313875726,1.36309984043774,-0.920498070876581,0.545444302666423,-0.223542904847475,-2.25510963699503
-0.437673090329293,0.12273447423842,0.148158784882987,0.256390379627334,1.33242551220868,1.1038722303768
-0.523624220020076,-0.133280384711383,0.504001151167582,0.345147822396839,0.0770136692865556,0.196526027756006
1.22152109470396,0.0598565940517266,0.0910238570723854,-0.415281506663036,0.990734430737829,0.671420280978232
-0.688929045871285,2.72885998378023,-2.11241040121858,-2.64919318352284,-2.83004551936422,-3.28991199538702
-0.271170855055436,-0.85446768605011,2.55897798903019,0.150653010392751,2.89996432916698,3.85590982028782
1.54594337591084,-0.289059730244294,0.986960364145144,-0.885826316276469,2.66496163016418,1.02150423899585
-2.74076816816264,2.06952370066585,-1.10761210899416,-1.08326913501176,-3.17881608539831,-1.01183488808842
-0.208489967870868,-1.74193086802629,0.667508268085577,1.09995455856032,0.549206197939585,1.18696397132844
0.295686468487557,1.15352542853639,-1.3443358596502,-0.121376901151606,-0.771555675682806,0.235631590608817
-0.235943041601003,-0.00386834671634199,-1.13835809424033,-0.901392503807177,-1.08761863549812,-0.214691341038483
3.55094071996609,0.262356312190346,-1.24285074053826,0.138530911292467,1.2001368062764,-0.152972985750283
-1.11603645531442,-0.791166174755522,1.73042162904713,-0.0145951709145112,-0.00319280843811946,0.784640965138984
-0.269668741969923,0.155159453405544,-1.1577707422065,0.402757060769918,-1.50013029252931,-0.127175989234122
0.288004703367416,-1.55113318659326,1.41729325737348,1.74992929512942,2.02321356998316,1.36311729298381
-2.3595289284771,1.11865629672953,-0.792950558345489,1.12838397245989,-0.406165570732362,0.533289825960225
-1.33928985613631,1.72721332071991,-0.765075380060512,-1.63120561352408,0.117112446155007,1.55050416824217
-1.16853880527861,-0.231968927335209,0.321016756364753,0.0960446102539089,-0.784108063006552,-0.462904273650136
-0.109144253199263,0.640790422999347,-0.957885013318802,-0.166553938395735,-0.197705097129909,0.310110298300199
1.45217722375272,-1.89614372573384,0.483428284320728,0.820288868801883,1.91043810630362,2.43889598365872
-0.208131201746694,0.282674809823951,-0.414854416806759,-2.39641143984489,-0.0936561401368237,-0.988912492465905
-0.173053680790088,-1.26353644755033,2.75861597329512,-0.396608364625641,1.15366777704661,1.59599996939042
0.55348815840627,-1.28028508244486,-1.27765735565487,1.74047082365434,-2.3039572987721,-0.853902271018583
1.41370513759748,-0.0775889285610014,-0.847348301601141,-0.131375551678871,1.0530106416589,1.63961999190693
1.54811676925417,1.38013342311939,-0.169853182870297,-1.58535340015421,1.37442737151045,0.887116873803167
0.0423289860974558,-0.602711147105873,0.966889190650821,-0.336355970239951,-0.139366462341556,-1.24415512279579
0.222127262007846,-0.516059618248755,0.659214715906532,0.895097092893972,0.943022931098268,1.53580851796866
0.420721351258833,-0.751516184224992,1.11644276069749,0.522870561843611,-0.557697279891637,-3.02104698174636
0.811546608457672,-0.232395948670891,0.526569981257735,-1.09503410168783,-0.834527021334941,-0.549544028787775
-1.21387857683354,-0.509282579737045,-0.739362643790055,0.660942063261892,-0.170185480687833,0.0605916879225848
2.12287578088101,1.26221108441482,-1.52079316891076,-0.129406989329371,1.21538273732229,0.42455631425758
1.29137687558671,1.67114499285146,-1.58442657018077,0.031506663428318,0.0341491182564798,0.706951049057181
-1.49330898412879,-0.903483704583524,1.0355013893529,1.41599670507061,0.931356041498819,0.763857626953805
-0.523057507939493,-0.8457312648696,1.99431374847281,1.35455682491938,2.59096792917336,3.63468814890169
-1.13228717510005,0.462922398203046,-0.296455014573239,-3.18611502781429,-1.58118604851386,-2.70971230790881
-1.43428473389549,-2.32303477904342,1.68090840281975,0.0974199089027542,1.31860121973849,2.22856088065347
-1.54567025989241,0.0699645558167401,0.792518246625989,0.947295726649394,-0.831772236094531,-1.42067051982576
0.582283480882373,0.104296983868647,1.75826220479612,0.409438167410366,0.958933754975509,1.39525365672361
0.48625877559139,2.36607546887326,-2.43662992458254,-1.73917266092014,-0.350476235004157,-1.11954033438143
-1.09988866484827,0.709111585671007,-2.44594601296498,1.050504085938,-1.83121720820085,-2.09842997153389
0.235468490220221,-0.202655031557159,0.708112490601425,0.362899673110508,-0.039981735053591,1.52680864195157
1.45181342266326,0.825256939234847,1.57767685713941,0.202075229390174,4.1406057824559,3.21661308147585
-1.40518325221352,0.0394253596362262,-1.44024625977221,-0.219664022151231,-2.52275539519009,-3.49336395079186
0.44847381795372,2.51168663194013,-2.91351696579933,-0.697688495332913,0.145179788006827,0.826964474225098
0.221585468299583,0.313718378558584,2.06372796165113,-0.614893813294874,2.32871396981871,4.6628976714452
-0.320139596831004,0.660327340016015,-1.12635289008371,0.473490031432445,-1.22750846592865,-0.986578587361462
0.717940284828235,-0.99166880341514,1.28708940273846,0.693927173500317,0.807678196124862,1.42420678354246
-1.99486754799535,1.06999389186091,0.120666123124123,-1.66933660420744,0.117664030183826,0.402262364821634
2.15080884001825,0.499578585134348,-0.61805265068566,0.244161453967511,3.14994103746739,2.03130947787865
0.651111365534431,-1.04425547949717,1.62046117756543,2.19095341565699,0.80303549191389,-1.51540757013768
-1.34606616085024,-1.34729397419565,0.195014961734152,-0.40415002490612,-0.00314323860990682,0.808084694578823
1.87096532365168,-0.00152646160161324,-0.158073947862084,1.15297512197203,0.42800404616907,-0.601401063323944
0.398209068646485,0.970996042114022,1.55953542204152,-0.53368965189156,2.42002237475247,1.63263372071032
-1.00730070395412,0.310264349638884,-2.0358749806231,-0.479352994490399,-1.85086083046542,-2.87259514268569
-1.96611740039199,-0.674382645138414,-1.20549964586306,2.25743801669646,-2.48323351097471,-1.51727860818246
-2.91626467724057,1.27722376855213,-1.36283108657452,-0.130293036216065,-2.55753868866367,-2.92829054090449
-0.470459464230199,0.849919733065972,-0.702663000446857,0.0125251515149833,-2.39063880082426,-1.8239766189951
-0.581949746987576,-1.04752633137638,0.816294420071463,1.19695347387379,1.26153537016228,2.22763952330787
-0.0939987143029195,-1.06442084958311,2.01385169684796,0.778195821538554,1.75817142869111,1.54425736331005
-0.589310837703869,-1.10613845380715,-0.364606382388021,1.14824758613391,1.22703880642214,1.87076679196196
1.569394920491,-2.35213010527701,2.53850085225061,2.151124413669,2.13203088007996,3.10475430288811
1.45170676405665,0.369607592990773,-0.334350118692482,-0.377059136235472,2.12313125906452,-0.556523302377236
-0.999430659637193,-0.269025694539091,-0.486552244825499,0.25787468456088,-0.310093064050099,1.61367981208731
1.18433047184471,0.401899070627779,0.988243349827286,0.390839714301217,0.507302881404951,1.67326984512562
-0.681464668970935,0.477373803767692,-0.596674882537629,-2.03131020069475,-1.85320262382974,-3.36389051144547
-1.1098517281369,-1.82051345556116,1.8833980109564,1.64314215787868,2.8550745359774,1.2868779433035
0.671839035496254,-1.65399889618095,1.35829553036083,0.601973344243336,2.69863899224172,0.543446103691232
1.52229043130595,-0.650886871931064,1.27175276231683,-0.416406884809187,2.74144706644067,3.43984690852264
0.630440935835669,-1.71994695615114,1.60662841757762,1.24994400718035,1.76956087685113,1.36705342865533
1.63797714742535,-0.178064601301136,0.00892893538603826,1.3520964644759,1.3759068867621,2.13339461709842
-0.289963033206329,-1.1192139070972,1.03461161060332,-0.51979644474643,1.00566936762833,1.37610201086047
-0.0103388006775691,1.30796867948819,1.62421526941845,-0.945288248183021,-0.80587281915945,1.08479984824038
-1.26318603485784,-0.958614393360673,1.72955054157409,1.28872297094479,1.11308527256131,1.33755838700202
-1.13930879222534,-0.811984427677542,0.581875748921097,-0.178787623676658,1.08421934073632,0.982554853680243
-2.27239727406068,-0.401525799006058,2.050353677581,0.419970829774768,-0.124859493923431,-2.49526127267074
0.668537562791952,-0.963426747472737,1.76114834900424,-0.656978240687158,2.29202643887297,3.16907549773558
1.99368620204096,0.0718013915290753,2.28520827007357,-0.365323567174274,3.64993888477708,1.66613810342917
-0.452434369220552,-0.103486975633729,0.769994185810429,-0.393784003190635,-1.29055235636551,-0.814085318046739
1.09627585725651,-1.14629982187355,3.84331335407884,0.743088753730191,2.9555639345333,2.30190160843721
0.795574483882641,-0.742501874552383,1.23411168371832,-0.479320497342925,1.76078311942651,0.710600489672008
0.429412428733427,-0.270967483098856,-1.07564677100004,-1.15332668763166,-2.34397252689864,-1.63619740939673
1.06640387886847,-1.00279730318835,-0.0792187900322816,0.481828706586278,-0.420466039692699,0.351552662935071
-0.127371076844667,-0.342702228887206,-0.987202018729978,-0.707156403510649,-0.909267613050775,-1.54519391247589
-0.494848224552596,0.512686960166703,-0.140554653366083,0.369920040461932,-1.0964934509664,-1.18597790628441
-0.784306945047497,-1.07574399519568,0.620464147624173,1.69426003446021,1.68575448225107,1.92586627848879
1.4417226372068,-1.69520449525677,1.0045473810938,1.45132496127956,2.25997138358736,2.91415855457835
-1.45985571030281,-1.09198325963792,0.861384991663314,0.915098806904991,-0.330952319990527,-0.887124931533972
0.14752286629912,-0.503013230465601,1.34549725443209,1.37153798214904,2.29957289870165,0.261273460377755
0.190619878143555,-0.547718097584814,1.64335515560694,2.29998241033316,4.65546549780427,3.32533769932607
2.55552622651257,-0.133430905772036,-0.512636503269849,0.528078305382471,2.45106430567389,1.03315364156199
-0.599273185500593,1.13590268828545,-0.0634666612380848,-0.335745153230918,-0.431015487300964,0.188602510729406
-2.197155574558,-2.07040472420986,2.19677783638018,0.109478842549757,-0.0772984515337002,-0.231326835674905
0.111425080526791,-1.42247785482291,3.38626194401063,3.0859931582336,2.40095683378168,1.9561784525325
-1.31067300352685,-1.6201903057316,1.69676111642088,-1.29419994537389,0.214619698400716,-0.0627115403088136
1.39256545852936,0.0409037426530722,1.33951003538226,0.963710889728473,3.31998113049087,1.87989433630148
0.807327031959091,-1.00357503457363,1.20173655749204,-0.756529698892131,0.377237129703768,0.204331119475305
0.697017319216036,0.204716503056157,1.4253383104518,1.68248822499243,0.889573640167803,0.434040373805954
0.394083695146487,-0.10270462160391,-1.74889304992124,0.907969054609704,-2.75341002567014,-1.05065603892914
-0.386282135511802,0.495614201989085,0.39839927196712,0.377857077058817,-0.155297683453337,-0.493231539013392
-0.0564918947762356,0.620280599092179,0.194038257725482,-0.5260718569281,0.309230093922494,0.736892377070011
-0.965554049951934,0.294865892534666,-2.34827315411933,-1.22470434792269,-2.1485679034551,-2.67839499448524
-0.10016051302177,-2.43667684578305,2.51863968568748,3.77231395987775,2.53726040415843,1.26569232194838
0.495954421394059,-0.277079270242665,0.908131128446216,-0.446514765392187,1.09055254207431,3.42698423823111
-1.53541852391015,0.0489377369165087,-1.20640329794774,1.55475573692033,-2.67668184918712,-2.71621221400788
-1.67800241018074,-0.141353427882113,0.0507233609854983,0.99546976940641,-1.77515236862447,-0.73613527068478
-1.03724904759403,0.394860184629271,-0.245917711928364,-0.95912472316853,-2.92847028314411,-1.71730075389787
-1.72922289211383,-0.18446560892897,2.16259355136532,1.35303756620562,0.935036583602968,2.28915382380078
1.25438130398683,-0.81392988402085,1.68570888579999,0.889582495889489,1.9897443401766,2.29406547824881
1.22434009161622,-0.120159292316971,0.767449843851403,-0.0944650326458664,-1.73659153231206,-0.93824761699757
-1.16686335228713,-0.460660955360685,-0.294571198187906,2.41851914380264,0.615131278926394,1.99322227773835
1.10182362076703,-2.80679352217162,1.82235310381629,3.28049280711666,3.39509397989695,3.25355189604857
-1.8230007257739,0.459845129525744,-1.75574759730202,1.08964288914274,-2.06050320841653,-3.40406367938581
-1.10285932306446,0.660549970900195,-0.108442395496481,-0.69398915886369,-2.90427159419551,-1.92539416670762
0.425935499468848,0.778863645198828,0.713596261436428,-1.87857432692461,-0.0497036478725546,-0.909091726284608
-0.425585990302082,-1.37397904126723,1.96264098562742,1.49851016931872,0.243475396577553,-0.287549646719968
0.973894433575963,-1.40666042358876,0.592543782513663,2.34337864662646,-0.820157789038417,-0.422288601391846
-0.824168030551624,-0.619084798196718,0.13123388754934,0.998235493779074,0.751486329641808,-0.0400590314450213
0.0297320696994352,1.08286024785804,-0.519002991687658,-2.81838613334537,0.107689398510867,-1.29464463329988
0.445019026015035,-2.26630859019173,2.40718445724326,2.69374784949807,1.39077549464102,0.590944445240801
1.2204937509817,0.146327784747451,-0.31537963867636,0.401155208733235,0.340307191777867,0.246691524711612
-0.804777673534866,-0.275855397464126,1.44594525905773,-2.47102032721748,0.963046259014451,-0.350261386644604
-0.144648249248665,0.482033979611881,-0.977034629371266,0.58095120818392,0.11277053174156,-1.15692328041681
-0.581806193641735,-0.650588514506566,-1.00867141771732,1.18630990057277,-2.15747573457269,-2.49533748911325
-1.20262818716329,0.66796952168238,0.319030079495076,-1.93347026728622,0.492389760889632,1.58419670821145
-0.906308642884982,1.49897717189836,-2.54528454673911,-2.31292935971073,-1.44392092953177,-0.679059700386695
1.68528077123271,-1.32253612341687,1.86199203651793,1.07346459855175,1.72822247071977,2.0508462380225
-1.28533595336765,-0.931777564890153,0.115504482807954,-0.391026030510973,-1.00660580202776,-1.2135300255633
-0.0304549290788878,0.349299888378343,-0.734635675749696,1.40387960481659,-0.753192970485083,-0.447676553693211
0.824378218346717,-1.31731160218489,1.73603330942251,0.218486873531859,2.04131722163191,0.731655415012043
-0.0318226092512905,-0.639445226985158,0.461358041764657,0.0969919819129108,-0.344691013581636,-0.560580183356918
0.318528155091557,0.204420998458293,-0.116127501150986,1.45691314538292,-1.87328021469089,-1.6038184437906
-1.70143405378469,-0.544089272074391,0.723191563616948,1.90300921420291,-1.87038120822664,0.539959526854036
0.269654284762391,-2.1111827542094,0.0422889486772504,0.679329026365461,-1.44435025117365,-3.95919986279722
0.549424713036565,0.774015959088717,0.696765286976918,-0.715104669611079,1.8770767572439,0.546480376283216
0.348843427932689,-0.398815189875219,1.02075375060196,1.09728828690338,1.3251657551308,1.51906916498331
0.323144905247441,0.607242434233738,-1.10500201478447,0.133101628368416,-1.4617223317653,-1.4424709804518
0.469122598677843,-1.19469761724776,1.69098709905762,0.634724591463577,3.4982045551587,3.01154986707672
-0.370006342819488,-0.858713493717655,1.13451122358646,1.6683124436601,0.463001059968197,1.01131554570309
1.26693516462892,1.49910330361852,-1.80830483403216,-0.610965318917039,-0.89352861990379,-1.08457853547529
-0.66215058385663,-0.658092152151216,1.5993998765357,2.41564404622105,-0.388948670532069,-0.652115467717872
0.679639054246276,0.742927986016321,-0.425868825815956,-0.395114112729243,-2.54704400908266,-2.76052991841983
0.198404281243375,0.524582758671626,0.130075658298858,0.968254048368855,0.697753859438951,0.185648923031802
-1.49677773298871,1.42258783893698,-3.46229258599563,-0.321571803920221,-4.01550339422887,-1.83154419538519
-1.45404390226149,1.39420369531257,-2.21927674909937,-1.88580715171189,-2.76228942871082,-2.44156862449563
0.0394492801316858,0.578441475091781,-0.898965480806817,-0.105906842525675,-2.59667895305807,-2.40609783747984
0.813213435818275,0.143828808538194,0.0476966499223479,-0.47777829579641,0.743773393315829,1.62788233484914
2.91630978649811,1.10294163806673,-1.85519423649503,-2.20582497429468,-0.202923560372604,-1.50855505988117
1.5346912027715,0.28628657695761,-0.245169455525152,-0.38882766565318,1.58096240949219,0.82346990430384
0.189772464372133,-0.316477461963548,1.08957011995818,0.394247961953322,0.797599664158054,-0.765573997849076
-0.735701130049224,0.597251445698821,0.0660936184611063,-0.809862935787646,-1.86493166643205,-4.59211203544921
0.157821288017722,-1.59014604571829,1.21806416214967,1.73332193561797,1.11557265945045,0.0505154525118176
-1.21252151183166,-0.652407792486199,-1.22460439650144,2.7956847261056,-1.28961247497064,0.579509542854351
1.09182724641151,-0.825523483059467,1.03604839116957,0.990615240110005,0.508658341233453,0.260190150839105
-0.36493158753438,-1.41201042475607,-0.688920450786144,0.468483394863489,1.06233195697934,0.905556393663356
-0.587665864109296,-1.07480860643871,0.937893780263515,0.168456102020402,0.944058937831655,1.50450259057109
-0.72296093176168,0.838939139619563,-0.855110082364123,-2.51222499555904,0.891329296094673,0.85999411963958
-0.304330117687891,2.17104739863552,-2.58496156100999,-0.940355881383664,-3.30154046817278,-3.09042148439039
1.1306822018902,-1.19742585500186,0.139507471634302,0.395127310870393,0.637398094011409,0.153703088196677
0.6825541959864,0.966522802133729,1.58660487226302,-0.00246157119772304,2.1840662232701,1.53667359740842
-1.2851631527194,0.937373846598612,-0.148445642856545,-0.0370820628636994,-1.23703409025049,-1.33894013003093
-0.57526530020832,-1.88778703529962,1.33642235311278,2.10858176297535,3.09337548297598,2.25222899772632
-0.665961695193521,-2.07733461161899,2.16730806621431,1.50781776985617,0.811834320089025,1.04935473728189
1.09917644750147,-0.121446539942206,-0.452975197147454,-0.0858287474237125,-0.9569707786016,-2.25086357210525
0.788457444181437,0.513024503330519,1.12901874416374,-0.605549837850874,2.77173871438768,1.96677908114068
0.500782026081638,0.60840096401889,-1.7069873626521,0.320105692002684,-1.30083763929388,-1.97625927441929
0.23205550526096,-0.445860030801859,0.249244669558919,-0.395647705242047,0.89010319225432,2.8695921448292
0.360117841205418,0.595256543445666,-0.633933222407927,0.202574982267636,-0.862188874805652,-0.702063394896664
0.776560843987552,0.857291865596806,0.857191899893746,0.012441515958871,1.49330452134435,1.14753008184988
1.29118610856939,-2.10291310874235,2.05591829413565,2.82710378099142,3.64649639642166,3.43634660250279
1.15379907526368,-0.588417184505899,0.53447831396573,0.0121551440926084,0.283588335570856,0.0209672836286623
-1.27230953976248,0.431330129193406,2.20168076396481,0.947654137655632,0.905794785441295,0.88950024017467
-0.539655129951332,2.46033258425594,-2.04028568995374,-1.87282228734995,-0.738796838733005,-1.63053907912453
0.0607405288805637,0.960203632772132,0.233019758906621,0.102792793193685,1.8062566687144,1.64635348675576
0.1710829594276,1.96859280737832,-1.54007969617005,-2.03291036803249,-0.567699196642914,0.0749347522483655
-1.11553512357678,0.590174271388492,-0.551590693014025,-1.45320809643303,-0.22621816325878,0.378319891133471
0.0356488627510113,-0.269708678404519,-0.7433314939983,1.72176935875206,0.530401835192477,0.503348521555289
1.02676979760309,-1.3367069439554,1.75365447549537,0.161479075117005,1.14792305925623,0.598846871387128
-0.399572156105334,0.0629332171186169,0.418521601333206,1.71851471341317,1.24521198836357,1.880829222515
0.0468338989287448,-0.69331724509577,1.12022837253688,-0.747477371448527,1.58761407473371,2.8737019678156
0.978045672255777,0.379645521758705,-1.06654582396839,-2.99673891147021,1.24645565759651,2.09305254011115
-0.170876572555953,-1.77997678159822,2.76063487941023,0.574024514721657,1.75803166177187,2.9902240263652
0.663013060335591,-0.563965883335622,1.9605474759076,0.35701735895239,2.79255631952376,1.41209674122284
0.498711731582098,1.37214629714376,-1.88201275595712,-0.427323753215919,0.153592190439893,0.340439468776817
0.376112624380308,-0.00841599052843173,0.104147791260957,1.06821925272356,0.307681954912095,0.818794013094432
-1.31545203002378,0.409686353547641,-3.77496898957076,-0.609446855608126,-3.18490581082067,-4.13932158203513
0.7730098832964,-1.7790964022769,2.45932923238954,1.12201809035186,1.40387755288666,-1.01385962802306
-0.283705916632742,1.76058219031468,-3.60915188971302,-0.993620040040116,-2.63211044924842,-0.905815389560346
1.51096139985896,-0.386822740180716,0.675926180792461,-0.159712421533447,2.69135126498124,2.33826005707442
-2.52590502618388,0.00428219055583872,-0.948830346021323,0.122119445934975,-2.59924008621401,-1.26355613132926
0.947560737739822,0.309907716829212,-1.13762027517551,0.723488927242125,1.18568218769949,0.501072207286861
0.0977720622974497,-0.812940032548576,0.981759820220507,0.0698265861578645,1.6925426355183,0.301263944397314
-1.45243550402155,-2.05385548643249,1.30803956782244,0.243375173173571,-0.265439540024427,0.0730203870690412
1.55733788205309,-0.564025303904411,0.671534336604834,1.07736269496118,1.11895918799907,0.539019948912554
1.43699016659021,0.0896799946650821,0.0439158926232436,0.789614423793728,-0.227478033497744,0.0552176479777658
2.6787010798814,1.0078573605493,-1.63358895612923,-0.645670690508326,-0.122451288207186,-0.909334981023302
-0.427892853098497,-2.32257879899208,2.62945963396536,1.2055883394446,4.25931499435709,4.91788703571619
0.786412573106081,0.310266668118902,-0.0659580639732326,-0.883858766033751,2.07158811043638,2.3813993607483
-2.94283533110232,-1.23612884960549,0.0867027231093562,0.842724274056298,-4.06756442130092,-2.54345424262092
2.35530027969272,0.543347962316896,-3.07304889406446,0.196071050545044,-0.794454842637861,0.120598187579545
-0.698159672380341,-1.28886087640804,-1.05539222351529,0.285132861965316,-1.49920684127538,-2.83114216804349
1.24713379017582,-0.563038865859087,-0.0483494015375143,1.30014981845729,1.47875985991875,-0.343975006702906
-0.541642634245192,0.213527170711796,0.0603261866983709,-1.58427800915288,-0.742829209118408,-0.906881219079527
1.44802252532658,-0.606743878341453,1.68818907807768,0.726836692903746,1.65611777759989,1.00733532081658
1.48390100932222,0.605094834216331,-0.305109248386094,-0.215506843597814,-0.791206092326389,0.0328563913582893
-1.28482379634512,-2.50530816645586,2.16428084165809,1.20673240572261,2.34190568991432,2.55696375366776
-0.623491053668382,-1.16738046203465,0.0154709259509822,-1.05785707862919,1.75893606799278,-0.153561963034838
-0.141934270689332,0.0434091947962212,-0.0347737875733635,0.409172322538193,-0.735351166432622,-0.52376019497296
-1.73389871315024,2.25855359434664,-3.08436868524495,-3.13954347670125,-4.72041708271879,-2.41866233807943
-0.527411362788868,-0.747759785021583,-0.147374729909087,2.71671754718978,-0.314952562493414,-0.00619288664680943
-0.752777141312852,-1.40882154497035,0.781874820547173,0.539736877371894,0.289006663781225,0.443004157928465
-0.802128332751132,1.16495098750742,-0.908000338331288,0.772174283030211,0.122780227971852,1.22476219594758
0.657478639412342,0.2962168565423,0.601550852407631,2.17388645677293,0.0445851230718543,-0.948055657869954
3.04445299166135,1.32819755357417,-1.92027855139205,-0.996508430292805,-0.617881168820753,-1.8290019132396
-1.90337810691371,-0.0667756413835706,-0.817502430938982,-0.0505535451060327,-1.41293082393112,-1.50262931037525
0.805235421508088,0.518729063668659,-0.230265270111907,-1.70931142188673,2.58046121029783,0.321136297833393
1.35776591142534,-0.679279539601153,1.569652000477,-1.32524705566674,1.20603210937584,0.35673279413115
0.737729328980429,-0.388239943590649,0.111160459199388,1.45519024206689,-0.238935841872317,0.221810455562243
-0.55369703408763,2.51869241112285,-0.794498221356313,-2.46917506655576,-1.46048232777479,0.627697575287068
-0.318094923976782,1.99510046494383,-1.2771365219151,-1.95987247011672,-2.0893361537228,-2.65332171839778
-0.775125035905272,-2.20798024227739,3.87963692072055,0.219426443088324,2.17896362739161,2.17884958720627
-1.04706194086006,-0.307486113404817,1.61302921067847,-0.176436908689502,0.958667564953575,1.38667359325026
0.0527121877669164,-0.595493687676752,-0.419636164226423,1.0383630525419,-0.392801500220837,-0.727408416783146
0.324602686530924,1.84190931429525,-2.17661838173621,-1.66352724204682,-1.16036533492685,-2.32528057720674
1.17722066093237,-0.857673214289937,1.09159674533835,0.791620104050618,0.205306939925546,-1.77551823469078
-1.15779928547687,0.414953384361768,-0.687009015323872,-2.40379872101924,-3.15449457418564,-2.67902699083392
1.61193149927499,0.929828351140745,0.316911279538241,-0.17554462512745,0.838469629451965,1.66422213219099
1.58588224926058,2.14524188021982,-2.9680052479702,-1.95040018895749,0.0726438593307965,0.568273554058288
1.51244611584742,0.325420306563894,-0.81745527274318,-0.85570444447783,-0.87135168442584,0.927630375013142
-1.46237579262479,-0.533472645722956,0.727613171226171,3.07263614710639,1.34945004640967,1.15314739822056
1.45020026719884,-0.648134517240788,-0.698304869135947,-2.60005514025604,0.293243008457914,-0.171704176436416
-0.895377593652369,-1.77944987596389,1.40363838920395,1.55346976549627,1.02817720695054,1.52810782347102
0.196595850272469,-0.310464063600449,-1.19924321313858,0.739841310345862,-1.04872943100276,-0.0663568320866986
-1.32685067361695,2.62467535476547,-1.96351199148413,-2.77026378995643,-2.14899317938444,-0.728830844365522
-0.139417477587681,-0.225535589834829,0.0573536246554526,1.985642969253,-2.94540742747908,-2.47930156208942
0.286094683208046,-3.05182877786567,1.7811793947626,1.36504559322183,2.84453430386639,2.25221282593074
-0.24584963297001,-1.17246342805737,1.76140667295611,0.410100483758876,-0.24530686885556,-1.40542310031069
-0.0635415119989677,-0.444819900870561,-0.391049417048612,0.118568058272648,-1.25625531181824,-1.11346450588084
1.58657133178425,-1.12127029881417,1.38942132363185,0.350514237692543,3.5035237300916,0.788749467177385
0.677197701088841,-0.380284470430516,-0.910613865793392,-0.425706192725198,-0.291403777438139,0.16104039014743
0.168424169140803,1.48677999353876,-0.272978422375897,-1.73326475825605,-1.38218058832914,-1.26990510848968
-0.32132284778747,0.349067146867627,-0.0759212890908652,0.151270914300508,-0.769011775235984,-1.82817452525112
0.757066788232952,0.769595529525849,-0.99499246589918,-2.19686625766456,0.572674501484862,0.290524178885146
0.11464884827696,0.377757677152259,2.22379568235937,0.441449065442826,1.85919518432034,1.39847107795925
0.735615190910902,1.85612755159105,-1.1383791998193,0.683166665246744,-0.962744033296554,-0.999794956072788
0.314368771637099,-0.0945909492924358,0.831352807696747,1.04811614849304,2.25505700476966,1.49744841182919
-0.735463217597271,-0.848712791365608,0.737435007948914,-1.50757332850424,-1.07011481942035,-1.45660115254132
-0.872681947664741,1.07764413760239,0.147216322800469,-0.740718983874332,1.08711635088626,2.33516956780567
-0.813206325497395,1.20989025233894,-1.38675332738994,0.249751133186985,-0.611624185745402,0.499538513007307
-0.852881169935055,-0.408099393601843,0.136777113673168,-1.04055233912246,-0.271006496565252,-0.439745107159061
1.87005157700687,-0.0972002367224499,-0.22997066470106,1.37728362436906,0.80430479079811,0.915758507065528
2.0997827246027,1.44992832272598,-2.06558847421677,-2.18941366032598,-1.12359969599977,-0.869148206845101
-0.00742861618490345,-1.11257363143438,0.9257459677019,1.43642093667385,-0.186702695709099,-0.92016292124515
-2.65977802210975,-0.391768803005092,0.772336429909711,1.53545138250042,-0.311093086792044,1.32579444690038
-1.47262082709086,-2.3855609940276,1.97624938211036,1.71226462991351,1.36117801233778,0.769269995327675
-0.952759529202769,-0.239000964381261,-0.223377072056653,-0.346598280507013,-0.456980379376955,-0.819252909630389
-2.156936856327,0.91162237202758,-2.21873148264921,-0.578292034724365,-3.72166904497308,-2.16142124154712
0.600580647756895,1.35371185950351,-0.842505774972734,0.0684014480564664,-0.847997814851194,-2.5900967349905
-1.40530436820265,-1.57894626539639,1.16099031931949,0.714276791922247,-0.650399716529051,-0.36963361762329
1.03587724430326,0.826344359229303,-1.98970605358249,0.230133383322622,-1.51148029071717,-1.26338281950351
-1.1498912931099,0.578458477719281,-1.32940723120272,-1.73150749345814,-2.91813809729425,-4.28516946061337
0.691720751367186,0.124817104333403,-0.888659458264608,-0.749891646828767,-0.968540083523426,-2.01857434951322
-0.230588689470225,-0.786133650776426,1.45667655936556,0.839843181061563,2.80125308912851,0.921183999057679
1.11412866425082,0.7358176132231,-1.9687662026356,0.183359801993099,1.85602021354894,2.12149715959236
0.12068242763514,-0.00119892982737897,-1.55046638609671,-0.219645363592036,-2.52399423688155,-1.02743648001529
1.23744215479107,-0.769271083759572,-1.31894124139367,-0.844712908471404,1.01632678643979,0.812104739965318
1.38154029551463,-1.81773017119739,0.642773876606529,0.254421167876291,0.480625969997599,0.571244255044806
0.471006441711401,0.225667100879919,-2.04397165147642,0.286050156324636,-3.27930535403973,-3.87571190872484
0.37108203923872,-1.22592621991316,2.96747895858955,1.93501780261578,4.18209476707671,3.6701616591382
-1.66091975420847,-0.818350984334798,0.814816639733866,0.39935320163671,0.426927978853421,-0.345653462554422
0.769520111492953,-0.93242564533743,1.68425795712521,0.359130111705837,1.86197907713636,0.692152542227713
0.217632184527219,1.13930916117035,-1.87987604954191,1.295534631274,0.786656320391013,0.0282093300919452
-0.298572897013172,-0.307316557024797,1.42909149301857,-0.0627152252666405,2.68099512543705,1.34540214173437
0.577026586276178,0.0483391909053955,-1.36936909886718,-0.541376565528102,-0.442357395954445,0.70837140061827
0.529417407532573,-0.338877009730883,0.357599937559929,-0.324483029955928,1.02974108183825,0.6951123916014
-1.2675262258969,-1.29505595755519,2.99341840881909,0.824072115569825,0.586184128338107,0.989683464933705
-1.52544137155771,-0.0644904015259062,0.53231324051032,0.136818280312663,-0.231577571095758,0.946257555358654
1.1447935610049,-0.839566736042369,0.90800796254984,0.154427845606447,1.5455057388016,3.28809706536905
0.438352874446796,0.593463454019509,0.71192299089601,-2.49467629203095,-0.658766225231072,0.0572654911577669
0.417358929037687,0.176637893723263,-0.252256348110732,0.382466172088193,-1.44038043681814,-1.28436862393467
0.521351295958861,-0.818841252654331,0.77564771237424,2.72379937623734,2.08864547824677,2.77195202822413
0.104008671366635,-0.384022252672957,1.76205816586056,3.14871345766792,2.31677240074456,2.81297113264563
-0.781508691598424,-0.777526175148209,1.31107014822868,1.89747620369839,-1.67894422206993,-0.661566106460073
0.865144041299072,-1.89391910130723,1.96486510169753,1.34071363219002,0.581801926414238,1.56064727546381
0.388159003117,-1.2543603006913,2.30903313901561,0.283927875848237,4.31609696763137,3.18273186515167
1.49246740979721,0.0173690881927343,3.33810719214076,-1.62952035235923,4.12299419539762,5.54278769281578
1.25335668867255,-0.48973631988033,1.46347072655544,0.107051899474956,1.72426889079571,0.623177012189772
-1.08033541540969,1.79613201739147,-1.57418972976203,-0.62859055223831,-0.848511959841077,0.329369018517621
0.359002243190167,0.118083445918426,0.0393538865045317,-0.652712249327134,-1.06361734971002,-0.834895232542229
-0.391169501848253,-0.484884690621527,2.27599461447854,0.247238702080777,0.767755503365278,-1.25375063007193
0.45098774238925,1.06833428419261,-2.38010250799119,0.67865773729132,-4.40873642303299,-1.85144444907976
-0.152875870145788,0.85938991948684,-1.16135512064552,-2.57791759077328,-3.33204430241604,-2.37944464809882
-0.0255379583594196,0.380255555490881,1.35609857380009,0.22666745657321,0.259938497653964,-0.55039432789829
-0.538059814662993,-0.828688125178467,2.74265178071669,-1.36632070630359,1.46466184706799,2.15832989389009
1.46635664464851,1.33805183341295,-1.88663482245718,-3.49252594819641,0.211167933749619,1.16431264462745
-0.490653400987148,1.32848957548494,0.294663123156832,-1.20598067928786,0.288232786089066,0.484659786267933
0.651202724988813,0.3095502004105,-1.96907682000736,0.673471208259823,-2.61187581165923,-3.49451366699238
0.213630226817605,0.360022130360708,-1.39820163552212,0.279903208725063,-1.32775652822588,-0.630751267637629
3.27121483773459,0.0285042269221148,0.169770457827695,1.27030165957568,-0.0632592732454,-1.20412006081583
1.74286509366333,1.01436991513989,-0.585496389216312,-1.85613509171373,1.75332181369863,0.288636534342127
-2.12248425229878,-0.189151618513705,-0.0373737830370116,0.233424843974341,-3.00791085108638,-0.702485643691193
-1.67550472814655,0.731116139939423,-0.969265414106516,0.735908451157862,-1.67073656978414,0.350649565161033
2.70535833226275,-0.291582150250462,-0.923168991930006,-0.587068794197715,-0.236192574231876,0.946517268930899
-3.13282520945925,0.335534137355353,-1.16680604504137,0.126303849288829,-4.07880371128349,-1.33886910435549
2.38341552934137,0.141629540268862,0.400232972855548,-0.721614294689658,2.36889044340529,0.311304434191692
-0.471342615903261,-0.347470014817753,0.644105890619338,0.313979955989912,1.9426632084601,1.05326442715018
-0.343004901268665,-0.149877917429249,-0.215728177850603,-0.498402878390358,-0.210130476347366,-0.916039622601552
-0.39154715594969,1.29957841198015,-0.801018320260759,-2.78920238068696,-1.83385939726053,-2.5223250871056
0.0369097985120348,0.847244071456686,-0.809647633697612,0.113062415266519,0.390278321312894,0.531981392794739
-0.938664234023888,-1.91680309733208,0.687968615034937,0.026856721249019,-2.29172414159443,-1.92234539890643
0.0931012375697595,-0.318629045634672,-0.0772485937785543,-0.808241850093331,0.293505705351207,3.29033655899253
1.19441652601681,0.824481407361739,-3.18105445964884,-0.867488880461132,-0.660291019327914,-0.395604960914186
-0.0843246330326403,-0.510713516853874,1.59145253707964,-1.19188589129696,0.882618021646232,1.57814268613485
-1.64680966484753,-1.83995622040415,2.19797201457289,0.754446643323644,0.355348623509451,1.08496969165136
1.30148278022151,-0.0320052268919073,0.821181355561253,1.65595491048062,4.15201782884447,2.74624185609093
-1.58235789395121,1.34662566898369,-1.90211166929492,-1.55811027378731,-2.09324319440611,-2.29938433011078
-0.516185447518098,0.439947926318389,0.0267264102248473,-0.992759336429673,-0.143906629540817,-0.0295542471037493
0.965075046383656,1.97984581182007,-3.59177545262219,0.531906769988451,-2.51663638013286,-2.5350542201771
-0.345927598669639,-1.42892481027826,1.156520965536,1.56974724206592,1.38437627469956,1.46774821714623
-0.56165828437664,1.51226480606116,-2.52257566861725,0.274284344964664,-1.46331448070491,-1.52335920678877
2.45204156694489,-0.979799397375772,-0.113299546452678,2.30130160202119,1.72517317225955,2.56742868215164
-1.33980682678001,-2.13866826465209,5.35994707246601,2.73521182824621,4.28340857100178,4.56291046720663
-1.4568904528349,-1.01876576187466,0.2350579318432,1.07545002827752,-0.0343025923090192,-2.50363239066553
-0.422555297603326,0.787702104392123,-1.03580740638981,0.713186297566527,-3.77397412595898,-3.67853043379195
-1.51829077271648,1.73972273301592,-4.50005774371015,-2.81603855870205,-4.56280609459809,-3.02278430661002
1.91499265433112,0.154626496965725,-0.15252178467564,1.68166047979829,1.66987566005499,1.17985921043101
0.263924311800403,0.750126746651798,-1.0174720484492,3.03589379374113,-0.0489901739104866,-0.128069922088261
-0.372576485811596,-0.181161678196635,-1.51713445474933,1.65419475521008,-1.9397856732799,-0.424880188679069
-0.234094637301399,1.79757014006795,-0.924083643986061,0.641346352369405,-0.63078962659497,-1.40321696953009
-1.31244236928928,-0.860409893918658,0.207180288838749,-1.10968276063136,-0.867618287201988,-0.905171696285645
-0.0852303264655112,-1.6865206634662,0.366048903722259,0.82631185003099,0.474270366635712,0.421518520879868
0.421195631166852,-1.11851879147962,3.02166671994767,0.73224153475343,2.59339022090446,2.57831560827941
1.28076852999309,0.628356720194354,-0.684590052723155,-1.42378715112558,1.52863408508273,1.45245391056142
-0.0196447042076006,-2.16140101664022,1.81369223029515,1.95775623793583,1.64317030715483,2.18933886872128
-0.444310372864273,-0.672138456166852,-1.01263249908746,3.5670102920441,-1.32614342339568,-1.27494575933849
-0.377229853022017,0.152459568566725,-1.00608871399025,0.810033301983296,-1.33628480140264,-0.711472176717529
-0.751666463078579,-0.109122145362745,1.89608417355642,-2.71967182801575,0.520182574635486,-1.80218790735839
0.694051018381232,0.294786699712794,-0.170833241642187,-0.233143581964307,0.690563166059782,-1.57994486026589
-0.840120972811288,-0.982711720196467,-0.241499905981612,1.39244225144433,-1.04788070341031,-2.0183679646209
-0.967409765901831,-0.116903213503122,0.0886003558692555,-0.571530495040182,-2.33125630674762,-1.937035137082
0.484392832001172,0.371170716802251,-1.18647932858065,-0.617688265725819,-0.411218639451851,-0.662118065859983
0.445882749411689,-2.62777090702259,5.2858201441521,0.402428057163134,5.41697924202894,5.4177587527392
0.419890481080887,-0.756862814956488,0.0191808084193796,1.34104276146859,0.0515629797804668,-1.28185056735415
2.01727694509231,1.22878473876913,-0.791667778273524,-0.336872684979748,1.53624503694877,-0.36288276658958
1.25748240100788,0.798956628435961,-1.26564580282605,-2.17488078835438,-0.923783481455466,0.2291350634702
0.668941747283095,1.11591001696588,1.35734657839781,-1.04274527926706,1.02088217071908,-0.219860309755844
0.194259255067597,0.290648257822202,-0.18964648841743,-0.120882550883768,-2.56373985901578,-2.63462246554604
0.258230471174869,-1.50307247313332,2.48168862681064,2.35571226655844,0.788634629019643,2.06617673699083
2.14078046486203,-0.00988902682118886,1.61217833632012,-2.49978152282423,2.45114717254948,3.91693838563886
-1.1859831665336,-2.30537793894947,1.19680257086711,0.948858541052337,-1.62234467594052,0.311803812389747
-0.0919666432185751,1.75869979669624,-2.08188312574704,-0.996348577015305,-0.829498196040929,-0.0529234852764723
-0.474776825392323,-0.669419972381055,1.21588199375815,2.32653966934062,2.11757530396262,2.65209617662962
-0.33311674078715,-0.472531235258144,0.403796888768361,-0.253765914039065,-2.02009164597291,-1.45307474813994
-0.539733055115916,0.894071692948186,-0.689204805553915,-0.0103613784585354,0.0355528786065538,-0.0635914621500257
-0.78167632352977,0.648207853753274,-2.37635954230504,-0.292790026392509,-3.65851905349515,-2.08701135158691
1.62678754163901,0.611177540205842,-0.551883572908645,0.81698363003709,2.03978975519012,1.72360766993465
0.404246156020943,-2.15488111959633,2.10569000252719,0.276539622113691,3.13366379752657,2.31234231942797
0.244054636781602,-1.33058181946933,1.72355476018997,1.01563426360461,-0.251902887053707,-0.00571603650208815
-1.4210619196541,1.42524436543723,-2.64055334045285,-2.04975993932669,-3.34566112743602,-3.46131186567715
0.613654562806854,-0.892990113535213,0.0308599288577858,-0.336162400040665,-1.23569728543549,-1.25344972491624
-0.0644246076633119,-1.56877944405915,3.89885572888696,-0.343805981561704,5.16923465046465,2.91548057630622
1.45536369587922,-2.0370852540281,0.495931763075889,1.47813857987199,3.98764505037249,4.15077874442742
-3.06570032833099,0.425932506497985,-0.978509799096609,-2.77080267462965,0.505469470524847,-0.241946688030453
0.44375360003888,-0.595859534275725,0.894866752817826,1.07208632579236,2.18728731054189,2.3707278628281
0.534662863353145,1.55134484780784,-1.79918830261884,1.23421867600866,-1.48143990796522,-0.940304722642053
-0.988935737663806,-1.52377648523974,2.41024201769617,0.509647181837707,1.78714948986019,0.339379435777531
-0.412680663768605,0.558492997701828,-1.99999986828296,-0.507743709205888,-0.928438187449556,-1.80641766506396
0.495385194987184,-0.49909569591823,0.0195305659949665,-0.367846950469641,0.956469243756152,-0.194748427916199
0.313205012973729,1.81237509211513,-2.10458722593869,-0.212820603200261,-1.77220906467228,-1.71665224113825
0.0694192079576432,1.56371369126452,-0.391557913946527,1.55333394943337,1.51051921925746,0.382061074161285
0.736597602493586,0.63670318298378,-1.32376820931867,0.0978909967381841,-1.42129959721948,-2.75840515906314
0.714608578862124,0.568348574793669,-0.471934814158599,-0.693324570011798,-3.14895560207623,-3.205618897142
-2.28048556127216,-1.71194522601584,2.1153410064091,1.83679522433865,0.895933764492572,-1.54629689106628
-0.406908557576,-0.927746599371614,0.0565827242393868,0.454739184734586,0.623690446487826,-1.48624746271602
0.376624357595169,-2.26567175442049,3.44870112437639,1.85051843282978,3.40218225637761,2.78455815731774
2.00926719004852,2.04477687326567,-0.652677168081059,-0.437221601402656,0.241433590653762,0.151953958289504
0.679004758462199,-1.19141502103948,1.14514466387881,-0.506782244287772,2.21728324183584,0.750669543151065
1.0048928074143,3.12525171718827,-3.01897887201318,-0.966990013948332,-3.42893800290678,-3.07603877587865
1.60825668423456,-0.754154267738087,1.97361986355015,-0.0879291392594394,3.92074903474189,2.24172958547167
-0.35147628354254,-1.31752580823523,-0.320046906451386,2.24115686891338,-0.498535131063912,-0.927130846244039
0.0419097153673046,-0.0226228045659332,-1.21892698826422,-0.211018549034928,-1.87006243538751,-1.5164486584476
-1.4508254478131,0.0637738719164503,0.800648074146732,2.27912467203415,-0.0784312695689235,0.508916912360086
0.661314924884966,-1.84501340072636,-0.443353633210263,1.32745126372309,0.494631887200529,-0.252200018752942
1.42707076135233,-0.621281923077632,0.913624036253512,0.90940433466051,0.929666153598345,2.04935327684097
0.398943245565695,0.415424111913442,0.22587985867662,0.430492179230666,1.17445026037996,0.969169245175291
-0.679174266285922,0.599181238128499,0.7560523248163,0.326142426574559,-0.264354254170504,-1.50058822133465
0.0331107163990032,-0.040737068206073,0.170678230562394,-0.601731132705722,1.83670900987276,0.198650035165582
-0.462999530891163,-0.160440586962441,-0.306305911500923,-1.40976733587028,-1.92115771555593,0.0926458377179297
-1.83738737539062,-0.0794641056714314,-1.17601948866845,-1.34295236262096,-1.95771353461208,-2.32393739377378
-0.124748842097206,1.29058036291521,-2.39110427492036,-1.16436972913988,-0.944470466553003,-1.58815133482189
0.85892204303019,0.355447304637213,-0.0859340477627197,-0.341994028036644,0.309450365117281,-0.988081266750067
-2.0322988117575,-0.522229704586025,0.246887741213512,0.0416184348564738,-1.32031052671562,-0.475477905863594
-0.479754541925969,-0.158412183062768,0.753127739074197,0.898566398514521,-0.451148548908466,-0.226122741057955
-0.716383800578857,0.473913527424766,-0.494334503039583,-1.06403271957025,-1.95300103289961,-1.27973839815679
0.409766524033768,-0.554096259634869,-0.0658743853697065,-1.54161983379877,-0.437489385229834,0.839589912593906
0.64796684798079,1.39403880556895,0.403943420278765,-1.40044359669975,0.331476405845786,1.16696712285899
-0.171493710824511,-1.12728910037807,1.27119471369422,0.816312926287524,0.0296659853456788,0.657674676220849
2.53760007788577,0.154688712584548,-1.95873781322601,-0.935688362225772,-0.352906412933311,0.62638632459878
-0.0166180348438802,0.581489157065802,-0.730104848132177,-1.58399599138937,1.5303929728617,0.369066460547422
0.729857741526969,-1.8151912863122,2.40115472809095,0.0854615361331409,0.419212637073008,0.64929838738064
0.85224087774158,1.77230962449587,-3.2417455977123,-0.8284159002198,-2.03222876995232,-1.93740995825639
1.33136012768228,-0.444260078977408,-1.53744553109969,0.656973750699227,0.738769454035347,0.111053287203448
-0.335545232882985,0.392817828855597,-1.07024012064469,-1.37690008627652,-0.814527394897092,-1.18861493696182
0.482172614059108,-0.274467548688709,1.76831275946303,-0.865267285224944,2.23612681768875,1.11555921688998
1.0126515188504,1.30196078754698,-0.965105094250173,0.659566481011867,0.342201168829403,1.20025588496964
0.473499825758473,0.33654502750793,-0.909956531452881,0.149708796680009,0.998408306624873,1.67058042152331
-0.779708206186933,0.798657935231778,-0.926111366830527,-1.21122315033493,-2.11672286252238,-0.950553429776354
-1.07464487913093,2.31352341572101,-1.83044746358201,-1.92059819935405,-2.35690646898453,-1.95032692417439
1.1047643532855,-0.409177234210767,0.462529783981527,0.125887438426951,1.01290402395185,0.234974779148574
1.4524653666553,-0.434357685711115,1.55426961992549,-0.539956602372965,1.62005457106078,1.64043492032014
0.195884364510985,2.26497476894395,-0.484824535917672,-0.556891531818016,1.93227492326659,3.08177451264549
0.606578390491756,-0.076678029728916,0.315258644801072,-0.652654591041989,1.09984771798763,0.0292774552914291
0.928679678992206,0.774639975453291,-1.2965502325632,-0.540534188045775,-0.146860406935843,-0.200980362346566
-0.406690075477136,-0.536814931106641,2.02296961679132,-0.0255006220248199,1.27087905317771,1.0843405346186
0.0487074282389035,0.327112351547906,-1.04060393319335,2.20381836600337,-0.47904465149632,-0.854685035142962
-0.849839327194108,-0.182902640827368,0.119406671197499,0.284342474128226,0.500700751654083,-0.10902681072417
1.59633059827506,1.96723345075742,-0.746861016494786,-2.66955508234605,1.23883874014459,0.194015714544381
-0.201319576460415,0.795956744150854,-1.42807981583444,-0.160486452276354,-0.47702766085526,-0.619085555760271
0.428503069182891,1.10265781668437,-1.07061255043012,0.997171320869482,-0.9571377566703,0.849242360988455
0.760451802146776,-0.440307214608792,-0.121501385590702,-0.683867992719829,-0.323405685121996,0.458338637223554
-0.472672942757971,1.65277236167934,-2.4828956335683,-1.67222161836661,-0.22399203181214,-0.829110249646603
