-0.537648366988093929,-1.21073052460369457,0.332069508612332087,-2.10455400783935298,-2.70428365076397936,1.81191419917917118,-1.27549740541844026,2.11063346815915986,-1.01996652743516059,-0.0408000653084367448,-2.82901171796500828,-1.03788121118223753,3.30523895555287384,0.600560863373756249,-1.99516991795692822,5.44390730659738598,4.71513908220504607,3.33248563817990062,-3.38462314495817296,0.808864413134809612
1.2839518737638822,-0.254808808919472829,-0.442364255960901842,-1.07475249258265926,3.46144837915276549,-1.12459833913095042,1.5554211385998824,-1.03216608169600454,0.739252301037237936,-1.98142848360306889,-0.245264668153677284,-0.702069979326882199,-2.57498039569686998,-0.626278405687455297,-0.444851148320855205,-2.90091836496212796,-3.45253778597098071,-3.04348993738349938,-0.203000785964947222,0.0646152076559298322
1.9504388403862345,1.19636190546176002,0.683745329397305812,-0.20205782344808651,-3.49530182355598473,-1.36397100011054451,0.650312326645398175,1.79482845708066119,-0.807101160521493277,-0.622228687536211633,1.69160213630542366,-1.21029327039431855,0.913347177518323616,2.10733348602399539,-0.673532175620927154,2.5606233568731831,2.24079542707140211,-4.14236865929633602,-2.61398899814337327,-4.0228862020359264
-0.923454114215451427,-0.564141194800493295,1.22342112124957336,-0.128675692166693501,-1.48815014980365912,0.838470543570948412,-2.0139816723613464,2.36134247517751072,0.0660183655834478966,-0.135745425483297599,-1.87383469867794439,-2.03015422442007987,1.62903856620817655,0.443135521513353225,1.56606375477378701,1.25221974713908413,-1.96108669111450795,3.00999296894210833,4.43195299837876178,-0.602534490000489198
2.67986699228503555,1.76755047904546569,-0.812981822807105181,0.0483441842426114293,-0.56568297700142689,-1.83365981680478929,1.74499007377754234,-1.73758623323355033,0.151494117542688822,0.914294209144163927,2.56084699648529313,0.995406671173820645,-3.78522713353706175,3.6158018657126787,-0.0017824720853167489,-1.15679999060220884,-3.53286354683686676,-4.04192068690235029,-0.199410221452496872,-2.20732253762260511
-0.690807992639941082,1.87197441050887892,0.710311458932297857,-1.71863681974579396,3.46869808723978235,2.07116323787267653,0.541825432808082597,1.75949850720927969,1.22312393859083324,3.6871177450669208,-3.40463158278350386,-3.29240282974536225,3.24147937732806213,-0.863860416887093141,-1.30074666879868683,-0.720082357917044225,-2.80854132693009628,-0.331057503247632723,3.19087862241310782,0.224969979101970113
0.366398334954431915,1.06343275422505368,-0.721617415390132355,0.80191884630564092,3.210591492692215,0.143517850703064082,0.667351061809514423,0.907099873506429399,0.146202967193608036,0.590339556577560542,1.51126395787231549,-0.269455674284475033,-0.241772660431162217,-0.775981303487510043,1.09374843233761276,-0.6280888382237092,1.94710568958049168,3.31779187447656554,3.7525694914514216,-0.461398035278875296
-2.959736308122209,0.0154387129511968889,0.802287993128120935,0.354404455289250353,1.14403294872886119,0.749301858732654091,-0.537766041646704163,1.00186408930082771,0.338390228202411769,1.6839077796908366,-0.756460139920723029,-1.89106808128346549,0.727096187962393392,-3.01908616800046969,-0.457152108988006289,3.38575032522241193,-1.09532563102122582,3.38929551693361431,2.44429114291492011,3.56521906905388031
-1.97847899763734714,-0.611874878471850292,-1.8047228362347103,-1.2832133933855987,-0.352723433079258131,1.07969157741782973,0.162185841445444123,-3.2467207056248113,-0.847754393590752331,0.147982372366691622,2.46522876609044994,0.603379224446839335,-2.72874746353651876,-0.841492620655548862,1.73562008619439401,-3.63483648186117936,-0.288091052302872908,5.11911734202646063,0.273233072782393838,1.4782216656337912
-1.29349030791413799,-1.96369690612647863,0.208055704253334722,0.880602531040435954,-3.67159627247507503,0.996330831831166441,-0.0783829389222095857,0.635852223965398755,0.640232590379186894,-2.62332995478416553,0.138622783981027203,-1.03978799727630178,0.5016904257789504,-1.52743395451614861,2.58620859064468878,3.07986983945202875,0.305048019519232494,2.89667958767739275,5.06446329442909704,-0.874431021048212243
4.3912147395707315,-0.477367899276336827,0.0165280435197720718,-2.67420747084563803,1.5875220737292266,-4.61891118981676119,2.0375813345854823,-0.00682213294936706918,-0.563206781074900298,-2.21266544947748578,0.644545308635842029,-3.38589720020042328,-3.35225966067286629,0.72137898444829518,-1.63842002326275749,0.261918543813418059,-1.42705286133544118,-2.65809509795476151,-0.538502392631841409,-2.56776240669408162
3.01407691585602855,0.382672467032150521,0.889378463637965133,-0.140047993086653638,1.40114908626536172,-2.64576144968134264,2.18026923162502362,1.70930433462007003,-0.641912257908781703,-1.08379812605045145,4.31733130555934785,-0.265327696092645227,0.498620427375750352,2.34368402044468471,-3.2257803107588563,-2.9514313361038802,-1.93507660626553668,-2.61882759748825977,-1.79983054598685377,-1.46622806108351345
0.970045918962655795,-0.252797021827770974,-0.227333610151587207,0.431872383041647545,2.50775208208201317,-1.29092148111848837,0.388337770531693827,-1.89914913016560138,1.08478341399109457,-1.97494713177026848,-1.54744791468315901,2.72904912231232499,-3.31768404315878795,0.565630841068096912,-1.53154445262139971,-0.0724197519197218864,-0.546789743406044582,-3.93708304803135389,4.09080470237442118,0.538269940210138742
0.0627167508157356474,0.284833818870249278,-0.640073197751145462,-0.723314470665836873,0.538955857242769065,-0.675678053515726518,0.200469974784737076,0.0216604130882258883,-1.22829935831849202,1.73264253768124532,-0.816935627789386443,-2.38518205172574227,0.135713256539951171,1.22694555868943556,2.10161076286815796,1.76552140452969586,-1.55339301659385276,-0.0897208856540725741,3.94116261079189201,-0.0381854982601814649
1.4992055428064377,-0.282069789235346591,0.424540090468069842,0.213529174912771319,-3.08036316602697102,-0.969033361987589825,0.489632388554816611,1.96669335900813658,0.5968258680601638,-0.0380035608553120144,-1.75573734060686659,0.153958054757523471,2.46278564594412641,0.458685045067267927,-2.54223484842661174,2.14754325392850731,-0.838370030104959807,-3.90101785772397269,-0.186652232190960887,-3.2801497780630835
2.68268567460108898,-0.300311774926951713,2.0289554819413409,-0.169675045462944901,1.19021156321398003,-1.19467581179947069,0.0164482466003971657,3.31251168048435396,0.781758482815887445,-1.21438863199815783,-0.445375440024192937,-1.17112526556481034,2.40970682776170264,0.529828252314174741,-1.36120479368682279,-1.16027319985431565,5.09168964442408001,-4.13702212975776185,-1.66788691360411323,-0.43574628818403166
-0.0249480182093021474,-0.662408156321886765,-1.98343998059526316,3.37445384359954526,3.98941624866919886,-0.879093762678641477,-0.756704771508312946,1.56111740896200546,2.102519509324003,-1.37217991372561565,1.45418416798100925,0.30672336838082781,-2.52088657499206414,1.31785811132833608,-1.00495162241108149,-3.8788630921789502,-1.74851510956266099,-1.2728496359660153,0.616948074443269046,-0.401166374620905319
1.62819642755395222,0.747593918367589705,0.875047049474864003,0.655933261534751511,-1.69420084575854557,-1.75664115607744153,0.0756035211921910061,0.579206463986640108,0.234868893118866301,-0.229278900443997458,1.10261251851587994,-1.37133395697940541,-1.61543625331257701,-0.415008919182004443,1.07095056087368401,-1.89219889489535031,-1.06454959143485395,-0.83300724455341324,1.31191743763128699,0.0213229017575969973
3.51896508917935602,0.487666299162359373,0.052835275533670914,2.29404423322927586,-4.48992865898552829,-1.32303060952787677,1.81950876683047946,0.1651358455282535,0.148347722329715992,-2.11427882257104116,2.07226649375715333,1.35699550159916549,-0.390241973559738276,2.71825560639632924,-3.34228087933546769,-0.29237711650006587,0.953767647770791593,-6.41994949864087427,-0.206335580945490482,-2.83339767745433369
-0.199282122842291409,1.54580554303679585,-1.66713911398931591,-1.22291550331812848,-3.26371899998377923,2.04159250475251097,-0.122262166157366334,-3.69552222162091493,-1.95506835002820134,2.13812719597987577,-1.6827865485453819,1.75674451656054798,-0.827080044121138558,-0.17625321520121548,-1.20263907506262746,2.45015580365268892,-1.17537405053359345,-2.97909772666178041,-1.35512956867498158,0.807914865169588992
1.66778975012965458,-1.40530462994044969,-0.363672870817303484,-1.27695518849360568,-0.726923643885663218,-2.28604304205159936,-0.511921213014302379,-1.32387347078059459,-0.641283676151919391,-2.0862759796772905,0.24273011877175063,-0.921459851322916745,-3.58122948335871705,1.39127539337875983,0.650021211308030478,-6.82752288672269092,-0.158298142468089903,-0.506682728764030754,3.98321109581191557,0.841635215069631237
-0.176252181049424583,-0.303545696049670688,-0.151356805544140244,1.53174389735797134,0.835515057262401162,-0.641557837804634823,1.09354343390573616,-0.0904872430234026637,-0.673170332755711254,1.08540661857674725,2.1051050030470968,0.606772616317745594,0.448904794105044358,-0.1397387129585205,-1.31182960208457322,2.52461286311501043,-1.24259312851184678,1.15767910317257305,-2.13581282236261716,0.976914104100294445
-1.150903566476706,-1.0366390607173479,-2.48921772425714316,1.61593083947889671,1.89552973784445289,2.53737784801809685,-0.259334012723298202,-2.11251247042197265,1.19633607570943146,-1.2167620438548461,-2.30372562611697429,1.41367717227680156,-3.43266311604428331,-1.12798524572320336,-1.22055402906436994,-2.33929379497855772,-2.70846432640581192,1.83705463378452172,-1.98723829840975763,-0.40334023494362109
-1.2277255708357151,0.51914656520185587,-0.813811046528364002,1.41499931414115454,2.49802776456381359,0.487083249812469476,0.368917656528542359,-1.18461212635629409,0.496819706234494118,-1.03444068341428386,-0.752719616729078833,0.704084907571356111,-1.86302779923302042,-0.100046670036264995,3.49724916330238189,0.685535095708931896,1.05283468177063533,3.20035871188646004,4.46679686386665953,1.01977490685840566
0.973883563147403541,-0.680796427226488809,-1.80465992068476089,-0.876180796619138835,-0.98863600391802342,-0.797808097703049945,1.23772249359129072,-4.40224985698119564,0.138818763427079606,-3.93754692959708796,-1.31706738984090466,3.7956610990581261,-3.01031303646939774,1.79363020945032714,-2.97064933071149584,-5.68863607580972452,-1.60696615709845436,-4.25352442941255671,-1.28300160303280109,1.22253050151961484
1.69156854969413706,-0.434419900310896057,0.232316593605351035,-0.371697419737834711,0.0088407965462501837,-2.62097457782199994,0.957265275256204862,-0.544647204176037514,-0.470682294682858327,-1.66336481702224015,-0.376947669190440204,-0.90070297778098185,-2.35021513293559448,2.09440302986647398,-1.58744766341140164,-2.11743683810715888,-1.85115404168338893,-2.96647623970385022,1.15179838811824964,0.226623065580840749
-4.25229605497904029,2.13121817286994775,0.538133469784181528,2.07085627845589837,-3.94039948361566061,3.13472493039884359,-1.89379225382174643,1.60663982438723663,-2.24055549888043348,1.37632909471110021,-2.52983936563712719,-1.55994121718561707,6.12553910509357635,-2.62103856030232985,2.62533902820292742,3.58537967385841005,-0.00148283818904653103,5.77306519457806466,3.47019560151809392,3.88654738635515784
-0.922323413416798688,0.433946152395905504,-0.11384497033385671,-0.147468347311947912,-1.14226025877627846,0.684732481930643844,0.483686602572132085,0.274347989881077337,1.06848114793010129,0.0900199171072673388,0.0659064604432873929,0.18177470718279487,-0.968157311828029221,-1.91426699950805324,0.619643643802760935,0.448344886177618251,0.0919486138392897889,1.32949654456857735,1.03215634653967947,1.40528591863330998
-2.70224042206802606,-0.891582926696367517,-0.561440739267556665,-2.21384499391555245,0.020747242111996498,0.718084154240493655,-3.25484619695641442,-1.2001604362155327,-1.46741337442258857,-0.603831645956351859,-3.17889121131221319,-1.63730529065547592,1.84563499831778821,-3.73373202570910356,2.51283863556954357,2.51182958245491372,-1.62559291129063377,2.78091973044142016,0.177776139749427992,2.37049221064187421
1.28811645040027778,0.700826934188988449,0.459116105861546109,-0.886610672376483389,2.4742880338491493,-1.85610325411708943,1.63575720672489711,1.10460393567857573,-0.744619724356584856,0.931319795505927694,-0.020297151858064702,-0.569804964668039204,1.33227931457159698,1.47721657209630264,-1.3033423838750795,-0.234520595998358672,0.322886738148236818,-0.637321797861203576,-0.885116696282610582,0.80569477763352948
-1.36437823361254496,0.975016571181726466,-1.27225832200406397,2.12367203913262026,0.911022175973702719,0.903905240939626209,-0.868792255833223059,-2.40993528748209851,0.539492970373830372,1.45164494552656786,0.458267707808026503,2.99209497294986315,-2.46972714212220312,-1.27192768536440259,0.827842214759509809,-1.0251863883011969,-0.747813834012144629,4.23162682520827804,0.418151827981867841,0.439562483736991694
2.13313479634026359,-0.396662271934545174,-1.51093870507286065,0.942296180758777968,4.93277703862385408,-2.87808921056811595,-0.444879769005321613,-2.18966675306559555,-0.449282716232070112,0.0549135120665744034,1.42034621400454664,1.51594403632891028,-5.59970789570057903,0.94546576163279461,-2.12982090124927614,-3.42738671730859146,1.48582025132348861,-2.46698819705878325,-0.23607784667398049,-1.32992677477015708
2.36498533308351044,-0.224199770944045945,-1.44157498265685824,-0.158717627039332565,-0.48834490595843999,-0.528498130161475843,1.65154278010108468,-1.44622764902972167,-1.88917557623133625,0.641111778989341907,2.14386145919098103,0.381230673807269882,0.564840327799763009,2.20542030104080888,-2.05570997925419219,1.06961133278607301,-0.814379027572740277,0.0843598552602643215,-0.678806634687886823,-0.833911109133226081
0.99524685728126272,0.331106285596396654,-0.600951592663463208,-0.608044665419544494,-1.7258882620444036,0.177631197861473161,0.0401742874588581975,0.437670816042449451,-1.05549672590978405,0.5012460613608134,0.905404063450529262,-1.8395049191931101,0.59184981093139799,0.176953012969499945,-0.681793452342431605,-2.44419199873760196,1.6375449826150652,-4.28348306664365897,0.570424757549657602,-0.132543837984801932
-0.19668710175268575,-1.88957042177596302,-0.207651333734826582,0.299646233189685363,2.44664669551229608,-0.567158064238745263,-1.1335641182129621,0.589708848977824496,-0.684758292666746482,-1.21732885033959071,-1.78511301761727159,0.304781457834232161,-0.97028199407755733,1.04434556446949167,1.30354695469205661,-0.151243178897561559,0.0854976099712335125,1.75700840583935514,0.763063415967426106,1.53007783828463984
-0.0342281854005492894,-0.871995842627969808,-0.0551629569938877282,1.08783791251884554,3.93512479025030748,-0.431203539230964938,1.0273353532603402,0.472815610616922899,-0.652641142381784167,-0.393387238667802508,2.53228339083888576,0.399924990049643325,0.953661500595389011,1.78582103410172066,3.721666458053563,-0.329518899640856344,0.640717709118330925,-2.58591475926949688,-0.872755591903894734,1.59647698829599527
-1.83357878678420239,-0.964018192605056279,-1.33707511339961704,2.06158992726888934,2.32234479945792982,1.43674553858065379,-0.812519657794514627,-2.36889822623680235,0.985151605449723133,-1.00265486721286012,1.04899482427848989,1.30273131469678627,-2.16834342923734846,0.030165534462927461,0.973185593478875788,-1.31131742684670183,-0.721639267006849439,1.90913837115743901,1.80331628991942061,2.66064911272876348
-2.83107026304042408,0.818520462735438326,-0.447179693474831663,1.49972183997518149,3.34397957723182371,2.07513265604893382,-1.07380839735578149,0.197302276604404386,-0.60675755625056238,1.20037038121849293,0.289091161455445333,2.38322009648568756,0.734644222503382793,-1.72477408918500541,3.13172236652149438,-0.00714500357525474968,-0.136008348356801284,4.57576365094284476,2.10780801529538042,-0.514360912906275725
-1.02008208622966601,0.69956976115821623,1.51092678056696839,-0.982171589358344588,-3.3314875505354089,-0.102946116643701013,0.58608983049018637,-0.424734740782999276,1.26725941212068438,2.51839038527074299,0.39377038930290198,0.115300695649097881,0.584760985098239483,0.977695450786376985,2.67201932608468162,2.08564203182941732,4.84144083048934704,2.7911237033972891,3.31858297912760714,0.510177082035603413
2.05638317046435759,0.40769944090660365,1.77091593423258531,-0.8260567767571112,-1.95225717378062069,-0.435634378999461336,2.5493452770317746,2.24601842714951383,-1.44822068587862818,-1.71318617399505935,1.99399531126257434,-3.97839821146033579,3.03899992269565544,1.87857795601858513,-3.42964233934081486,1.61478758767267672,1.95675987643287819,-2.5212351961035897,-3.64889975856868976,-1.39463750885226356
-1.92241181980039721,-0.614893733037924495,-0.0230948260842875341,-0.144000824005604572,-2.0559642027319871,2.42504887935821634,-0.244159913104354809,-2.53760354584763981,-0.304474252868505435,1.83252720956063531,-0.130656043019046181,2.2655374289123924,2.69076204358337101,-1.30192510771079184,3.19987313968575826,4.29613802065986938,-1.3639060770876239,0.1868882944171186,-1.59602492467546231,0.967236761240312992
3.85826504646149937,1.03580241732086331,0.994737511961922838,1.76585363400843276,2.37047400786118434,-5.62490681824476102,1.10222836317071615,-0.449428793789765912,-0.628349224607193557,-0.396554578294822713,2.19567316984415095,-0.500276371534299269,-2.11184273665407218,2.50233633094199748,-0.384369412178197312,-5.99011947080537688,-0.654050466595984759,-3.39669273938149407,2.38487229410161783,-0.386532685023089684
-1.21440236235315502,-0.614840553828493341,-0.76022308321506149,-1.17793387828647345,0.025283435893155369,0.581254761628596683,0.367681423224548887,-3.06680539704405408,-0.0371114814131258269,-1.93056276752148892,-3.33817673091080369,0.30689202021244838,-1.70855392059202971,0.463648524806673068,1.75318818092667561,-3.93075608504840091,0.492928559952102996,0.716314112073796583,0.59244957505262652,-1.38908497878142234
-1.61257133799590169,-1.13240553867799254,-0.106761479236284526,0.712719666796768903,-2.15411392685546543,1.0246713939903811,-2.69356742239851821,1.86644033762847328,-1.13845070674014393,-0.187324707858315592,1.21535686542154031,-1.36001071930131401,1.38982439701794469,-1.06425621999905262,1.77518282986316178,2.43843334427372715,-0.434708450514211642,2.73275824664274669,-0.725657320323501609,1.55253546659921415
-1.45160541985645652,-0.836352655634143405,0.476912976563052204,0.333537303514711114,1.61355858079935865,1.03200371603852226,-0.726173359259016049,1.00313536121016189,-0.771031007415887926,-0.950620915006839984,-1.14922938109100081,1.20107076062852736,3.09276370803901779,-0.201497723316062527,-0.0302353886850069593,4.48238650028560937,1.28923843568248264,2.08961391620366843,1.2207225032610638,1.06413133780217151
-2.04332627970776359,0.792935331763388707,0.690519063095595076,0.358255074550372921,-1.39558375512938615,0.531718732906383496,0.832454924790983264,0.695490220637028367,0.171162130685731745,1.30827220746381045,0.588802149678280151,0.00664074669273627492,1.88109925012451473,-1.38456936321164026,-0.00301906467040498555,2.16083810034082591,2.5867775200243357,1.36769189406882075,-2.17754217558500951,0.504525629245185736
0.350859136285945616,-1.92405742359782517,0.614805038102318346,-0.599342684290628758,0.636442644800066848,0.853050461314669217,2.11620359866865915,0.513653752173065636,0.872135284765386043,1.05131677833614234,-0.521148340212603589,-0.636271663304449842,0.665719842176948129,1.13356900369947544,0.120144586995759306,-2.55152100458587672,0.685871394439199977,-3.05869874817982268,1.25308768932478709,-0.705884855773098785
3.18114283383530738,0.951048094039961489,-0.648929758775977361,0.276840149344442621,1.83876144559187238,-2.66102428486283626,1.90081868649169783,-0.2831119048497448,1.01124033937336022,2.46706184803072093,2.07646265764341731,-1.16968260702785321,-3.70046561224204362,2.25142206228814157,-1.1131239706374183,-1.15602440311123322,-4.37101366817470627,-4.6196592344013041,-4.61924416025393558,-2.67899384355896553
-2.70010322895873855,1.40196204845746908,-1.20048689666572961,-0.553653954512057456,-1.30252288491660506,3.45831089618893373,0.0507869859066652149,-1.36304977402126881,-2.61733507251699482,0.886729732986615393,-0.490638679799980937,0.629214028041684692,3.17846515445436006,-0.821594304545195442,0.426497854824778477,3.48032615486179386,-2.4328010343658848,5.46242983121936465,1.26891595319416406,-0.681053527397598057
-0.982989092228291006,-1.73640963466068388,0.356094379010816364,1.20203644449132918,0.210618576635841603,0.577173381968940857,1.93997479362278313,0.776914717384483922,0.512739051820854996,-1.81238396075362074,1.33690111679236279,1.35057089301028865,-0.876336667072628028,0.393131850473080302,-0.803313037117555195,-0.395610647520832026,-2.37084320154174444,-3.14907177587101827,-0.719279419222438987,1.25520534738760348
-0.457235118452141043,-0.932706055524356592,0.363006957721202728,-2.81787893064636608,-1.62895960128220918,-1.8287499677297312,1.44622772855628945,0.196254369353375063,-1.84424201978059221,0.256913778226798672,1.80798378501805668,-1.43851178672883329,0.614921026909098889,-0.460153090561419231,-0.003964947062286844,4.59409497324047145,1.69852621483667865,-0.772375401036158538,-2.51286267917223283,-1.05693581262236647
2.64792915918826655,-2.42855734784290167,-0.171203977211677572,1.12079389008403663,2.8622719819556659,-0.491317380229815193,1.15442866130207955,-0.467565813783180184,-0.864055182544112288,1.35822171785899437,0.371077425929361215,2.02251252383169966,-0.868616467444341844,1.65486549223576929,-2.31629040552641374,-0.0308628443849529102,2.92029891636393923,-1.84698777384404433,-3.3705984929403332,-2.14868836016409936
-3.02540392079057741,-0.0437960063691150148,1.16987598766676526,-1.62304807223286418,-0.538337517649454256,1.88378357449335065,-2.14859874808276041,0.0840967304283455619,0.0482487681140325794,-2.2615174806223477,-3.92026151514389154,-2.33926302667146091,0.696243359555953623,-3.65876179086925868,1.01408858590086992,1.85389137045828178,2.33931582884960765,1.51498348964203311,1.88526737457143123,0.997273847857198859
-2.04020750709704268,1.96329363774324861,0.631558164025266322,0.370819854922221914,0.163596450535638094,1.72390766794076034,-2.67882857874428693,-0.510082633969493382,0.488909027771683324,-0.507343389841146464,0.333624401074881116,-1.06945233869942591,1.32493731505356438,-1.15776927923828277,-1.26842736804865197,0.341304509764234265,2.20902788114826265,8.84244308535546963,0.374760657390305174,0.562471621900170193
1.51847548508550312,0.40144514294775574,-0.210511032194089981,-1.19746919118523643,-1.83378706775929312,-2.37113608424361066,0.176981977506317639,-0.191613852765048859,-1.93305342025405924,0.357228595761700018,1.53364867130573157,-2.45958690314069894,-2.10751929420394246,-0.102820366911910169,-1.91906601747543726,-0.705423251150710251,0.854353236510586145,0.507618408273414312,0.169618182111884425,0.0600969314667212928
2.76329936566074919,0.987503384877706947,-0.849915090578879706,-2.64414989090608232,0.823712877040143066,-3.14441824517245427,1.48113479228584599,1.07640367008153759,0.322031348195129685,0.251860041273409219,-2.348372905587087,-1.11351708294543816,-5.83593179498473891,2.73340230380086258,-0.539790023091604398,-5.96145012830058629,-1.93714807505421782,-1.98307140681962646,-2.82474005094427039,-1.98899913192921418
-0.540221743792544284,0.474370523779989728,0.536048104169434159,-0.471068238689358099,0.624860982880792948,0.189581980932283345,-0.24642324548086908,0.956958166274574085,1.38138422899671776,-0.718080281551114141,-3.57241621817383681,-1.14655054031126635,-0.924120060291061751,0.135359460254641351,-2.0463590657909152,-1.31321739109131608,0.498612259431155724,0.130683336099627206,-4.41427719327198442,-0.416490775295960514
0.46097304296593633,0.468593625870418695,-1.57295771372185134,1.49678064789159371,3.74490463487540115,-1.05343720031283961,-0.522478971995116614,-0.187282323116315597,-0.606383001725158355,-2.08696721843323463,-1.36427744080963009,1.07640512713678826,-2.53121836210960982,0.2645529983073866,-0.931315058222252135,-3.13396744349283507,2.36752613862945749,1.60820926996660485,0.843397874124747871,0.209530960139597683
-0.753907096386464137,-1.81741736117000019,-0.708344501560541517,2.05581767809967264,-1.76724641369839808,0.965715842578822814,-0.774420051492169081,1.08246295210752086,0.809279792134878995,-1.84925970526381866,0.124271933126538586,0.726426924969601928,-0.286903280516666859,-0.645727238515628077,0.264663035448569228,-0.356201219049451623,-1.65774607331860624,-1.16386080983740814,-1.14789598733302478,1.00070595168602461
-4.88878979416740567,0.341263252471429357,0.959909299241123892,-1.52803321623083566,1.50206257175604807,4.33771278419640005,-3.51052506346634452,0.729795818677037578,0.379081326479839609,2.31422661988618517,-0.855899131327422236,-0.887939689152357881,2.08179330380107652,-3.06384420128409563,3.64205904762443966,1.69883906027411702,2.1181250011586541,6.31116270978977401,3.71838776176808139,2.04896546186800954
2.02128604146051094,-0.795526498729678733,-1.95749016104428719,1.31158940497238752,2.55429361368561292,-0.905885315241338196,1.50331196325434036,-0.556089418075558228,1.07524232548755649,-1.18201181328710647,-0.55158005640161023,-1.53181193047812525,-4.84062802494664535,0.695276979152587127,-3.29060787223928042,-3.2003413653303836,-3.6052079012814704,-3.8639856500305183,-1.32261358534311735,1.20967815573039017
-0.398539370981952967,0.185322629866016331,-0.342885763406340749,1.16914378557633425,-2.48511810096474628,0.933101477311844563,-0.700417770434430653,-1.80230478702368324,0.318481461910259056,-2.82151148843137811,4.21778443761288724,1.67293053559564608,-0.407732065235008934,0.898272475024713857,-1.0215785107666171,-2.83392414096121836,-1.14563091219444102,-1.39463670952961261,-1.29184653438282626,0.659928186520814086
-1.49986857510797122,1.09149607689760142,-1.92035342324301839,1.72087848425650281,0.91505615260862061,1.86431550104557453,-0.522277226299195374,-1.83164499757388399,-0.783358159920342079,1.67929255611532202,1.76041398959066941,3.17189254040405766,0.364288481527393404,-0.667101572937905618,0.00248589956593035745,2.69031746704328834,-0.186294667061045083,-1.35967338798669823,1.77190579058021314,1.72021605987395487
0.590648038694485678,-1.19033245348273198,-0.729770079709730068,-0.830535101779391161,-2.87732748432236196,1.3234812503754172,-1.01477595839976686,-0.286159718435121724,0.765916235630296316,1.04127382345682529,-3.55420607462715177,-1.43884432612412017,-0.0770763747198160154,1.39836993675728327,-0.365555785408894662,0.567100008116332099,-0.328745782043501411,0.894771138465821458,-0.671126630060568274,0.686924853010055569
1.47359036432153911,-1.11005832744606092,-0.411880053915626321,0.685400084739322457,-0.544330815911829413,-1.20403370932088216,0.980794240902788994,0.170438881537488263,-0.957606346011361742,-0.941687570908351979,0.722064379329657169,0.579274876601923561,-0.339503787126740453,1.03228313296313123,-2.93645509211189459,-1.01388843641898219,-0.594849522136449038,-1.8833473666601972,-1.65345774552747526,-1.04850041501602798
-0.610617655115584079,-0.548397138846316579,0.812671879745447967,-2.80508301038652119,-0.640630853378013843,0.0284358984362909767,-1.62535074146715686,-0.262853300890367236,1.08059403287054701,-1.86955888337908926,-2.05977491299935878,-1.27751676987904061,1.57271545136492774,-0.169344648202325032,-1.12951231579113287,0.908506010831949595,-0.778418178534393657,0.557370558671269944,-1.32242891348482772,0.291609159753389136
-1.13274336140410647,-1.21460697023578046,1.5019487916773806,-1.5799218645280082,1.00925378701044588,0.285391865213217855,1.59048379285254371,-0.0389760404722393761,-0.814387844417731377,-2.37820813555679411,-0.78213667309860313,0.32931112924464212,0.696736161847343105,-2.154176747659311,1.76285422029497973,3.57230076225470006,1.3630966881553046,-2.5379195759963431,1.05633833928581899,0.20448060855535094
0.771704827773880053,-1.28075017469376706,0.626773957649350733,1.18805515797689165,-2.60037227536331361,-1.3462955324916317,1.39587246824866784,0.778172414188318728,0.751149646996095433,-1.34814342448218216,2.88681701152837178,0.911711988978188281,-1.50245494797035151,0.508981272426891396,-1.16587989406163395,1.89782569671319723,-1.99572061774810905,0.280762474266462447,-1.84754755850102614,0.700419030085702943
1.3910909533928697,-0.370841103683508755,-0.0833418962452753403,1.07996897852904694,-1.02770198956103442,-0.863318941925485084,2.16307864306358422,2.91968873076994395,0.564208188680395906,2.84287037004440135,2.30527613733382664,-3.1995808760094242,1.07640280535780208,0.518529883757315901,0.0651297293274363254,2.23152871753586535,-0.210993272483028321,-2.74964515406766186,1.60187724515944097,-0.147786851224041255
0.855352912354962802,-0.00910971061220068774,2.06873633088600695,-3.08695220932832859,-1.70000681336590209,0.15558347465067493,1.21834601495059736,-1.13110265893567052,-0.853980739995434335,-1.56408926056961883,-0.833976868274887484,-0.439988273476076108,0.691231931371560027,1.05674946389948876,-0.354776196040930969,3.34704901406882138,4.17436964314352288,-2.60850232394707682,2.41900585599621554,1.02501326084436517
3.35217550017382182,-0.342155915474817884,0.00495195563623842833,2.6440982695869808,0.334658819552075604,-4.42241983492669011,3.5531768304964122,-0.433277149082419599,-0.279049840586751585,-1.05701948385098254,4.31577735321415101,1.9034588040012701,-3.11816413587192098,1.98244289258086881,-2.37490922960764905,0.67821956286731,-3.46921251467761138,-7.6496299127459837,-4.79292445897265829,-2.27202714621059343
2.83930356779007687,1.29076547223619897,-1.73895941336818938,0.122008963820298744,2.08151339067432684,-2.4717924018372055,1.51921305359139303,-2.64078750974004794,-0.483099809633437349,0.880614273398689806,-0.0870458119882109166,1.33075802799539655,-6.2278559894905543,1.59295221432999967,-0.116073358211423075,-3.81088759824278567,-1.51920666845624974,-0.209093663241236599,1.47707261508190735,-1.37876564606250773
-4.00018230212302406,1.04990551309574176,0.0443256527764785621,-0.583295442662325803,-4.22143948196185725,4.20299982783459303,-0.371378959348222071,-0.335984213918017194,0.556964712230845094,-0.37025479999015587,-3.66012321873491686,-1.72767859145674696,1.87865103546098866,-1.70570206211904463,5.36771817246477578,1.60902045983997355,-2.84224286247633984,2.7288807694252144,2.6779667481460514,-0.307318671493961415
0.379566654444732865,0.364408905814333939,-0.567530733819355038,-0.519856338884172486,-0.0971227248082416339,1.72495094981208452,-0.356191879978097536,-3.12150342526551849,-0.447112942596087803,-0.74435791052423006,1.21573996518549876,2.06813379203048742,-1.01472282096727318,0.887455790605999661,0.435335163639354095,4.65304722094038681,1.79204663311119283,4.93529558814344504,-0.78863371328112486,-2.01238281013494369
3.79681511404282102,-0.121434731354491662,-0.779934833208766554,-1.95775827523449353,-3.55286714945043913,-0.5134341082975451,2.00081582482709841,0.102062588980115623,-0.718387498144985925,0.125247341527867206,-0.393576408027764446,-1.95720590728732513,1.09881096684091539,0.897375373325053238,-4.98097270889783772,1.77497209452505378,-3.30807758949928754,-5.44725160201768155,-1.40415392788923055,0.125082170986363983
1.24842993353859577,1.43396003108019965,-0.0725314927479864674,-1.6714583139583048,1.73872313798493061,-1.16999963373515681,0.698135061009679592,0.419888651358879872,0.942208979156340276,0.930330997577309859,-1.65770075783547322,-0.658943584272839389,-1.95128834870557455,0.141849773207526397,0.898664906107388695,0.370135133311916054,-0.108648918258826929,-1.9568332158031716,-4.29613291316129331,-1.38680719215103943
2.58344242707075233,-2.07454825779841734,1.23845664267972433,-0.339712960643810902,0.830342514528698117,-1.2494100266817969,2.23844564008539759,0.50860770772371533,-0.558208666938743492,-3.15003930689544553,-0.266815597165457496,0.184695123322048377,-0.813229802220487907,1.19450873884460274,-0.334184043841229184,-3.76618435679462404,3.26190226244439518,-4.69138715734838208,5.30755154429753784,-2.64243410013095525
0.528729240794389654,0.279231722539106608,-0.928751530434118955,-1.85584724310597071,2.93670583333431257,0.775416049659543916,-1.27916244160179171,-0.614686151370850586,0.122530180350396145,-0.0676213291515539855,-2.20380142040181148,1.60229986453198858,-0.507671707225923918,1.08003182169491541,1.25880938565121991,-2.24552606061523408,-1.36038093507569746,0.00310482325156447112,-1.08798121347608934,2.13348776400893225
-3.4987321624498362,0.66502328642365427,-0.695363123811514439,-0.604487532824375839,-1.8625876243177435,3.95846611852934371,-0.993917999347360581,-1.09221909284294671,-0.222737792540631252,-2.77008417756529512,-2.68912035706295827,0.966053614171499486,2.39994081274579862,-4.48989632759652135,1.85046118949488392,1.82637239415170449,3.0289755947187591,3.4784333101955105,1.84487625773911623,2.32267843496525028
1.70882742696267331,-0.173390856306777114,-1.7250404121928673,-0.441340762395632025,1.13805955766757783,-2.48849079824963582,2.23992295748954851,-1.06913032811402964,-0.630115784153317926,-1.3212101023921925,-0.930020230390342761,-0.829840962569929452,-5.10665904995508857,1.34781374318487512,-0.630062329684603073,-1.68624230484533588,-2.58618801952337884,-4.17460914652045112,-2.37114426666100409,-4.38403795249076378
2.15934757187567783,-1.22274823177773895,2.76291833450491264,-1.18274493095747668,1.31347955168785191,-1.93325932260675426,0.543080105719504158,-0.132242709280079779,0.50569733691459462,-2.28375392744635386,-1.63814912999978257,-0.501950899065616629,-2.44735381914289807,0.277122585905387964,-1.14659912483185411,0.0228074207383826243,0.0339306556406338625,-0.579738566552544521,1.37371756007801116,-2.68177183601612867
-2.58380231148916772,1.26984676416038988,0.760202778112453625,-0.865024088202448804,0.755120970260293567,4.21492757471813473,-2.03834032428972334,0.0393555390950407757,-0.118000682342121493,0.265529695022941103,-3.03630528867739358,-0.406357905616673509,3.87332234172453838,-0.95379538219969151,0.240336782278815747,3.05779741043985354,1.20174116316919655,5.34449241481266224,0.215308023875377036,0.507948758413311663
0.0530326370070478073,-1.23855573434961519,-0.666966578881556305,0.267765634472946268,-0.684342747807768159,-1.22316565168532398,0.640181828585579815,-2.27719702089170228,-0.397737898207290719,-0.0103404786370344098,3.12434831574194805,3.80104279586872051,-2.78578083094626061,-0.675482306093126983,-0.841238392902938448,-2.49542859917127258,-1.31660525659272798,-0.0639556501966540014,1.65628468075468671,-0.928302152828244909
0.423335315495825593,0.601006283623885751,0.2749363022857223,1.32971660188141794,1.701657763955988,-0.54106046012239728,0.665633234425447751,-1.38590895924631385,-0.00965119309483638589,1.49559957713037162,2.3042488437592672,0.287467777323807516,-1.42309457072044165,0.789787657536250909,-1.51652115515258612,-3.09036970782166431,0.687195961639067376,-2.45457694925335579,-1.76508482116031451,-0.08439548911945155
-2.63014805198926949,0.447113810775351173,0.15182390189866074,2.80453669391368399,-0.891502579370019088,3.84155465814033725,-1.98360531500215376,0.522731863906680139,1.39764979216392615,1.96435390752296457,-0.249800394301017525,1.50659191386642788,3.24495981607873007,-0.762599530180437135,0.387146601913440858,3.85842066558669305,-3.05299224516076606,2.05929881586028385,-2.04600595119509832,-0.0572526009835446006
-2.52469331679023146,0.819270139891199123,-0.65583534201684146,1.61882260218686458,-2.09380393291207501,1.46609587582214362,-2.89014825948786092,-0.316040922054998064,0.270333842823113513,-0.33439399435329864,-0.944147760238040368,0.339618852724040632,0.220766574763385209,-1.94357652109413936,1.94560425422624284,1.23099659241187465,-2.104400145432479,5.1799567281517529,3.1002964342084729,2.45464073894111623
0.358100440402560449,-0.267545773160236977,0.388674249079756617,0.515539242135318432,-2.34875053746358731,-0.561799818394482564,0.0869645757664654073,-1.48354330463594342,-0.831831437635509041,-2.56293604444154255,0.44300356463067353,-0.819135067072488066,-1.7979897889087848,-0.515732557803414093,-2.05304423957704474,0.394798405533619279,1.43764171396699991,-0.645601730937521268,0.754812476078429051,0.992704088027074438
-3.15841656597776188,-0.134736837155570555,0.571046166648287001,-1.35439996420429387,1.72450886305727447,5.00597440669848304,-2.0643652731166573,1.00386672650447184,0.0693053846819794844,-0.359671119118610993,-2.81016511387883972,-0.327174688439544115,4.19370660716775312,-2.17740850970367728,3.95616716352930142,6.60020063333996898,0.647725483648490696,6.38532159218115414,4.89969614717050206,2.9764549498564099
-3.65143001438373371,-0.728374554064908253,1.71609783128144389,-0.450684579839457977,-2.52460136620493891,1.56981244892785798,-1.22709541068511196,0.444907327786252749,-0.819918586272855743,-2.47640806234618127,0.710451820648282384,0.113898650190744771,4.07677114960056652,-2.44972055366260433,4.27487597220920534,2.60136642602270474,1.30958860662563348,6.98984403468594451,1.63412355120213149,-0.570969280571654636
-3.78779960733863863,-0.515306644495234667,0.541565453795097018,0.125249626368885925,-2.20892772277178961,3.56621789724018479,-0.742876546301508345,-1.51081333669750539,-0.106653848694281184,-1.58678607814864092,-1.85314539292665525,1.97488839131830551,2.94649204882213311,-3.26835122130964439,-0.977881609504880567,4.38233200930878919,-2.36765684039188473,6.38157846129638884,0.913032291088963111,2.30622115735046007
-1.13435984301696968,-1.87681533290648361,0.879720527168872946,0.0880239963342678566,-2.05590550800179672,1.09742397168767747,-0.722432102661946129,0.613230562300274062,-1.55482725789025134,1.76885909350884019,2.19377832443727083,0.188764046274770142,1.95822550328099121,-1.4244582973225226,-0.467720647186625593,-0.845800724643757662,1.52192504094114578,1.51126864733685506,-1.25148345338360834,-0.0841903359937649642
0.524890280538046317,0.142952030360691595,0.700905096798763227,-1.04927639456143673,2.14612249217919882,-1.42907390504884924,0.279209140396806055,-1.83044213467879846,-1.41316708896091958,1.80805478543786102,1.5291460778818089,-0.194142922979931604,0.3456006848246026,0.0365155674650717993,1.64171507853044796,2.01948040228414261,1.76263844165031469,2.17820667048711192,4.54416164073166229,0.588184014795948507
-0.232558104542074068,-1.39003351634449124,-1.14114723492872083,1.59989960469244363,2.39555424436792963,-0.294977004006651278,-1.40541745250067196,-1.67409394618502549,0.646733054423937359,-0.132908533981530796,-0.932346292595765291,-0.027716448594808641,-3.14612112603405025,-1.13647281921372034,0.661817146881422347,-2.02711701321323456,-2.022681797340113,0.973288532718202259,1.45213713606077177,0.169575275189413677
1.72743221662799695,-1.33392149681990979,-0.371764952527555592,-0.756673800059281532,-2.12422449190386997,-0.592386986694590778,-0.0475700051970915083,0.40970063149753444,-0.270943330672856475,0.131304531149604442,-1.06884313684238808,0.396769024792850644,0.54943185243186965,-1.0700802960319109,-2.91079742767514826,-1.51248680521975221,-3.79277537669018328,-1.73366811642117513,-2.99868564776384616,-4.1612515869269977
-1.25224451052256636,0.55083791264820281,-2.5768311474015011,-0.281810489768567707,3.68698761524679197,-0.240534248087897057,1.50656941011476597,-2.676865875243017,-0.206065855560256639,-0.281811663010367086,0.405440869366900603,2.28611389449952895,-1.98277251677029387,0.531467374488224675,1.76185694074270649,-4.01936686246282893,0.308677680601954108,-1.52568936290832924,3.40252965124699402,0.948107285378791742
3.9220808431861256,-0.271537053601701772,-0.293271020644755187,0.41640719683091959,1.46941947847257537,-3.76648493128048933,2.14799700071409561,0.562676745910960507,1.4772484681764666,1.82569709177161998,-0.829247133578020934,0.714507446646463817,-4.16319360296527829,1.75794705446937138,-2.36570799168388524,-4.90692435484928779,0.408177756491113264,-6.15078262863595526,1.45470075948278565,-1.62251807054158248
-2.35134771510008456,0.850764648491646458,0.569790134737281462,-2.35435413628300561,6.13215701919355372,2.87857602792540979,-1.27610550955531621,0.241646737825579827,1.59771475531921014,0.896387287179113201,-2.2089461276768354,-1.76400308427140162,0.0106089364485032773,-2.07023239262648096,0.659689661202993771,2.63663957294571816,2.07790840916262853,1.19028158876101964,0.0290715184493121129,2.11823610768201753
-0.208116554727460629,-0.0426908511022239326,0.840490614118735269,1.11464737763782673,-0.373453314441263562,-0.477465475951346696,0.617774007128697011,1.52253658418629167,-0.850335766021155903,0.137065940527690527,2.52929834895979555,-1.29112509542663378,0.596292686066325572,0.705712171119583509,1.61511955292768827,3.49799757203487616,-1.81890505324120255,0.402631444931912386,2.11355923124885425,1.18801784959294965
0.481233875968505087,-0.479759229588496483,1.06475157658591413,3.35915767399364507,0.572180234540028976,1.66318663922078125,0.95586288823865817,1.73213859682175975,-0.847263953870236453,0.853762644582191754,4.96766060689847144,0.114451655232421748,5.0314591075630819,-1.16010551988286625,0.800189225693957229,1.74216397379576704,3.13439521044767222,-0.0615864573833326337,0.956529806489216927,-2.56312977801614483
-0.986665967818193268,0.231470768710412722,-0.237316593330033965,-0.919698278594484053,-1.54738674694380585,1.73931587146144118,-0.305784288014617101,0.519044994851611041,-1.16254976330264848,1.07724586247693832,-1.95590190779832085,-0.512002727128717972,3.11081269215405065,-0.24243110881758248,-0.287316813287916972,1.56674161150070734,-2.24611434000971366,-1.8883649168327401,-1.84268676081158467,-2.11446863800710183
