method,graph,trial,penalty,fdp,tdp,d_cpdag,union_target_error,fit_seconds,metric_seconds,mip_gap,status,error,target_penalty,dcdi_hidden_dim,dcdi_mu_init,dcdi_max_iterations
mip_profiled,1,1,0.001,0.1428571428571428,0.7142857142857143,3,1,0.2410379471257329,0.0008964943699538,0.0,ok,,,,,
mip_profiled,1,1,0.0025,0.1428571428571428,0.7142857142857143,3,1,0.1770823458209633,0.0007959920912981,0.0,ok,,,,,
mip_profiled,1,1,0.005,0.1428571428571428,0.7142857142857143,3,1,0.1781781432218849,0.0008302121423184,0.0,ok,,,,,
mip_profiled,1,1,0.01,0.1428571428571428,0.7142857142857143,3,1,0.1742852921597659,0.0008006067946553,0.0,ok,,,,,
mip_profiled,1,1,0.02,0.1428571428571428,0.7142857142857143,3,1,0.1738903447985649,0.0007917792536318,0.0,ok,,,,,
mip_profiled,1,1,0.04,0.1428571428571428,0.7142857142857143,3,1,0.1720414012670517,0.0008028703741729,0.0,ok,,,,,
mip_profiled,1,1,0.08,0.1428571428571428,0.7142857142857143,3,1,0.1686937208287418,0.000797722954303,0.0,ok,,,,,
mip_profiled,1,1,0.1,0.2,0.4285714285714286,5,0,0.1655152291059494,0.0007670829072594,0.0,ok,,,,,
mip_profiled,1,1,0.16,0.2,0.5714285714285714,4,0,0.1656321259215474,0.0008027581498026,0.0,ok,,,,,
mip_profiled,1,1,0.32,0.5,0.2857142857142857,7,2,0.1628259969875216,0.000783999916166,0.0,ok,,,,,
gnies,1,1,0.005,0.9,0.4285714285714286,41,7,6.323769335169345,0.0013004341162741,,ok,,,,,
gnies,1,1,0.01,0.9166666666666666,0.2857142857142857,39,7,5.701420580036938,0.0013105981051921,,ok,,,,,
gnies,1,1,0.03,0.9090909090909092,0.2857142857142857,35,7,4.883852124214172,0.0009823869913816,,ok,,,,,
gnies,1,1,0.1,0.8888888888888888,0.2857142857142857,30,7,3.942719494923949,0.0012210658751428,,ok,,,,,
gnies,1,1,0.3,0.8095238095238095,0.4285714285714286,22,7,3.2086761882528663,0.0009602829813957,,ok,,,,,
gnies,1,1,1.0,0.6923076923076923,0.4285714285714286,13,5,2.7514473469927907,0.0008303197100758,,ok,,,,,
gnies,1,1,3.0,0.5555555555555556,0.5714285714285714,9,7,1.3222527708858252,0.0008972529321908,,ok,,,,,
gnies,1,1,6.0,0.1428571428571428,1.0,1,8,0.948052855208516,0.0008695749565958,,ok,,,,,
gnies,1,1,10.0,0.2857142857142857,0.7142857142857143,4,8,0.8457553428597748,0.00080345897004,,ok,,,,,
gnies,1,1,30.0,0.4,0.5714285714285714,4,8,0.6157760149799287,0.001064027659595,,ok,,,,,
mip_profiled,2,1,0.001,0.4230769230769231,0.8823529411764706,13,1,1.3695049961097538,0.0015022316947579,0.0,ok,,,,,
mip_profiled,2,1,0.0025,0.375,0.8823529411764706,11,1,1.3042100961320102,0.001468064263463,0.0,ok,,,,,
mip_profiled,2,1,0.005,0.2,0.9411764705882352,5,1,1.307255370542407,0.0014006318524479,0.0,ok,,,,,
mip_profiled,2,1,0.01,0.2105263157894736,0.8823529411764706,6,1,1.305811974219978,0.0013985531404614,0.0,ok,,,,,
mip_profiled,2,1,0.02,0.1176470588235294,0.8823529411764706,4,1,1.267705326899886,0.0013736533001065,0.0,ok,,,,,
mip_profiled,2,1,0.04,0.1176470588235294,0.8823529411764706,4,1,1.2304075956344604,0.0014119399711489,0.0,ok,,,,,
mip_profiled,2,1,0.08,0.1176470588235294,0.8823529411764706,4,3,1.1967238821089268,0.001365034841001,4.525548419510915e-05,ok,,,,,
mip_profiled,2,1,0.1,0.1176470588235294,0.8823529411764706,4,3,1.180602332111448,0.0013692029751837,0.0,ok,,,,,
mip_profiled,2,1,0.16,0.1333333333333333,0.7647058823529411,6,3,1.1772209452465177,0.0013493672013282,0.0,ok,,,,,
mip_profiled,2,1,0.32,0.2857142857142857,0.2941176470588235,14,9,1.1656297338195143,0.001251321285963,0.0,ok,,,,,
mip_profiled,2,1,0.64,0.3333333333333333,0.1176470588235294,16,13,1.162744042929262,0.0011631189845502,0.0,ok,,,,,
gnies,2,1,3.0,0.64,0.5294117647058824,28,16,25.99472542386502,0.0021265880204737,,ok,,,,,
gnies,2,1,5.0,0.5714285714285714,0.5294117647058824,21,16,21.403944427147508,0.0017003496177494,,ok,,,,,
gnies,2,1,7.0,0.3529411764705882,1.0,7,19,11.107007740996778,0.0028143296949565,,ok,,,,,
gnies,2,1,10.0,0.3529411764705882,1.0,7,19,10.5710879387334,0.0028046588413417,,ok,,,,,
gnies,2,1,15.0,0.3529411764705882,1.0,7,19,9.89385085226968,0.002948653884232,,ok,,,,,
gnies,2,1,20.0,0.3529411764705882,1.0,7,19,9.999147520866243,0.0027347253635525,,ok,,,,,
gnies,2,1,30.0,0.3529411764705882,1.0,7,19,8.929570784792304,0.002720340155065,,ok,,,,,
gnies,2,1,50.0,0.3333333333333333,0.8823529411764706,8,19,7.455400335136801,0.0021684346720576,,ok,,,,,
gnies,2,1,75.0,0.5454545454545454,0.6470588235294117,13,19,5.913037627004087,0.0028514270670711,,ok,,,,,
gnies,2,1,100.0,0.7142857142857143,0.4117647058823529,15,19,4.183141133747995,0.0019701891578733,,ok,,,,,
gnies,2,1,200.0,0.6666666666666666,0.1764705882352941,17,19,2.551390481647104,0.001160723157227,,ok,,,,,
mip_profiled,3,1,0.001,0.5625,0.9714285714285714,47,5,158.48799474118275,0.0048313308507204,7.621437564942574e-05,ok,,,,,
mip_profiled,3,1,0.0025,0.4852941176470588,0.9714285714285714,35,5,91.9570600152947,0.0046744090504944,8.79900332976132e-10,ok,,,,,
mip_profiled,3,1,0.005,0.396551724137931,0.9714285714285714,24,5,98.18067765515298,0.004578361287713,5.731480442769773e-05,ok,,,,,
mip_profiled,3,1,0.01,0.1707317073170731,0.9428571428571428,9,5,50.08656047284603,0.0042378520593047,2.150910656802007e-08,ok,,,,,
mip_profiled,3,1,0.02,0.0285714285714285,0.9428571428571428,3,4,42.04742783214897,0.0039510689675807,2.634632934551622e-09,ok,,,,,
mip_profiled,3,1,0.04,0.0294117647058823,0.9142857142857144,4,3,27.02965396689251,0.0042113279923796,0.0,ok,,,,,
mip_profiled,3,1,0.08,0.0294117647058823,0.9142857142857144,4,3,24.814037672709674,0.0039079790003597,0.0,ok,,,,,
mip_profiled,3,1,0.1,0.0294117647058823,0.9428571428571428,3,4,24.83717318298295,0.0041585499420762,7.437789667631128e-05,ok,,,,,
mip_profiled,3,1,0.16,0.088235294117647,0.9142857142857144,6,9,24.546874900348485,0.0040461937896907,0.0,ok,,,,,
mip_profiled,3,1,0.32,0.15,0.4857142857142857,21,16,24.44497620407492,0.0037895287387073,0.0,ok,,,,,
mip_profiled,3,1,0.64,0.25,0.0857142857142857,34,29,24.461719630286098,0.003624415025115,3.452134206369734e-05,ok,,,,,
gnies,3,1,10.0,0.4722222222222222,0.7428571428571429,30,39,292.1637579719536,0.1168958591297268,,ok,,,,,
gnies,3,1,20.0,0.3235294117647059,0.9142857142857144,16,40,210.71950191725043,0.0756340259686112,,ok,,,,,
gnies,3,1,30.0,0.3235294117647059,0.9142857142857144,16,40,203.8634603950195,0.0751451952382922,,ok,,,,,
gnies,3,1,40.0,0.3235294117647059,0.9142857142857144,16,40,200.31978869996965,0.0751333199441433,,ok,,,,,
gnies,3,1,60.0,0.34375,0.8857142857142857,17,40,180.0479450901039,0.2566848383285105,,ok,,,,,
gnies,3,1,80.0,0.3703703703703703,0.7428571428571429,21,40,144.825046248734,0.0646423902362585,,ok,,,,,
gnies,3,1,120.0,0.45,0.5428571428571429,24,40,112.33949101623148,0.0326976450160145,,ok,,,,,
gnies,3,1,160.0,0.5714285714285714,0.3714285714285714,30,40,82.61845615319908,0.0179031817242503,,ok,,,,,
gnies,3,1,240.0,0.75,0.1999999999999999,36,40,53.91135824704543,0.0046474640257656,,ok,,,,,
gnies,3,1,320.0,1.0,0.0285714285714285,36,40,25.976381722837687,0.0034893262200057,,ok,,,,,
mip_profiled,1,2,0.001,0.2222222222222222,0.8571428571428572,3,1,0.3133789850398898,0.0008328012190759,0.0,ok,,,,,
mip_profiled,1,2,0.0025,0.25,0.7142857142857143,4,1,0.2404627101495862,0.0007708151824772,0.0,ok,,,,,
mip_profiled,1,2,0.005,0.25,0.7142857142857143,4,1,0.2332683131098747,0.0007471921853721,9.509753801214404e-08,ok,,,,,
mip_profiled,1,2,0.01,0.125,0.8571428571428572,2,1,0.2337537170387804,0.0007534977048635,2.587960192143442e-06,ok,,,,,
mip_profiled,1,2,0.02,0.0,0.8571428571428572,1,1,0.2369611803442239,0.0007378379814326,0.0,ok,,,,,
mip_profiled,1,2,0.04,0.0,0.8571428571428572,1,1,0.2368918322026729,0.0007328819483518,0.0,ok,,,,,
mip_profiled,1,2,0.08,0.0,0.8571428571428572,1,1,0.2267360282130539,0.0007215780206024,0.0,ok,,,,,
mip_profiled,1,2,0.1,0.0,0.8571428571428572,1,2,0.2236191839911043,0.0007315259426832,0.0,ok,,,,,
mip_profiled,1,2,0.16,0.2,0.5714285714285714,4,1,0.2217783336527645,0.0007380419410765,0.0,ok,,,,,
mip_profiled,1,2,0.32,0.3333333333333333,0.1428571428571429,7,3,0.2195613239891827,0.0006768591701984,0.0,ok,,,,,
gnies,1,2,0.005,0.9047619047619048,0.4285714285714286,42,2,27.58265472203493,0.0012644445523619,,ok,,,,,
gnies,1,2,0.01,0.9047619047619048,0.4285714285714286,42,2,24.23369309399277,0.0012905951589345,,ok,,,,,
gnies,1,2,0.03,0.9,0.4285714285714286,40,2,20.0698960297741,0.001221272163093,,ok,,,,,
gnies,1,2,0.1,0.875,0.4285714285714286,32,2,14.89693395094946,0.000954951159656,,ok,,,,,
gnies,1,2,0.3,0.84,0.4285714285714286,25,2,9.879030254203826,0.0011368268169462,,ok,,,,,
gnies,1,2,1.0,0.7142857142857143,0.4285714285714286,14,7,3.756761942990124,0.0007742810994386,,ok,,,,,
gnies,1,2,3.0,0.25,1.0,3,8,1.132656752131879,0.0008485438302159,,ok,,,,,
gnies,1,2,6.0,0.25,1.0,3,8,1.1322618150152266,0.0008440357632935,,ok,,,,,
gnies,1,2,10.0,0.2857142857142857,0.7142857142857143,4,8,0.8765908470377326,0.0007327483035624,,ok,,,,,
gnies,1,2,30.0,0.4,0.5714285714285714,4,8,0.6156531162559986,0.0007800906896591,,ok,,,,,
mip_profiled,2,2,0.001,0.4827586206896552,0.8823529411764706,16,3,4.203937667887658,0.0015072859823703,0.0,ok,,,,,
mip_profiled,2,2,0.0025,0.4444444444444444,0.8823529411764706,14,3,4.241662066895515,0.0016617961227893,0.0,ok,,,,,
mip_profiled,2,2,0.005,0.375,0.8823529411764706,11,3,3.44959131302312,0.0013980767689645,0.0,ok,,,,,
mip_profiled,2,2,0.01,0.2105263157894736,0.8823529411764706,6,3,3.24038393702358,0.0013621281832456,0.0,ok,,,,,
mip_profiled,2,2,0.02,0.1176470588235294,0.8823529411764706,4,3,3.1428687791340053,0.0013432390987873,0.0,ok,,,,,
mip_profiled,2,2,0.04,0.1764705882352941,0.8235294117647058,6,3,3.1210244400426745,0.0013350192457437,0.0,ok,,,,,
mip_profiled,2,2,0.08,0.1764705882352941,0.8823529411764706,5,5,3.048486823681742,0.0013628210872411,2.673421025037628e-05,ok,,,,,
mip_profiled,2,2,0.1,0.1764705882352941,0.8823529411764706,5,6,3.027958664111793,0.0013572550378739,0.0,ok,,,,,
mip_profiled,2,2,0.16,0.2,0.8235294117647058,6,5,3.0222554369829595,0.001398142427206,0.0,ok,,,,,
mip_profiled,2,2,0.32,0.0,0.4705882352941176,9,7,2.9982182206586003,0.0014375271275639,0.0,ok,,,,,
mip_profiled,2,2,0.64,0.0,0.1764705882352941,14,13,3.0076805809512734,0.0011318898759782,0.0,ok,,,,,
gnies,2,2,3.0,0.625,0.5294117647058824,26,14,32.748777663800865,0.0018537030555307,,ok,,,,,
gnies,2,2,5.0,0.5714285714285714,0.5294117647058824,20,15,24.63471986213699,0.001370667014271,,ok,,,,,
gnies,2,2,7.0,0.3529411764705882,1.0,7,19,11.211652939207852,0.0027793929912149,,ok,,,,,
gnies,2,2,10.0,0.3529411764705882,1.0,7,19,11.239996266085654,0.0029160878621041,,ok,,,,,
gnies,2,2,15.0,0.3529411764705882,1.0,7,19,10.221886447630824,0.0027907448820769,,ok,,,,,
gnies,2,2,20.0,0.3529411764705882,1.0,7,19,10.239974251016974,0.0027701808139681,,ok,,,,,
gnies,2,2,30.0,0.375,0.9411764705882352,8,19,9.342882182914764,0.0026978841051459,,ok,,,,,
gnies,2,2,50.0,0.4,0.8823529411764706,9,19,7.622229074127972,0.002862000837922,,ok,,,,,
gnies,2,2,75.0,0.6,0.5882352941176471,15,19,5.667817435692996,0.0036883950233459,,ok,,,,,
gnies,2,2,100.0,0.75,0.4705882352941176,15,19,4.678332979325205,0.0026453640311956,,ok,,,,,
gnies,2,2,200.0,0.8,0.2941176470588235,17,19,3.4610386630520225,0.0016337279230356,,ok,,,,,
mip_profiled,3,2,0.001,0.5975609756097561,0.9142857142857144,52,5,3659.1759293964137,0.0046731689944863,0.003334012834469,ok_with_gap,,,,,
mip_profiled,3,2,0.0025,0.5285714285714286,0.9142857142857144,40,5,3658.916501066647,0.0048753898590803,0.0030777636167666,ok_with_gap,,,,,
mip_profiled,3,2,0.005,0.4590163934426229,0.9142857142857144,31,5,1917.1618046793155,0.0045086839236319,9.314474379454268e-05,ok,,,,,
mip_profiled,3,2,0.01,0.0789473684210526,0.9714285714285714,4,3,281.569652996026,0.0041986792348325,9.3574398518175e-06,ok,,,,,
mip_profiled,3,2,0.02,0.0,0.9714285714285714,1,2,132.1016469686292,0.0041625718586146,0.0,ok,,,,,
mip_profiled,3,2,0.04,0.0,0.9714285714285714,1,4,77.24857310391963,0.0041811726987361,5.05520816931834e-11,ok,,,,,
mip_profiled,3,2,0.08,0.0,0.9428571428571428,2,4,59.062327531166375,0.0039362362585961,0.0,ok,,,,,
mip_profiled,3,2,0.1,0.0294117647058823,0.9142857142857144,4,4,56.8668606178835,0.0041633183136582,0.0,ok,,,,,
mip_profiled,3,2,0.16,0.0909090909090909,0.8857142857142857,7,10,56.369528620969504,0.0042608082294464,0.0,ok,,,,,
mip_profiled,3,2,0.32,0.3157894736842105,0.4285714285714286,26,16,56.21563545009121,0.0041423151269555,0.0,ok,,,,,
mip_profiled,3,2,0.64,0.2,0.1142857142857143,33,28,56.121792659163475,0.0036575379781425,0.0,ok,,,,,
gnies,3,2,10.0,0.4722222222222222,0.7428571428571429,30,39,301.7638821862638,0.1194588080979883,,ok,,,,,
gnies,3,2,20.0,0.3235294117647059,0.9142857142857144,16,40,212.251044949051,0.0759947239421308,,ok,,,,,
gnies,3,2,30.0,0.3235294117647059,0.9142857142857144,16,40,208.3378416239284,0.0763579527847468,,ok,,,,,
gnies,3,2,40.0,0.3333333333333333,0.8857142857142857,17,40,199.5843893573619,0.0749146458692848,,ok,,,,,
gnies,3,2,60.0,0.3125,0.8857142857142857,16,40,183.23751402972263,0.0725255678407847,,ok,,,,,
gnies,3,2,80.0,0.3214285714285714,0.7714285714285715,19,40,150.09203882934526,0.0328415390104055,,ok,,,,,
gnies,3,2,120.0,0.5,0.4857142857142857,26,40,106.54000686993822,0.0296930214390158,,ok,,,,,
gnies,3,2,160.0,0.5333333333333333,0.4,28,40,88.62822928838432,0.014285712968558,,ok,,,,,
gnies,3,2,240.0,0.75,0.1999999999999999,36,40,57.67766784084961,0.0047662011347711,,ok,,,,,
gnies,3,2,320.0,1.0,0.0857142857142857,36,40,34.484827369917184,0.0036823358386754,,ok,,,,,
mip_profiled,1,3,0.001,0.5555555555555556,0.4285714285714286,9,1,0.3881842992268502,0.0008372790180146,0.0,ok,,,,,
mip_profiled,1,3,0.0025,0.5555555555555556,0.4285714285714286,9,1,0.3192355893552303,0.0007732580415904,0.0,ok,,,,,
mip_profiled,1,3,0.005,0.5555555555555556,0.4285714285714286,9,1,0.3016147981397807,0.0007639750838279,0.0,ok,,,,,
mip_profiled,1,3,0.01,0.5555555555555556,0.4285714285714286,9,1,0.2969596041366458,0.0007661711424589,0.0,ok,,,,,
mip_profiled,1,3,0.02,0.1428571428571428,0.7142857142857143,3,1,0.2910999399609864,0.0007221018895506,0.0,ok,,,,,
mip_profiled,1,3,0.04,0.1428571428571428,0.7142857142857143,3,1,0.281878737732768,0.0007279999554157,0.0,ok,,,,,
mip_profiled,1,3,0.08,0.2,0.4285714285714286,5,1,0.2726883627474308,0.0007131448946893,0.0,ok,,,,,
mip_profiled,1,3,0.1,0.2,0.4285714285714286,5,1,0.2760296859778464,0.0007130443118512,0.0,ok,,,,,
mip_profiled,1,3,0.16,0.2,0.4285714285714286,5,2,0.2736088787205517,0.0007093013264238,0.0,ok,,,,,
mip_profiled,1,3,0.32,0.5,0.2857142857142857,7,2,0.2717251908034086,0.0007242108695209,0.0,ok,,,,,
gnies,1,3,0.005,0.902439024390244,0.4285714285714286,41,2,25.541861745063215,0.0012604971416294,,ok,,,,,
gnies,1,3,0.01,0.9,0.4285714285714286,40,2,25.796550810802728,0.0012831827625632,,ok,,,,,
gnies,1,3,0.03,0.8918918918918919,0.4285714285714286,37,2,23.42738389177248,0.0012059137225151,,ok,,,,,
gnies,1,3,0.1,0.8787878787878788,0.4285714285714286,33,2,20.912377483211458,0.0011931983754038,,ok,,,,,
gnies,1,3,0.3,0.8571428571428571,0.4285714285714286,28,2,13.04824909195304,0.0009298138320446,,ok,,,,,
gnies,1,3,1.0,0.8235294117647058,0.4285714285714286,19,6,3.660673432052135,0.000957656186074,,ok,,,,,
gnies,1,3,3.0,0.25,0.8571428571428572,3,8,1.107643947005272,0.0008075018413364,,ok,,,,,
gnies,1,3,6.0,0.25,0.8571428571428572,3,8,0.9053724543191491,0.0007640677504241,,ok,,,,,
gnies,1,3,10.0,0.1428571428571428,1.0,1,8,0.8633877937681973,0.0007729600183665,,ok,,,,,
gnies,1,3,30.0,0.4,0.5714285714285714,4,8,0.6138059878721833,0.0008369130082428,,ok,,,,,
mip_profiled,2,3,0.001,0.3333333333333333,0.9411764705882352,9,0,1.0642758780159056,0.0014097010716795,0.0,ok,,,,,
mip_profiled,2,3,0.0025,0.238095238095238,0.9411764705882352,6,0,1.0586339859291911,0.0013725333847105,0.0,ok,,,,,
mip_profiled,2,3,0.005,0.1578947368421052,0.9411764705882352,4,0,1.0588713153265417,0.0015450408682227,0.0,ok,,,,,
mip_profiled,2,3,0.01,0.1578947368421052,0.9411764705882352,4,0,1.0358902192674575,0.001350833568722,0.0,ok,,,,,
mip_profiled,2,3,0.02,0.1176470588235294,0.8823529411764706,4,0,1.0229296144098043,0.0012999959290027,0.0,ok,,,,,
mip_profiled,2,3,0.04,0.1176470588235294,0.8823529411764706,4,0,1.0115226418711245,0.0013272296637296,0.0,ok,,,,,
mip_profiled,2,3,0.08,0.1176470588235294,0.8823529411764706,4,1,0.9438248872756958,0.0012860498391091,2.7424759711482542e-05,ok,,,,,
mip_profiled,2,3,0.1,0.0588235294117647,0.9411764705882352,2,1,0.9427570248953998,0.0012748180888593,8.233446078054068e-05,ok,,,,,
mip_profiled,2,3,0.16,0.0769230769230769,0.7058823529411764,6,2,0.9404716677963734,0.0012872689403593,0.0,ok,,,,,
mip_profiled,2,3,0.32,0.1428571428571428,0.3529411764705882,12,7,0.9319310830906034,0.0011852751486003,0.0,ok,,,,,
mip_profiled,2,3,0.64,0.0,0.1764705882352941,14,13,0.9293065927922726,0.0010928916744887,0.0,ok,,,,,
gnies,2,3,3.0,0.6538461538461539,0.5294117647058824,28,15,33.32394946785644,0.0016819518059492,,ok,,,,,
gnies,2,3,5.0,0.3888888888888889,1.0,9,19,13.24062720593065,0.0036903670988976,,ok,,,,,
gnies,2,3,7.0,0.3529411764705882,1.0,7,19,11.785626593977211,0.0029623699374496,,ok,,,,,
gnies,2,3,10.0,0.3529411764705882,1.0,7,19,11.085813452024013,0.0027842037379741,,ok,,,,,
gnies,2,3,15.0,0.3529411764705882,1.0,7,19,10.426671497989446,0.0027732579037547,,ok,,,,,
gnies,2,3,20.0,0.3529411764705882,1.0,7,19,10.044456584844738,0.0027375719510018,,ok,,,,,
gnies,2,3,30.0,0.375,0.9411764705882352,8,19,8.07376843970269,0.0028973678126931,,ok,,,,,
gnies,2,3,50.0,0.4285714285714285,0.8235294117647058,10,19,7.425596090964973,0.0026304302737116,,ok,,,,,
gnies,2,3,75.0,0.75,0.4705882352941176,15,19,4.710212172940373,0.0026447521522641,,ok,,,,,
gnies,2,3,100.0,0.75,0.4705882352941176,15,19,4.706877341028303,0.002636884804815,,ok,,,,,
gnies,2,3,200.0,0.8,0.2941176470588235,17,19,3.3416259051300585,0.0015544663183391,,ok,,,,,
mip_profiled,3,3,0.001,0.5277777777777778,0.9428571428571428,40,5,1551.5344172348268,0.0046947011724114,8.108637334577213e-05,ok,,,,,
mip_profiled,3,3,0.0025,0.4677419354838709,0.9142857142857144,32,5,211.96033584978431,0.0046100243926048,2.6860958736388067e-05,ok,,,,,
mip_profiled,3,3,0.005,0.3653846153846153,0.9142857142857144,22,5,153.14476992795244,0.0045424411073327,5.4085573183704874e-05,ok,,,,,
mip_profiled,3,3,0.01,0.175,0.9142857142857144,10,3,77.6155034378171,0.004259037785232,0.0,ok,,,,,
mip_profiled,3,3,0.02,0.0,0.9714285714285714,1,3,50.97666320716962,0.0042583760805428,2.1115279994846347e-10,ok,,,,,
mip_profiled,3,3,0.04,0.0,0.9714285714285714,1,1,38.66998226009309,0.0041159410029649,0.0,ok,,,,,
mip_profiled,3,3,0.08,0.0294117647058823,0.9428571428571428,3,7,27.47071175603196,0.0040274141356348,1.25014344739319e-05,ok,,,,,
mip_profiled,3,3,0.1,0.0294117647058823,0.9428571428571428,3,9,27.385503066238016,0.0040391199290752,0.0,ok,,,,,
mip_profiled,3,3,0.16,0.0606060606060606,0.9142857142857144,5,11,27.18174107605591,0.0042891190387308,0.0,ok,,,,,
mip_profiled,3,3,0.32,0.1176470588235294,0.4285714285714286,22,17,27.05686655221507,0.0038000252097845,0.0,ok,,,,,
mip_profiled,3,3,0.64,0.3333333333333333,0.0571428571428571,35,30,26.91407752316445,0.0034343958832323,0.0,ok,,,,,
gnies,3,3,10.0,0.5128205128205128,0.7714285714285715,32,39,320.61109133809805,1.5712452488951385,,ok,,,,,
gnies,3,3,20.0,0.3235294117647059,0.9142857142857144,16,40,219.88674689410257,0.0783808343112468,,ok,,,,,
gnies,3,3,30.0,0.303030303030303,0.9142857142857144,15,40,205.9393749879673,0.0765949478372931,,ok,,,,,
gnies,3,3,40.0,0.3125,0.8857142857142857,16,40,191.1605081809685,0.0717157078906893,,ok,,,,,
gnies,3,3,60.0,0.3125,0.8857142857142857,16,40,180.26454831613228,0.0743421069346368,,ok,,,,,
gnies,3,3,80.0,0.3846153846153846,0.7142857142857143,22,40,139.3047644882463,0.0648800991475582,,ok,,,,,
gnies,3,3,120.0,0.4210526315789473,0.5142857142857142,24,40,110.25783787993714,0.0168224023655056,,ok,,,,,
gnies,3,3,160.0,0.6923076923076923,0.3428571428571428,32,40,81.90483922604471,0.0203725146129727,,ok,,,,,
gnies,3,3,240.0,0.75,0.1999999999999999,36,40,54.07591095985845,0.0047074807807803,,ok,,,,,
gnies,3,3,320.0,1.0,0.0285714285714285,36,40,21.39874209696427,0.0034110099077224,,ok,,,,,
mip_profiled,1,4,0.001,0.5,0.4285714285714286,8,1,0.257972642313689,0.0008676261641085,0.0,ok,,,,,
mip_profiled,1,4,0.0025,0.5,0.4285714285714286,8,1,0.1793444319628179,0.0007755160331726,0.0,ok,,,,,
mip_profiled,1,4,0.005,0.5,0.4285714285714286,8,1,0.1748388139531016,0.0007871771231293,0.0,ok,,,,,
mip_profiled,1,4,0.01,0.0,0.8571428571428572,1,1,0.1748126046732068,0.0007676840759813,0.0,ok,,,,,
mip_profiled,1,4,0.02,0.0,1.0,0,0,0.175757008139044,0.0007978938519954,0.0,ok,,,,,
mip_profiled,1,4,0.04,0.0,1.0,0,0,0.1750904521904885,0.0008279220201075,0.0,ok,,,,,
mip_profiled,1,4,0.08,0.2,0.5714285714285714,4,2,0.166582350153476,0.000759697984904,0.0,ok,,,,,
mip_profiled,1,4,0.1,0.2,0.5714285714285714,4,2,0.1712483689188957,0.0007838471792638,0.0,ok,,,,,
mip_profiled,1,4,0.16,0.2,0.5714285714285714,4,2,0.1677544177509844,0.000769147183746,0.0,ok,,,,,
mip_profiled,1,4,0.32,0.5,0.2857142857142857,7,2,0.1657827203162014,0.0007643140852451,0.0,ok,,,,,
gnies,1,4,0.005,0.8974358974358975,0.4285714285714286,39,2,21.78957002889365,0.0012340839020907,,ok,,,,,
gnies,1,4,0.01,0.8947368421052632,0.4285714285714286,38,2,21.051475265994668,0.0012255278415977,,ok,,,,,
gnies,1,4,0.03,0.8529411764705882,0.5714285714285714,32,2,18.359859668184072,0.0012108827941119,,ok,,,,,
gnies,1,4,0.1,0.8275862068965517,0.5714285714285714,27,2,14.655290492810307,0.0009602271020412,,ok,,,,,
gnies,1,4,0.3,0.7368421052631579,0.5714285714285714,17,4,4.500309012364596,0.0008635139092803,,ok,,,,,
gnies,1,4,1.0,0.6923076923076923,0.4285714285714286,14,6,2.462178925983608,0.0008524511940777,,ok,,,,,
gnies,1,4,3.0,0.5,0.5714285714285714,8,7,1.3108260589651763,0.0008425097912549,,ok,,,,,
gnies,1,4,6.0,0.2857142857142857,0.7142857142857143,4,8,0.8519309852272272,0.0007800688035786,,ok,,,,,
gnies,1,4,10.0,0.1666666666666666,0.7142857142857143,3,8,0.8264333750121295,0.0007775737904012,,ok,,,,,
gnies,1,4,30.0,0.4,0.5714285714285714,4,8,0.6332884817384183,0.0008155470713973,,ok,,,,,
mip_profiled,2,4,0.001,0.4827586206896552,0.8823529411764706,16,1,3.767354995943606,0.0017102737911045,0.0,ok,,,,,
mip_profiled,2,4,0.0025,0.4,0.8823529411764706,12,1,3.122780216857791,0.0014216885901987,0.0,ok,,,,,
mip_profiled,2,4,0.005,0.3333333333333333,0.8235294117647058,10,2,2.615957676898688,0.0013875882141292,0.0,ok,,,,,
mip_profiled,2,4,0.01,0.1666666666666666,0.8823529411764706,5,2,2.4717029011808336,0.0013635139912366,0.0,ok,,,,,
mip_profiled,2,4,0.02,0.1176470588235294,0.8823529411764706,4,2,2.349145798943937,0.0013583386316895,0.0,ok,,,,,
mip_profiled,2,4,0.04,0.1176470588235294,0.8823529411764706,4,2,2.2466186843812466,0.0013464852236211,0.0,ok,,,,,
mip_profiled,2,4,0.08,0.0588235294117647,1.0,1,1,2.196728223003447,0.0013813087716698,0.0,ok,,,,,
mip_profiled,2,4,0.1,0.0588235294117647,1.0,1,3,2.1474379203282297,0.0013800607994198,0.0,ok,,,,,
mip_profiled,2,4,0.16,0.1428571428571428,0.7058823529411764,7,5,2.149793699849397,0.0014635571278631,0.0,ok,,,,,
mip_profiled,2,4,0.32,0.0,0.4705882352941176,9,8,2.133521462790668,0.001234149094671,0.0,ok,,,,,
mip_profiled,2,4,0.64,0.0,0.2352941176470588,13,13,2.1344155468977988,0.0011515589430928,0.0,ok,,,,,
gnies,2,4,3.0,0.6538461538461539,0.5294117647058824,26,14,34.172752008307725,0.0017012669704854,,ok,,,,,
gnies,2,4,5.0,0.3888888888888889,0.9411764705882352,9,19,12.413041729014369,0.0020613423548638,,ok,,,,,
gnies,2,4,7.0,0.3888888888888889,0.9411764705882352,9,19,11.474532484076915,0.0020573628135025,,ok,,,,,
gnies,2,4,10.0,0.3529411764705882,1.0,7,19,11.040403897874056,0.0027840081602334,,ok,,,,,
gnies,2,4,15.0,0.3529411764705882,1.0,7,19,9.933512484189125,0.0029389881528913,,ok,,,,,
gnies,2,4,20.0,0.3529411764705882,1.0,7,19,9.410351363942029,0.0027700611390173,,ok,,,,,
gnies,2,4,30.0,0.3529411764705882,1.0,7,19,8.844778588041663,0.0027669151313602,,ok,,,,,
gnies,2,4,50.0,0.4166666666666667,0.7058823529411764,12,19,7.368506388738751,0.0024925051257014,,ok,,,,,
gnies,2,4,75.0,0.6666666666666666,0.5294117647058824,15,19,5.093057123944163,0.0027361819520592,,ok,,,,,
gnies,2,4,100.0,0.6666666666666666,0.5294117647058824,15,19,5.078851206693798,0.0029485677368938,,ok,,,,,
gnies,2,4,200.0,0.8,0.2941176470588235,17,19,3.347695513162762,0.0016119899228215,,ok,,,,,
mip_profiled,3,4,0.001,0.5555555555555556,0.8857142857142857,44,5,146.7825332051143,0.0045913346111774,5.340974691113009e-05,ok,,,,,
mip_profiled,3,4,0.0025,0.5151515151515151,0.8857142857142857,38,5,77.06274382816628,0.0045008799061179,2.9183547102460617e-05,ok,,,,,
mip_profiled,3,4,0.005,0.3636363636363636,0.9714285714285714,21,5,71.81749080820009,0.0045900125987827,5.450305753688251e-05,ok,,,,,
mip_profiled,3,4,0.01,0.125,0.9714285714285714,6,5,40.00409403536469,0.0043256399221718,0.0,ok,,,,,
mip_profiled,3,4,0.02,0.0,0.9714285714285714,1,3,34.72271663881838,0.0041841431520879,0.0,ok,,,,,
mip_profiled,3,4,0.04,0.0285714285714285,0.9714285714285714,2,4,25.046872400213033,0.0042735920287668,0.0,ok,,,,,
mip_profiled,3,4,0.08,0.0294117647058823,0.9428571428571428,3,4,20.53452918212861,0.0042514586821198,0.0,ok,,,,,
mip_profiled,3,4,0.1,0.0588235294117647,0.9428571428571428,4,7,20.48639186611399,0.0043544783256947,8.222022176895469e-05,ok,,,,,
mip_profiled,3,4,0.16,0.0625,0.8857142857142857,6,7,20.26075955992565,0.0042240479961037,9.119394112671168e-05,ok,,,,,
mip_profiled,3,4,0.32,0.2222222222222222,0.4285714285714286,24,14,20.09974905382842,0.0038849171251058,0.0,ok,,,,,
mip_profiled,3,4,0.64,0.3333333333333333,0.0571428571428571,35,28,20.043585546780378,0.0033604721538722,0.0,ok,,,,,
gnies,3,4,10.0,0.4473684210526316,0.8,28,39,311.08485186332837,0.1828129687346518,,ok,,,,,
gnies,3,4,20.0,0.3235294117647059,0.9142857142857144,16,40,212.84382261428985,0.0795264830812811,,ok,,,,,
gnies,3,4,30.0,0.3333333333333333,0.8857142857142857,17,40,208.23358623310924,0.0767037998884916,,ok,,,,,
gnies,3,4,40.0,0.3125,0.8857142857142857,16,40,204.0861641052179,0.0738816633820533,,ok,,,,,
gnies,3,4,60.0,0.2903225806451613,0.8571428571428572,16,40,179.5581938959658,0.0344413379207253,,ok,,,,,
gnies,3,4,80.0,0.3703703703703703,0.7428571428571429,21,40,149.6241049435921,0.0678708152845501,,ok,,,,,
gnies,3,4,120.0,0.5,0.4857142857142857,26,40,115.64821511507034,0.0303917820565402,,ok,,,,,
gnies,3,4,160.0,0.6923076923076923,0.3428571428571428,32,40,91.17085463600232,0.0212771142832934,,ok,,,,,
gnies,3,4,240.0,0.7142857142857143,0.1714285714285713,36,40,52.05734797427431,0.0042316438630223,,ok,,,,,
gnies,3,4,320.0,1.0,0.0285714285714285,36,40,25.40138293337077,0.0034070359542965,,ok,,,,,
mip_profiled,1,5,0.001,0.6,0.5714285714285714,9,1,0.405172545928508,0.0009075570851564,0.0,ok,,,,,
mip_profiled,1,5,0.0025,0.5555555555555556,0.5714285714285714,8,1,0.330861016176641,0.000823127105832,0.0,ok,,,,,
mip_profiled,1,5,0.005,0.1428571428571428,0.7142857142857143,3,1,0.3292834209278226,0.0007822760380804,0.0,ok,,,,,
mip_profiled,1,5,0.01,0.1428571428571428,0.7142857142857143,3,1,0.3278682203963399,0.0007625543512403,0.0,ok,,,,,
mip_profiled,1,5,0.02,0.1428571428571428,0.7142857142857143,3,1,0.3208916308358311,0.0007687797769904,0.0,ok,,,,,
mip_profiled,1,5,0.04,0.1428571428571428,0.7142857142857143,3,1,0.3114093863405287,0.0007696351967751,0.0,ok,,,,,
mip_profiled,1,5,0.08,0.2,0.4285714285714286,5,1,0.298550977371633,0.0007677157409489,0.0,ok,,,,,
mip_profiled,1,5,0.1,0.2,0.5714285714285714,4,1,0.2945965849794447,0.0007781321182847,0.0,ok,,,,,
mip_profiled,1,5,0.16,0.2,0.5714285714285714,4,2,0.2930574221536517,0.0007579764351248,0.0,ok,,,,,
mip_profiled,1,5,0.32,0.5,0.1428571428571429,8,4,0.2919312370941043,0.0007373779080808,0.0,ok,,,,,
gnies,1,5,0.005,0.8809523809523809,0.5714285714285714,40,2,26.240093709900975,0.0013055419549345,,ok,,,,,
gnies,1,5,0.01,0.8717948717948718,0.5714285714285714,37,2,24.44608661485836,0.0012734611518681,,ok,,,,,
gnies,1,5,0.03,0.8611111111111112,0.5714285714285714,34,6,13.327775187790394,0.0009831930510699,,ok,,,,,
gnies,1,5,0.1,0.8529411764705882,0.5714285714285714,32,2,19.701818011701107,0.0011865980923175,,ok,,,,,
gnies,1,5,0.3,0.8148148148148148,0.5714285714285714,25,6,9.020071303006262,0.0009331349283456,,ok,,,,,
gnies,1,5,1.0,0.6666666666666666,0.5714285714285714,13,7,2.0531209390610456,0.0010370411910116,,ok,,,,,
gnies,1,5,3.0,0.4444444444444444,0.7142857142857143,6,8,1.111781437881291,0.0007874020375311,,ok,,,,,
gnies,1,5,6.0,0.1428571428571428,1.0,1,8,1.105068069882691,0.000801102258265,,ok,,,,,
gnies,1,5,10.0,0.1428571428571428,1.0,1,8,0.9403945258818568,0.0008495948277413,,ok,,,,,
gnies,1,5,30.0,0.4,0.5714285714285714,4,8,0.6287206159904599,0.0008498989045619,,ok,,,,,
mip_profiled,2,5,0.001,0.4285714285714285,0.9411764705882352,13,0,2.5384593727067113,0.0014915261417627,0.0,ok,,,,,
mip_profiled,2,5,0.0025,0.3333333333333333,0.9411764705882352,9,0,2.3875468228943646,0.0014328439719974,0.0,ok,,,,,
mip_profiled,2,5,0.005,0.25,0.8823529411764706,7,0,1.8364723077975216,0.0013649621978402,0.0,ok,,,,,
mip_profiled,2,5,0.01,0.2105263157894736,0.8823529411764706,6,0,1.8114144089631736,0.0013509602285921,0.0,ok,,,,,
mip_profiled,2,5,0.02,0.1176470588235294,0.8823529411764706,4,0,1.7572564487345517,0.0013339780271053,0.0,ok,,,,,
mip_profiled,2,5,0.04,0.0588235294117647,0.9411764705882352,2,1,1.7152294437400997,0.0013256734237074,0.0,ok,,,,,
mip_profiled,2,5,0.08,0.0588235294117647,0.9411764705882352,2,2,1.6772533738985658,0.0013029598630964,0.0,ok,,,,,
mip_profiled,2,5,0.1,0.1176470588235294,0.8823529411764706,4,2,1.665499561931938,0.001308649778366,0.0,ok,,,,,
mip_profiled,2,5,0.16,0.2307692307692307,0.5882352941176471,10,4,1.66316351108253,0.0012922780588269,0.0,ok,,,,,
mip_profiled,2,5,0.32,0.1428571428571428,0.3529411764705882,12,10,1.6544463853351772,0.0012257187627255,0.0,ok,,,,,
mip_profiled,2,5,0.64,0.25,0.1764705882352941,15,12,1.6486533279530704,0.0011549540795385,0.0,ok,,,,,
gnies,2,5,3.0,0.7142857142857143,0.4705882352941176,31,15,33.58280073013157,0.0018124380148947,,ok,,,,,
gnies,2,5,5.0,0.5714285714285714,0.5294117647058824,21,16,21.27014979626983,0.0016707712784409,,ok,,,,,
gnies,2,5,7.0,0.3888888888888889,1.0,8,19,10.711160603910685,0.0028515099547803,,ok,,,,,
gnies,2,5,10.0,0.3888888888888889,1.0,8,19,10.194396666251125,0.002824573777616,,ok,,,,,
gnies,2,5,15.0,0.3529411764705882,1.0,7,19,9.797136790119112,0.0027784667909145,,ok,,,,,
gnies,2,5,20.0,0.3529411764705882,1.0,7,19,9.457021086011082,0.0030197142623364,,ok,,,,,
gnies,2,5,30.0,0.375,0.9411764705882352,8,19,8.38297050492838,0.0027151708491146,,ok,,,,,
gnies,2,5,50.0,0.6153846153846154,0.7647058823529411,13,19,7.114906966686249,0.0053831748664379,,ok,,,,,
gnies,2,5,75.0,0.6,0.5882352941176471,15,19,5.503555630799383,0.0037159342318773,,ok,,,,,
gnies,2,5,100.0,0.75,0.4705882352941176,15,19,4.676087382715195,0.002679840195924,,ok,,,,,
gnies,2,5,200.0,0.75,0.2352941176470588,17,19,2.8756755301728845,0.0013452768325805,,ok,,,,,
mip_profiled,3,5,0.001,0.6172839506172839,0.8571428571428572,55,5,1575.8858584710397,0.0046668811701238,9.885946137543948e-05,ok,,,,,
mip_profiled,3,5,0.0025,0.5753424657534246,0.8571428571428572,47,5,552.4890113710426,0.0045182090252637,3.616578325504519e-05,ok,,,,,
mip_profiled,3,5,0.005,0.4576271186440678,0.8857142857142857,31,5,563.0903730229475,0.0044733909890055,5.392597641597384e-05,ok,,,,,
mip_profiled,3,5,0.01,0.225,0.8857142857142857,13,5,194.890480002854,0.0042797932401299,5.950339781864953e-05,ok,,,,,
mip_profiled,3,5,0.02,0.0857142857142857,0.8857142857142857,7,2,101.1713223089464,0.0041754017584025,9.330591847103198e-10,ok,,,,,
mip_profiled,3,5,0.04,0.0285714285714285,0.9428571428571428,3,1,47.18374567013234,0.0041940934024751,0.0,ok,,,,,
mip_profiled,3,5,0.08,0.0,0.9428571428571428,2,3,35.64240983501077,0.0041139530949294,0.0,ok,,,,,
mip_profiled,3,5,0.1,0.0,0.9428571428571428,2,4,35.35895892418921,0.0038909292779862,0.0,ok,,,,,
mip_profiled,3,5,0.16,0.03125,0.8857142857142857,5,10,35.102462525013834,0.0041243778541684,0.0,ok,,,,,
mip_profiled,3,5,0.32,0.1578947368421052,0.4857142857142857,21,16,34.86688678059727,0.0038156169466674,0.0,ok,,,,,
mip_profiled,3,5,0.64,0.2,0.1142857142857143,33,26,34.33180140610784,0.0035921381786465,6.040251857852237e-05,ok,,,,,
gnies,3,5,10.0,0.5,0.7714285714285715,32,39,319.0230254079215,0.7979525900445879,,ok,,,,,
gnies,3,5,20.0,0.3235294117647059,0.9142857142857144,16,40,212.68944840179756,0.0759834158234298,,ok,,,,,
gnies,3,5,30.0,0.3235294117647059,0.9142857142857144,16,40,205.6123701338656,0.075829351786524,,ok,,,,,
gnies,3,5,40.0,0.303030303030303,0.9142857142857144,15,40,195.43830547388643,0.0747240437194705,,ok,,,,,
gnies,3,5,60.0,0.2903225806451613,0.8571428571428572,16,40,173.37157087307423,0.0343725569546222,,ok,,,,,
gnies,3,5,80.0,0.3703703703703703,0.7428571428571429,21,40,147.97155010001734,0.2811047350987792,,ok,,,,,
gnies,3,5,120.0,0.5263157894736842,0.5142857142857142,26,40,108.47965314239264,0.0444078310392797,,ok,,,,,
gnies,3,5,160.0,0.6428571428571429,0.3714285714285714,30,40,89.0385210821405,0.017049069982022,,ok,,,,,
gnies,3,5,240.0,0.75,0.1999999999999999,36,40,57.81466030329466,0.0047724568285048,,ok,,,,,
gnies,3,5,320.0,1.0,0.0857142857142857,36,40,31.11365051334724,0.0036702998913824,,ok,,,,,
mip_profiled,1,6,0.001,0.2222222222222222,0.8571428571428572,3,1,0.2503460883162915,0.0008499780669808,0.0,ok,,,,,
mip_profiled,1,6,0.0025,0.2222222222222222,0.8571428571428572,3,1,0.2073124749585986,0.0008126436732709,0.0,ok,,,,,
mip_profiled,1,6,0.005,0.2222222222222222,0.8571428571428572,3,1,0.206851408816874,0.0008134488016366,0.0,ok,,,,,
mip_profiled,1,6,0.01,0.2222222222222222,0.8571428571428572,3,1,0.2071298635564744,0.0007990808226168,0.0,ok,,,,,
mip_profiled,1,6,0.02,0.0,0.8571428571428572,1,1,0.2064895099028945,0.0007960898801684,0.0,ok,,,,,
mip_profiled,1,6,0.04,0.0,0.8571428571428572,1,1,0.202480643056333,0.0007854141294956,0.0,ok,,,,,
mip_profiled,1,6,0.08,0.4,0.4285714285714286,6,1,0.1996183106675744,0.0007854644209146,0.0,ok,,,,,
mip_profiled,1,6,0.1,0.4,0.4285714285714286,6,1,0.1984055903740227,0.0007857158780097,0.0,ok,,,,,
mip_profiled,1,6,0.16,0.4,0.4285714285714286,6,2,0.1964182090014219,0.0007661157287657,0.0,ok,,,,,
mip_profiled,1,6,0.32,0.6666666666666666,0.1428571428571429,8,3,0.1946601481176912,0.0007626581937074,0.0,ok,,,,,
gnies,1,6,0.005,0.9111111111111112,0.4285714285714286,45,2,31.450542300008237,0.001327771693468,,ok,,,,,
gnies,1,6,0.01,0.9090909090909092,0.4285714285714286,44,2,29.03019243478775,0.0013111135922372,,ok,,,,,
gnies,1,6,0.03,0.8918918918918919,0.4285714285714286,37,2,25.698931036051363,0.001253169029951,,ok,,,,,
gnies,1,6,0.1,0.8823529411764706,0.4285714285714286,34,2,20.83219560608268,0.001227986998856,,ok,,,,,
gnies,1,6,0.3,0.8333333333333334,0.4285714285714286,24,4,10.153721898794174,0.0009126788936555,,ok,,,,,
gnies,1,6,1.0,0.75,0.4285714285714286,16,4,5.31145435012877,0.0008687432855367,,ok,,,,,
gnies,1,6,3.0,0.6,0.5714285714285714,11,7,1.6301016532815993,0.0009434497915208,,ok,,,,,
gnies,1,6,6.0,0.1428571428571428,1.0,1,8,0.9962199991568924,0.0008524199947714,,ok,,,,,
gnies,1,6,10.0,0.1666666666666666,0.7142857142857143,3,8,0.8411790952086449,0.0007878150790929,,ok,,,,,
gnies,1,6,30.0,0.4,0.5714285714285714,4,8,0.6278250543400645,0.0008555022068321,,ok,,,,,
mip_profiled,2,6,0.001,0.4666666666666667,1.0,14,1,2.2965099518187344,0.0015737740322947,0.0,ok,,,,,
mip_profiled,2,6,0.0025,0.4230769230769231,0.9411764705882352,12,1,2.105402803979814,0.0017100549302995,0.0,ok,,,,,
mip_profiled,2,6,0.005,0.1578947368421052,0.9411764705882352,4,1,2.049636632669717,0.0014023669064044,0.0,ok,,,,,
mip_profiled,2,6,0.01,0.0588235294117647,0.9411764705882352,2,1,1.9787173210643232,0.001368710771203,0.0,ok,,,,,
mip_profiled,2,6,0.02,0.0588235294117647,0.9411764705882352,2,1,1.986541022080928,0.001367304008454,0.0,ok,,,,,
mip_profiled,2,6,0.04,0.0,1.0,0,1,1.9439781941473484,0.0013589491136372,0.0,ok,,,,,
mip_profiled,2,6,0.08,0.0,1.0,0,1,1.8927047308534384,0.0013544945977628,0.0,ok,,,,,
mip_profiled,2,6,0.1,0.0,1.0,0,1,1.8844161932356656,0.0013482379727065,0.0,ok,,,,,
mip_profiled,2,6,0.16,0.0,0.7647058823529411,4,2,1.8728336519561708,0.0013211602345108,3.3311576232825975e-05,ok,,,,,
mip_profiled,2,6,0.32,0.1,0.5882352941176471,8,7,1.865970968734473,0.0013390742242336,0.0,ok,,,,,
mip_profiled,2,6,0.64,0.25,0.1764705882352941,15,11,1.8668926563113928,0.0011748457327485,0.0,ok,,,,,
gnies,2,6,3.0,0.7142857142857143,0.4705882352941176,30,15,32.43585979286581,0.0017561400309205,,ok,,,,,
gnies,2,6,5.0,0.55,0.6470588235294117,19,18,15.068173985928295,0.0016461969353258,,ok,,,,,
gnies,2,6,7.0,0.3529411764705882,1.0,7,19,11.652189310640097,0.0028255581855773,,ok,,,,,
gnies,2,6,10.0,0.3529411764705882,1.0,7,19,11.217842532787472,0.0027883811853826,,ok,,,,,
gnies,2,6,15.0,0.3529411764705882,1.0,7,19,10.26743233995512,0.0030028289183974,,ok,,,,,
gnies,2,6,20.0,0.3529411764705882,1.0,7,19,9.676922363694755,0.00278015807271,,ok,,,,,
gnies,2,6,30.0,0.3529411764705882,1.0,7,19,9.408444251865149,0.0027888701297342,,ok,,,,,
gnies,2,6,50.0,0.3846153846153846,0.7647058823529411,10,19,7.093702815007418,0.002215411979705,,ok,,,,,
gnies,2,6,75.0,0.6,0.5882352941176471,15,19,5.665034420788288,0.003981162328273,,ok,,,,,
gnies,2,6,100.0,0.6,0.5882352941176471,15,19,5.568647709209472,0.0036716340109705,,ok,,,,,
gnies,2,6,200.0,0.75,0.2352941176470588,17,19,2.8947737268172204,0.0013648211024701,,ok,,,,,
mip_profiled,3,6,0.001,0.6097560975609756,0.8857142857142857,54,7,1131.6883729216645,0.0049756499938666,9.715549142069832e-05,ok,,,,,
mip_profiled,3,6,0.0025,0.5147058823529411,0.9142857142857144,38,7,176.6826497549191,0.0047418181784451,0.0,ok,,,,,
mip_profiled,3,6,0.005,0.4310344827586206,0.9142857142857144,28,7,51.159649685025215,0.0046390201896429,0.0,ok,,,,,
mip_profiled,3,6,0.01,0.131578947368421,0.9142857142857144,8,6,31.15995477279648,0.0041652736254036,6.161442752625612e-10,ok,,,,,
mip_profiled,3,6,0.02,0.0285714285714285,0.9428571428571428,3,5,24.788443775381893,0.0039460770785808,0.0,ok,,,,,
mip_profiled,3,6,0.04,0.0285714285714285,0.9428571428571428,3,3,19.990957096219063,0.0041106026619672,0.0,ok,,,,,
mip_profiled,3,6,0.08,0.0294117647058823,0.9142857142857144,4,7,18.314750839956105,0.0041711530648171,0.0,ok,,,,,
mip_profiled,3,6,0.1,0.0294117647058823,0.9142857142857144,4,8,18.19881782308221,0.0043424773029983,0.0,ok,,,,,
mip_profiled,3,6,0.16,0.032258064516129,0.8571428571428572,6,11,18.078191361855716,0.0039165369234979,0.0,ok,,,,,
mip_profiled,3,6,0.32,0.1666666666666666,0.4571428571428572,22,15,18.02845534356311,0.0040277182124555,0.0,ok,,,,,
mip_profiled,3,6,0.64,0.5,0.0571428571428571,36,27,18.041114785708487,0.0035664429888129,0.0,ok,,,,,
gnies,3,6,10.0,0.4473684210526316,0.8,28,39,334.29098787205294,0.1305253189057111,,ok,,,,,
gnies,3,6,20.0,0.3333333333333333,0.8857142857142857,17,40,236.2445864127949,0.0740606761537492,,ok,,,,,
gnies,3,6,30.0,0.3333333333333333,0.8857142857142857,17,40,206.1103050573729,0.076756783761084,,ok,,,,,
gnies,3,6,40.0,0.3333333333333333,0.8857142857142857,17,40,192.94276100909337,0.0770597830414772,,ok,,,,,
gnies,3,6,60.0,0.3125,0.8571428571428572,17,40,187.62469424819577,0.0370727819390594,,ok,,,,,
gnies,3,6,80.0,0.4166666666666667,0.6571428571428571,22,40,139.8524965532124,0.0363319367170333,,ok,,,,,
gnies,3,6,120.0,0.4705882352941176,0.4571428571428572,26,40,108.39674625173213,0.0159094077534973,,ok,,,,,
gnies,3,6,160.0,0.6923076923076923,0.3428571428571428,32,40,83.88098225928843,0.0207850658334791,,ok,,,,,
gnies,3,6,240.0,0.75,0.1999999999999999,36,40,58.835114834830165,0.0047986200079321,,ok,,,,,
gnies,3,6,320.0,1.0,0.0571428571428571,36,40,30.864866037853066,0.0036212829872965,,ok,,,,,
mip_profiled,1,7,0.001,0.2222222222222222,0.8571428571428572,3,1,0.2314009461551904,0.0006644362583756,0.0,ok,,,,,
mip_profiled,1,7,0.0025,0.2222222222222222,0.8571428571428572,3,1,0.230778750963509,0.0005818801000714,0.0,ok,,,,,
mip_profiled,1,7,0.005,0.125,0.8571428571428572,2,1,0.2098489571362733,0.0005719512701034,0.0,ok,,,,,
mip_profiled,1,7,0.01,0.125,0.8571428571428572,2,1,0.2071656282059848,0.0005802940577268,0.0,ok,,,,,
mip_profiled,1,7,0.02,0.125,0.8571428571428572,2,1,0.2098352368921041,0.0005374788306653,0.0,ok,,,,,
mip_profiled,1,7,0.04,0.1428571428571428,0.7142857142857143,3,1,0.1998025947250425,0.0005373526364564,1.1395005840123432e-05,ok,,,,,
mip_profiled,1,7,0.08,0.2,0.4285714285714286,5,2,0.1996646127663552,0.0005369931459426,0.0,ok,,,,,
mip_profiled,1,7,0.1,0.2,0.4285714285714286,5,2,0.1881746831350028,0.0006695189513266,0.0,ok,,,,,
mip_profiled,1,7,0.16,0.2,0.4285714285714286,5,3,0.1827083029784262,0.0005206950008869,0.0,ok,,,,,
mip_profiled,1,7,0.32,0.5,0.2857142857142857,7,2,0.1767194280400872,0.0005367882549762,0.0,ok,,,,,
gnies,1,7,0.005,0.9090909090909092,0.4285714285714286,44,2,23.40639785537496,0.0009191269055008,,ok,,,,,
gnies,1,7,0.01,0.9047619047619048,0.4285714285714286,42,2,22.01599020231515,0.0009070690721273,,ok,,,,,
gnies,1,7,0.03,0.8947368421052632,0.4285714285714286,38,2,18.56930725928396,0.0008705887012183,,ok,,,,,
gnies,1,7,0.1,0.8823529411764706,0.4285714285714286,34,2,13.29568224400282,0.0008382978849112,,ok,,,,,
gnies,1,7,0.3,0.8461538461538461,0.4285714285714286,26,2,9.092429065611212,0.0006581898778676,,ok,,,,,
gnies,1,7,1.0,0.7647058823529411,0.5714285714285714,16,5,4.655843855813146,0.0006849090568721,,ok,,,,,
gnies,1,7,3.0,0.6363636363636364,0.5714285714285714,10,7,1.2189365439116957,0.0006009601056575,,ok,,,,,
gnies,1,7,6.0,0.1428571428571428,0.8571428571428572,2,8,0.6914251269772649,0.0005636550486087,,ok,,,,,
gnies,1,7,10.0,0.1428571428571428,0.8571428571428572,2,8,0.6414284529164433,0.0005089617334306,,ok,,,,,
gnies,1,7,30.0,0.4,0.5714285714285714,4,8,0.448360979091376,0.0005481052212417,,ok,,,,,
mip_profiled,2,7,0.001,0.4615384615384615,0.8235294117647058,15,1,1.4441574178636074,0.00109020806849,0.0,ok,,,,,
mip_profiled,2,7,0.0025,0.391304347826087,0.8235294117647058,12,1,1.291724655777216,0.0010451548732817,0.0,ok,,,,,
mip_profiled,2,7,0.005,0.3636363636363636,0.8235294117647058,11,1,1.266227823216468,0.0010400819592177,0.0,ok,,,,,
mip_profiled,2,7,0.01,0.1176470588235294,0.8823529411764706,4,1,1.2424871399998665,0.0011668298393487,0.0,ok,,,,,
mip_profiled,2,7,0.02,0.1176470588235294,0.8823529411764706,4,1,1.239734499249607,0.0009992308914661,0.0,ok,,,,,
mip_profiled,2,7,0.04,0.1764705882352941,0.8235294117647058,6,1,1.1737124337814748,0.0009812889620661,0.0,ok,,,,,
mip_profiled,2,7,0.08,0.125,0.8235294117647058,5,1,1.1249897303059695,0.0009368993341922,0.0,ok,,,,,
mip_profiled,2,7,0.1,0.125,0.8235294117647058,5,1,1.124384853988886,0.0009511071257293,0.0,ok,,,,,
mip_profiled,2,7,0.16,0.1333333333333333,0.7647058823529411,6,2,1.1167781413532794,0.0009607309475541,0.0,ok,,,,,
mip_profiled,2,7,0.32,0.1428571428571428,0.3529411764705882,12,9,1.1019232883118093,0.0008959462866187,0.0,ok,,,,,
mip_profiled,2,7,0.64,0.3333333333333333,0.1176470588235294,16,11,1.103285113349557,0.0008148220367729,0.0,ok,,,,,
gnies,2,7,3.0,0.6538461538461539,0.5294117647058824,25,14,23.69444289524108,0.0009869318455457,,ok,,,,,
gnies,2,7,5.0,0.5714285714285714,0.5294117647058824,21,15,17.13531689811498,0.001168908085674,,ok,,,,,
gnies,2,7,7.0,0.3529411764705882,1.0,7,19,7.396218035835773,0.0019976091571152,,ok,,,,,
gnies,2,7,10.0,0.3529411764705882,1.0,7,19,7.16367412218824,0.0020199511200189,,ok,,,,,
gnies,2,7,15.0,0.3529411764705882,1.0,7,19,7.096354642417282,0.0019597792997956,,ok,,,,,
gnies,2,7,20.0,0.3529411764705882,1.0,7,19,6.449538591783494,0.0021724118851125,,ok,,,,,
gnies,2,7,30.0,0.375,0.9411764705882352,8,19,6.113356181886047,0.0020287968218326,,ok,,,,,
gnies,2,7,50.0,0.4285714285714285,0.8235294117647058,10,19,5.36352573800832,0.0018996377475559,,ok,,,,,
gnies,2,7,75.0,0.6,0.5882352941176471,15,19,3.902285937219858,0.0026480099186301,,ok,,,,,
gnies,2,7,100.0,0.7142857142857143,0.4117647058823529,15,19,2.9732268881052732,0.0013105059042572,,ok,,,,,
gnies,2,7,200.0,0.6666666666666666,0.1764705882352941,17,19,1.906849396880716,0.000871742144227,,ok,,,,,
mip_profiled,3,7,0.001,0.5294117647058824,0.8857142857142857,40,6,3711.555888046976,0.0032615130767226,0.0055550316430223,ok_with_gap,,,,,
mip_profiled,3,7,0.0025,0.4677419354838709,0.9142857142857144,32,5,3711.651432353072,0.0032171518541872,0.0048999253634696,ok_with_gap,,,,,
mip_profiled,3,7,0.005,0.375,0.9714285714285714,22,5,3712.239935072605,0.0031704511493444,0.0064655531297305,ok_with_gap,,,,,
mip_profiled,3,7,0.01,0.0789473684210526,0.9714285714285714,4,4,3710.572453846224,0.0030246251262724,0.0010860694406245,ok_with_gap,,,,,
mip_profiled,3,7,0.02,0.0,0.9714285714285714,1,3,681.6135386610404,0.0029563661664724,1.895762646427687e-09,ok,,,,,
mip_profiled,3,7,0.04,0.0285714285714285,0.9714285714285714,2,3,307.137032053899,0.0029843640513718,6.525570982653494e-09,ok,,,,,
mip_profiled,3,7,0.08,0.0588235294117647,0.9428571428571428,4,6,130.06906665628776,0.0033405609428882,3.827489874502244e-05,ok,,,,,
mip_profiled,3,7,0.1,0.0588235294117647,0.9428571428571428,4,6,128.38665675371885,0.0030640359036624,0.0,ok,,,,,
mip_profiled,3,7,0.16,0.064516129032258,0.8571428571428572,7,9,110.69842005195096,0.0028231511823832,0.0,ok,,,,,
mip_profiled,3,7,0.32,0.2222222222222222,0.4285714285714286,24,16,110.12636963231488,0.0028276238590478,0.0,ok,,,,,
mip_profiled,3,7,0.64,0.5,0.0571428571428571,36,30,110.24318965617567,0.0025417101569473,8.399649734157138e-05,ok,,,,,
gnies,3,7,10.0,0.3333333333333333,0.8857142857142857,19,38,262.9177264999598,0.0276124970987439,,ok,,,,,
gnies,3,7,20.0,0.2941176470588235,0.9714285714285714,15,40,155.0473902542144,0.2351341140456497,,ok,,,,,
gnies,3,7,30.0,0.3529411764705882,0.9142857142857144,18,40,145.4992735479027,0.1731807803735137,,ok,,,,,
gnies,3,7,40.0,0.3529411764705882,0.9142857142857144,18,40,144.3084654090926,0.2932648630812764,,ok,,,,,
gnies,3,7,60.0,0.3666666666666666,0.8285714285714285,20,40,121.61837873701006,0.1564271617680788,,ok,,,,,
gnies,3,7,80.0,0.44,0.6857142857142857,23,40,103.61112933699042,0.0809284700080752,,ok,,,,,
gnies,3,7,120.0,0.5882352941176471,0.4571428571428572,28,40,76.79416435118765,0.0296087432652711,,ok,,,,,
gnies,3,7,160.0,0.6923076923076923,0.3428571428571428,32,40,59.959033065941185,0.0147578357718884,,ok,,,,,
gnies,3,7,240.0,0.7142857142857143,0.1714285714285713,36,40,35.793811143841594,0.0029558087699115,,ok,,,,,
gnies,3,7,320.0,1.0,0.0571428571428571,36,40,17.7304973998107,0.0024337163195014,,ok,,,,,
mip_profiled,1,8,0.001,0.6,0.4285714285714286,10,1,0.3626449299044907,0.0009189639240503,0.0,ok,,,,,
mip_profiled,1,8,0.0025,0.6,0.4285714285714286,10,1,0.3230453860014677,0.0007813419215381,0.0,ok,,,,,
mip_profiled,1,8,0.005,0.25,0.7142857142857143,4,1,0.301834141369909,0.0007777111604809,0.0,ok,,,,,
mip_profiled,1,8,0.01,0.1428571428571428,0.7142857142857143,3,1,0.290497035253793,0.0006903260946273,0.0,ok,,,,,
mip_profiled,1,8,0.02,0.0,0.8571428571428572,1,1,0.2870660494081676,0.000875533092767,0.0,ok,,,,,
mip_profiled,1,8,0.04,0.0,0.8571428571428572,1,1,0.2817981801927089,0.0007153241895139,0.0,ok,,,,,
mip_profiled,1,8,0.08,0.0,0.8571428571428572,1,0,0.274784775916487,0.0006957426667213,0.0,ok,,,,,
mip_profiled,1,8,0.1,0.0,1.0,0,0,0.2711943043395877,0.0007311650551855,0.0,ok,,,,,
mip_profiled,1,8,0.16,0.2,0.4285714285714286,5,2,0.2680757059715688,0.0006761969998478,0.0,ok,,,,,
mip_profiled,1,8,0.32,0.3333333333333333,0.1428571428571429,7,3,0.2607988780364394,0.0006689396686851,0.0,ok,,,,,
gnies,1,8,0.005,0.925,0.2857142857142857,42,2,27.519144748803228,0.0010609747841954,,ok,,,,,
gnies,1,8,0.01,0.9230769230769232,0.2857142857142857,41,2,24.956965697929263,0.0010474901646375,,ok,,,,,
gnies,1,8,0.03,0.9117647058823528,0.2857142857142857,36,2,19.938764724880457,0.0010512061417102,,ok,,,,,
gnies,1,8,0.1,0.9032258064516128,0.2857142857142857,33,3,16.19699954520911,0.0010685520246624,,ok,,,,,
gnies,1,8,0.3,0.8421052631578947,0.2857142857142857,21,3,9.343475736211984,0.0007395688444375,,ok,,,,,
gnies,1,8,1.0,0.6,0.4285714285714286,10,5,2.8483654321171343,0.0006802738644182,,ok,,,,,
gnies,1,8,3.0,0.5,0.5714285714285714,8,8,1.4285058085806668,0.0007175039499998,,ok,,,,,
gnies,1,8,6.0,0.1428571428571428,1.0,1,8,0.8722794209606946,0.0007687848992645,,ok,,,,,
gnies,1,8,10.0,0.2857142857142857,0.7142857142857143,4,8,0.8250087383203208,0.0006649759598076,,ok,,,,,
gnies,1,8,30.0,0.1666666666666666,0.7142857142857143,3,8,0.5139568182639778,0.0006430586799979,,ok,,,,,
mip_profiled,2,8,0.001,0.3846153846153846,0.9411764705882352,12,0,1.7466608728282154,0.0014348071999847,0.0,ok,,,,,
mip_profiled,2,8,0.0025,0.3333333333333333,0.9411764705882352,10,0,1.5851652082055807,0.0014023091644048,0.0,ok,,,,,
mip_profiled,2,8,0.005,0.1111111111111111,0.9411764705882352,3,0,1.4802770060487092,0.0013176933862268,0.0,ok,,,,,
mip_profiled,2,8,0.01,0.0588235294117647,0.9411764705882352,2,0,1.479463764000684,0.0014776680618524,0.0,ok,,,,,
mip_profiled,2,8,0.02,0.0588235294117647,0.9411764705882352,2,0,1.4782600942999125,0.0012854412198066,0.0,ok,,,,,
mip_profiled,2,8,0.04,0.0,1.0,0,1,1.3953471947461369,0.0012763659469783,0.0,ok,,,,,
mip_profiled,2,8,0.08,0.0,1.0,0,1,1.3594472352415323,0.0013020541518926,0.0,ok,,,,,
mip_profiled,2,8,0.1,0.0588235294117647,1.0,1,3,1.3116925870999694,0.0013437611050903,7.211043532141288e-05,ok,,,,,
mip_profiled,2,8,0.16,0.0,0.7647058823529411,4,5,1.3131743939593434,0.0012391079217195,0.0,ok,,,,,
mip_profiled,2,8,0.32,0.0,0.4705882352941176,9,8,1.2993344669230282,0.00110390689224,0.0,ok,,,,,
mip_profiled,2,8,0.64,0.25,0.1764705882352941,15,13,1.2985557401552796,0.0010672751814126,0.0,ok,,,,,
gnies,2,8,3.0,0.6538461538461539,0.5294117647058824,28,16,20.919847066979855,0.0014421958476305,,ok,,,,,
gnies,2,8,5.0,0.6086956521739131,0.5294117647058824,25,16,18.7217301633209,0.0015453430823981,,ok,,,,,
gnies,2,8,7.0,0.3888888888888889,1.0,8,19,9.25470920931548,0.0023427363485097,,ok,,,,,
gnies,2,8,10.0,0.3529411764705882,1.0,7,19,8.382247508969158,0.0024680020287632,,ok,,,,,
gnies,2,8,15.0,0.3529411764705882,1.0,7,19,7.975522303022444,0.002302948385477,,ok,,,,,
gnies,2,8,20.0,0.3529411764705882,1.0,7,19,7.636483198031783,0.0024359528906643,,ok,,,,,
gnies,2,8,30.0,0.3529411764705882,1.0,7,19,6.996007686946541,0.0025642230175435,,ok,,,,,
gnies,2,8,50.0,0.4285714285714285,0.8235294117647058,10,19,6.017737663816661,0.0021621859632432,,ok,,,,,
gnies,2,8,75.0,0.5454545454545454,0.6470588235294117,13,19,4.8662752360105515,0.0024892217479646,,ok,,,,,
gnies,2,8,100.0,0.6666666666666666,0.5294117647058824,15,19,4.14770520105958,0.0023478739894926,,ok,,,,,
gnies,2,8,200.0,0.6666666666666666,0.1764705882352941,17,19,2.281146915163845,0.0010099271312355,,ok,,,,,
mip_profiled,3,8,0.001,0.6511627906976745,0.8285714285714285,62,6,3633.970009236131,0.0039677969180047,0.0005822401533011,ok_with_gap,,,,,
mip_profiled,3,8,0.0025,0.5972222222222222,0.8,50,6,324.9991395547986,0.0038154432550072,3.959582765184777e-05,ok,,,,,
mip_profiled,3,8,0.005,0.4827586206896552,0.8285714285714285,34,6,168.7252503540367,0.0036659748293459,0.0,ok,,,,,
mip_profiled,3,8,0.01,0.1388888888888889,0.8857142857142857,9,4,91.07072526402771,0.003515126183629,0.0,ok,,,,,
mip_profiled,3,8,0.02,0.0857142857142857,0.8857142857142857,7,4,65.68162925029173,0.0035004853270947,0.0,ok,,,,,
mip_profiled,3,8,0.04,0.0285714285714285,0.9428571428571428,3,3,45.83675246918574,0.0034150909632444,0.0,ok,,,,,
mip_profiled,3,8,0.08,0.0294117647058823,0.9428571428571428,3,5,32.70860828505829,0.0035052392631769,0.0,ok,,,,,
mip_profiled,3,8,0.1,0.0294117647058823,0.9428571428571428,3,6,32.35825115814805,0.0034904540516436,0.0,ok,,,,,
mip_profiled,3,8,0.16,0.09375,0.8571428571428572,8,9,32.509304963983595,0.0032905801199376,0.0,ok,,,,,
mip_profiled,3,8,0.32,0.2631578947368421,0.4571428571428572,24,16,32.212391160894185,0.0035851621069014,0.0,ok,,,,,
mip_profiled,3,8,0.64,0.4,0.0857142857142857,35,27,32.30631741974503,0.0027634906582534,0.0,ok,,,,,
gnies,3,8,10.0,0.5128205128205128,0.8,30,39,263.8247037436813,1.3356661489233377,,ok,,,,,
gnies,3,8,20.0,0.3529411764705882,0.9142857142857144,18,40,178.08123375102878,0.209455048199743,,ok,,,,,
gnies,3,8,30.0,0.3529411764705882,0.9142857142857144,18,40,170.01924459496513,0.3580071050673723,,ok,,,,,
gnies,3,8,40.0,0.34375,0.8857142857142857,18,40,160.34035128867254,0.2016947949305176,,ok,,,,,
gnies,3,8,60.0,0.3225806451612903,0.8571428571428572,18,40,143.51877170521766,0.0905095008201897,,ok,,,,,
gnies,3,8,80.0,0.44,0.6857142857142857,24,40,117.1679590153508,0.2309818170033395,,ok,,,,,
gnies,3,8,120.0,0.45,0.5428571428571429,24,40,94.80901884520426,0.0276603968814015,,ok,,,,,
gnies,3,8,160.0,0.7142857142857143,0.3714285714285714,32,40,74.28791887685657,0.033926673233509,,ok,,,,,
gnies,3,8,240.0,0.75,0.1999999999999999,36,40,46.837426216341555,0.0040813279338181,,ok,,,,,
gnies,3,8,320.0,0.8,0.1142857142857143,36,40,31.52083435934037,0.0030727838166058,,ok,,,,,
mip_profiled,1,9,0.001,0.25,0.7142857142857143,4,1,0.2327448748983442,0.0008000507950782,0.0,ok,,,,,
mip_profiled,1,9,0.0025,0.25,0.7142857142857143,4,1,0.2085708361119032,0.0007162736728787,0.0,ok,,,,,
mip_profiled,1,9,0.005,0.25,0.7142857142857143,4,1,0.2026330870576203,0.0007035969756543,0.0,ok,,,,,
mip_profiled,1,9,0.01,0.25,0.7142857142857143,4,1,0.2008667001500725,0.0006927726790308,3.447411562818088e-05,ok,,,,,
mip_profiled,1,9,0.02,0.0,0.8571428571428572,1,0,0.2008552700281143,0.0007216413505375,0.0,ok,,,,,
mip_profiled,1,9,0.04,0.0,0.8571428571428572,1,0,0.202645300887525,0.0008778390474617,0.0,ok,,,,,
mip_profiled,1,9,0.08,0.0,0.8571428571428572,1,1,0.1912958449684083,0.0007164566777646,0.0,ok,,,,,
mip_profiled,1,9,0.1,0.2,0.4285714285714286,5,1,0.1922959927469492,0.0006807320751249,0.0,ok,,,,,
mip_profiled,1,9,0.16,0.2,0.4285714285714286,5,2,0.1860536336898803,0.0007349960505962,0.0,ok,,,,,
mip_profiled,1,9,0.32,0.3333333333333333,0.1428571428571429,7,4,0.1797510338947177,0.0006660749204456,0.0,ok,,,,,
gnies,1,9,0.005,0.9090909090909092,0.4285714285714286,44,2,26.45036808028817,0.0011360757052898,,ok,,,,,
gnies,1,9,0.01,0.9047619047619048,0.4285714285714286,42,2,24.715835770126432,0.0011197491548955,,ok,,,,,
gnies,1,9,0.03,0.8918918918918919,0.4285714285714286,37,2,21.814345071092248,0.0010444028303027,,ok,,,,,
gnies,1,9,0.1,0.8823529411764706,0.4285714285714286,34,2,19.080707613844424,0.0009912909008562,,ok,,,,,
gnies,1,9,0.3,0.8620689655172413,0.4285714285714286,29,4,9.593267180025578,0.0008798078633844,,ok,,,,,
gnies,1,9,1.0,0.7142857142857143,0.4285714285714286,14,6,2.0380048542283475,0.0007329080253839,,ok,,,,,
gnies,1,9,3.0,0.5,0.5714285714285714,8,7,1.0918153980746863,0.000718321185559,,ok,,,,,
gnies,1,9,6.0,0.1428571428571428,1.0,1,8,0.8096136837266386,0.0006872699595987,,ok,,,,,
gnies,1,9,10.0,0.1428571428571428,1.0,1,8,0.7299905070103705,0.0006907056085765,,ok,,,,,
gnies,1,9,30.0,0.4,0.5714285714285714,4,8,0.5519617479294538,0.0007271110080182,,ok,,,,,
mip_profiled,2,9,0.001,0.3636363636363636,0.8235294117647058,11,3,1.6479988410137594,0.0013086199760437,0.0,ok,,,,,
mip_profiled,2,9,0.0025,0.3,0.8235294117647058,9,3,1.596604880411178,0.001296617090702,0.0,ok,,,,,
mip_profiled,2,9,0.005,0.2631578947368421,0.8235294117647058,8,3,1.5650837239809334,0.0014814557507634,0.0,ok,,,,,
mip_profiled,2,9,0.01,0.1764705882352941,0.8235294117647058,6,3,1.537759984843433,0.0013045412488281,0.0,ok,,,,,
mip_profiled,2,9,0.02,0.1764705882352941,0.8235294117647058,6,3,1.5013992958702147,0.0012939409352838,0.0,ok,,,,,
mip_profiled,2,9,0.04,0.2352941176470588,0.7647058823529411,8,4,1.5355908130295577,0.0012733968906104,0.0,ok,,,,,
mip_profiled,2,9,0.08,0.1764705882352941,0.8823529411764706,5,4,1.4185956241562965,0.00120190391317,0.0,ok,,,,,
mip_profiled,2,9,0.1,0.1764705882352941,0.8823529411764706,5,4,1.3993750549852848,0.0012141661718487,0.0,ok,,,,,
mip_profiled,2,9,0.16,0.2,0.7647058823529411,7,5,1.3968808092176914,0.0012943460606038,0.0,ok,,,,,
mip_profiled,2,9,0.32,0.375,0.2941176470588235,15,7,1.3853974216617644,0.0013608830049633,0.0,ok,,,,,
mip_profiled,2,9,0.64,0.5,0.1176470588235294,17,12,1.3836613590829074,0.0010996251367032,0.0,ok,,,,,
gnies,2,9,3.0,0.6923076923076923,0.4705882352941176,27,11,37.488830506335944,0.0012643509544432,,ok,,,,,
gnies,2,9,5.0,0.5909090909090909,0.5294117647058824,25,17,14.48378719110042,0.0017194389365613,,ok,,,,,
gnies,2,9,7.0,0.3888888888888889,0.8823529411764706,10,18,11.554199907928703,0.0016226889565587,,ok,,,,,
gnies,2,9,10.0,0.3888888888888889,0.8823529411764706,10,18,10.751474410761148,0.0015606479719281,,ok,,,,,
gnies,2,9,15.0,0.3888888888888889,0.8823529411764706,10,18,10.263059170916677,0.0017005042172968,,ok,,,,,
gnies,2,9,20.0,0.3529411764705882,1.0,7,19,8.147450281772763,0.0024490947835147,,ok,,,,,
gnies,2,9,30.0,0.375,0.9411764705882352,8,19,7.027181386947632,0.0023396569304168,,ok,,,,,
gnies,2,9,50.0,0.4,0.8823529411764706,9,19,6.044116836972535,0.0022111344151198,,ok,,,,,
gnies,2,9,75.0,0.6,0.5882352941176471,15,19,4.371885281056166,0.0031517059542238,,ok,,,,,
gnies,2,9,100.0,0.75,0.4705882352941176,15,19,3.718055785633624,0.0022008619271218,,ok,,,,,
gnies,2,9,200.0,0.8,0.2941176470588235,17,19,2.631137488875538,0.0014111278578639,,ok,,,,,
mip_profiled,3,9,0.001,0.5897435897435898,0.8857142857142857,50,5,3646.0484993429855,0.003925350960344,0.0048560507542942,ok_with_gap,,,,,
mip_profiled,3,9,0.0025,0.4576271186440678,0.8857142857142857,31,5,3645.9987269812264,0.0037006270140409,0.0026909064360225,ok_with_gap,,,,,
mip_profiled,3,9,0.005,0.4150943396226415,0.8571428571428572,27,5,3644.7057319106534,0.0035899118520319,0.0012228492801593,ok_with_gap,,,,,
mip_profiled,3,9,0.01,0.1578947368421052,0.8857142857142857,10,4,453.2587557160295,0.0034302319400012,5.721628775654548e-05,ok,,,,,
mip_profiled,3,9,0.02,0.0571428571428571,0.9142857142857144,5,4,183.63613195717335,0.0034577189944684,7.782493402783818e-05,ok,,,,,
mip_profiled,3,9,0.04,0.0571428571428571,0.9428571428571428,4,4,63.9893677290529,0.0036299349740147,0.0,ok,,,,,
mip_profiled,3,9,0.08,0.0588235294117647,0.9428571428571428,4,5,42.5029984661378,0.0034149186685681,0.0,ok,,,,,
mip_profiled,3,9,0.1,0.0588235294117647,0.9428571428571428,4,6,41.94246338214725,0.003510994836688,0.0,ok,,,,,
mip_profiled,3,9,0.16,0.125,0.8285714285714285,10,11,41.58450776198879,0.003601673990488,0.0,ok,,,,,
mip_profiled,3,9,0.32,0.3157894736842105,0.4285714285714286,26,18,41.65694432891905,0.0033951862715184,0.0,ok,,,,,
mip_profiled,3,9,0.64,0.4,0.0857142857142857,35,30,41.623854368925095,0.0027712532319128,0.0,ok,,,,,
gnies,3,9,10.0,0.4324324324324324,0.7714285714285715,28,39,260.0163677879609,0.0497434050776064,,ok,,,,,
gnies,3,9,20.0,0.3529411764705882,0.9142857142857144,18,40,176.8602026561275,0.2085134740918874,,ok,,,,,
gnies,3,9,30.0,0.3529411764705882,0.9142857142857144,18,40,171.28629367565736,0.2084989254362881,,ok,,,,,
gnies,3,9,40.0,0.3636363636363636,0.8857142857142857,19,40,155.2324552400969,0.2045253743417561,,ok,,,,,
gnies,3,9,60.0,0.34375,0.8857142857142857,18,40,143.15761388279498,0.2022556657902896,,ok,,,,,
gnies,3,9,80.0,0.3571428571428571,0.7714285714285715,20,40,122.93109690817072,0.0631196503527462,,ok,,,,,
gnies,3,9,120.0,0.4705882352941176,0.4571428571428572,26,40,84.29293241212144,0.0130159510299563,,ok,,,,,
gnies,3,9,160.0,0.6,0.4,30,40,74.07622604211792,0.1776199429295957,,ok,,,,,
gnies,3,9,240.0,0.75,0.1999999999999999,36,40,43.40777584211901,0.0040317140519618,,ok,,,,,
gnies,3,9,320.0,0.75,0.0857142857142857,36,40,26.959933701902628,0.0028114533051848,,ok,,,,,
mip_profiled,1,10,0.001,0.3333333333333333,0.8571428571428572,4,1,0.2968615852296352,0.0008060778491199,0.0,ok,,,,,
mip_profiled,1,10,0.0025,0.125,0.8571428571428572,2,1,0.2615819717757404,0.0006966656073927,0.0,ok,,,,,
mip_profiled,1,10,0.005,0.125,0.8571428571428572,2,1,0.2656669821590185,0.0006910758092999,0.0,ok,,,,,
mip_profiled,1,10,0.01,0.125,0.8571428571428572,2,1,0.2400096799246966,0.0006391596980392,0.0,ok,,,,,
mip_profiled,1,10,0.02,0.0,0.8571428571428572,1,2,0.2517911768518388,0.0006480910815298,0.0,ok,,,,,
mip_profiled,1,10,0.04,0.0,0.8571428571428572,1,2,0.2423266489058733,0.0006287428550422,0.0,ok,,,,,
mip_profiled,1,10,0.08,0.0,0.8571428571428572,1,1,0.2321247900836169,0.0006315526552498,0.0,ok,,,,,
mip_profiled,1,10,0.1,0.4,0.2857142857142857,7,2,0.2360717649571597,0.0007437709718942,0.0,ok,,,,,
mip_profiled,1,10,0.16,0.4,0.4285714285714286,6,2,0.229475256986916,0.000614071264863,0.0,ok,,,,,
mip_profiled,1,10,0.32,0.25,0.2857142857142857,6,3,0.2209417046979069,0.0006059370934963,0.0,ok,,,,,
gnies,1,10,0.005,0.9047619047619048,0.4285714285714286,42,2,20.53090859996155,0.0010467479005455,,ok,,,,,
gnies,1,10,0.01,0.9047619047619048,0.4285714285714286,42,2,19.146303011104465,0.0010045282542705,,ok,,,,,
gnies,1,10,0.03,0.9,0.4285714285714286,40,2,16.86324236681685,0.0010257950052618,,ok,,,,,
gnies,1,10,0.1,0.875,0.4285714285714286,32,2,12.830162545200436,0.0009452491067349,,ok,,,,,
gnies,1,10,0.3,0.8461538461538461,0.4285714285714286,26,5,7.426761283073574,0.0007717278786003,,ok,,,,,
gnies,1,10,1.0,0.75,0.4285714285714286,16,4,2.860317789018154,0.0006826329044997,,ok,,,,,
gnies,1,10,3.0,0.5555555555555556,0.5714285714285714,9,7,1.1630355338566003,0.0007179654203355,,ok,,,,,
gnies,1,10,6.0,0.2857142857142857,0.7142857142857143,4,8,0.7478318838402629,0.000641381368041,,ok,,,,,
gnies,1,10,10.0,0.2857142857142857,0.7142857142857143,4,8,0.6517725898884237,0.0006503127515316,,ok,,,,,
gnies,1,10,30.0,0.1666666666666666,0.7142857142857143,3,8,0.5345687409862876,0.0006296574138104,,ok,,,,,
mip_profiled,2,10,0.001,0.36,0.9411764705882352,10,0,1.3708069273270669,0.0012317481450736,0.0,ok,,,,,
mip_profiled,2,10,0.0025,0.2727272727272727,0.9411764705882352,7,0,1.336392316967249,0.0011997711844742,0.0,ok,,,,,
mip_profiled,2,10,0.005,0.25,0.8823529411764706,7,0,1.269854127895087,0.0013305218890309,0.0,ok,,,,,
mip_profiled,2,10,0.01,0.1764705882352941,0.8235294117647058,6,0,1.2108316817320883,0.0011706328950822,0.0,ok,,,,,
mip_profiled,2,10,0.02,0.0588235294117647,0.9411764705882352,2,0,1.2228575269691646,0.0011700978502631,0.0,ok,,,,,
mip_profiled,2,10,0.04,0.0588235294117647,0.9411764705882352,2,2,1.180638528894633,0.0010815570130944,0.0,ok,,,,,
mip_profiled,2,10,0.08,0.0588235294117647,0.9411764705882352,2,3,1.1878545060753822,0.001155431382358,0.0,ok,,,,,
mip_profiled,2,10,0.1,0.0588235294117647,0.9411764705882352,2,3,1.1298815640620887,0.0010664802975952,0.0,ok,,,,,
mip_profiled,2,10,0.16,0.1875,0.8235294117647058,6,5,1.1192460781894624,0.0012044608592987,0.0,ok,,,,,
mip_profiled,2,10,0.32,0.4285714285714285,0.2352941176470588,16,10,1.0899178171530366,0.0010603512637317,0.0,ok,,,,,
mip_profiled,2,10,0.64,0.75,0.0588235294117647,19,12,1.0998779307119548,0.0009939270094037,0.0,ok,,,,,
gnies,2,10,3.0,0.6086956521739131,0.5294117647058824,26,14,23.68553599435836,0.0017233351245522,,ok,,,,,
gnies,2,10,5.0,0.3529411764705882,0.8823529411764706,8,18,10.827626345679164,0.0013727811165153,,ok,,,,,
gnies,2,10,7.0,0.3529411764705882,0.8823529411764706,8,18,10.641575346700847,0.0013854997232556,,ok,,,,,
gnies,2,10,10.0,0.3529411764705882,1.0,7,19,7.8808439001441,0.0022574262693524,,ok,,,,,
gnies,2,10,15.0,0.3529411764705882,1.0,7,19,7.56175223691389,0.0024032569490373,,ok,,,,,
gnies,2,10,20.0,0.3529411764705882,1.0,7,19,7.278853429015726,0.002285080961883,,ok,,,,,
gnies,2,10,30.0,0.3529411764705882,1.0,7,19,7.096634645015001,0.0022625518031418,,ok,,,,,
gnies,2,10,50.0,0.375,0.9411764705882352,8,19,6.374384249094874,0.0022228560410439,,ok,,,,,
gnies,2,10,75.0,0.7,0.5882352941176471,15,19,4.379105031024665,0.0041524078696966,,ok,,,,,
gnies,2,10,100.0,0.75,0.4705882352941176,15,19,3.585780424065888,0.0021895179525017,,ok,,,,,
gnies,2,10,200.0,0.8,0.2941176470588235,17,19,2.529042942915112,0.0012858281843364,,ok,,,,,
mip_profiled,3,10,0.001,0.6477272727272727,0.8571428571428572,62,7,3640.371450092178,0.0039296001195907,0.0004038612710742,ok_with_gap,,,,,
mip_profiled,3,10,0.0025,0.5138888888888888,0.9714285714285714,38,5,816.5631888480857,0.0037212539464235,8.820261185023109e-05,ok,,,,,
mip_profiled,3,10,0.005,0.396551724137931,0.9714285714285714,24,5,283.1053292392753,0.0036225588992238,9.161279838943698e-05,ok,,,,,
mip_profiled,3,10,0.01,0.1951219512195122,0.9142857142857144,11,4,157.35195659473538,0.0034513850696384,7.202876057235376e-05,ok,,,,,
mip_profiled,3,10,0.02,0.0,0.9714285714285714,1,2,87.2395424330607,0.0033588870428502,0.0,ok,,,,,
mip_profiled,3,10,0.04,0.0285714285714285,0.9714285714285714,2,2,51.13506632577628,0.0033658756874501,0.0,ok,,,,,
mip_profiled,3,10,0.08,0.0294117647058823,0.9428571428571428,3,5,40.76618827413768,0.0031977402977645,0.0,ok,,,,,
mip_profiled,3,10,0.1,0.0294117647058823,0.9428571428571428,3,5,40.61389028793201,0.0032074712216854,0.0,ok,,,,,
mip_profiled,3,10,0.16,0.0606060606060606,0.9142857142857144,5,9,40.130118581000715,0.0034027849324047,0.0,ok,,,,,
mip_profiled,3,10,0.32,0.1578947368421052,0.4857142857142857,21,17,39.99749010801315,0.0030497722327709,0.0,ok,,,,,
mip_profiled,3,10,0.64,0.5,0.0571428571428571,36,31,39.9802439622581,0.0028226459398865,0.0,ok,,,,,
gnies,3,10,10.0,0.4324324324324324,0.7714285714285715,28,39,240.81936035631225,0.0484214471653103,,ok,,,,,
gnies,3,10,20.0,0.3235294117647059,0.9142857142857144,16,40,166.7414806932211,0.0617917501367628,,ok,,,,,
gnies,3,10,30.0,0.3235294117647059,0.9142857142857144,16,40,157.44147923821583,0.0619242321699857,,ok,,,,,
gnies,3,10,40.0,0.303030303030303,0.9142857142857144,15,40,152.59585458040235,0.0608730041421949,,ok,,,,,
gnies,3,10,60.0,0.3548387096774194,0.8571428571428572,18,40,133.7442041998729,0.2199807488359511,,ok,,,,,
gnies,3,10,80.0,0.4782608695652174,0.6285714285714286,24,40,101.89994460297748,0.1194851603358984,,ok,,,,,
gnies,3,10,120.0,0.4761904761904761,0.5714285714285714,24,40,93.2180006657727,0.0544690741226077,,ok,,,,,
gnies,3,10,160.0,0.7142857142857143,0.3714285714285714,32,40,69.41276368685067,0.0181445511989295,,ok,,,,,
gnies,3,10,240.0,0.75,0.1999999999999999,36,40,45.31350819207728,0.0036590099334716,,ok,,,,,
gnies,3,10,320.0,0.6666666666666666,0.0571428571428571,36,40,24.356228061020374,0.0028561609797179,,ok,,,,,
utigsp,1,1,0.001,0.1428571428571428,1.0,1,5,0.096505407243967,0.0007478701882064,,ok,,,,,
utigsp,1,1,0.01,0.1428571428571428,0.7142857142857143,3,3,0.0985513604246079,0.0006757942028343,,ok,,,,,
utigsp,1,1,0.1,0.5,0.7142857142857143,8,2,0.0801360793411731,0.0007245941087603,,ok,,,,,
utigsp,1,1,0.2,0.6842105263157895,0.7142857142857143,15,2,0.181240736041218,0.0008605797775089,,ok,,,,,
utigsp,1,1,1e-05,0.2857142857142857,0.7142857142857143,4,8,0.0764357838779687,0.0007063681259751,,ok,,,,,
utigsp,1,1,1e-07,0.1666666666666666,0.7142857142857143,3,8,0.0958506120368838,0.0006888066418468,,ok,,,,,
utigsp,1,1,1e-09,0.5,0.5714285714285714,4,8,0.0749680330045521,0.0008061276748776,,ok,,,,,
utigsp,2,1,0.001,0.3684210526315789,0.8823529411764706,9,9,0.2088672961108386,0.0014185071922838,,ok,,,,,
utigsp,2,1,0.01,0.3,0.8823529411764706,8,7,0.2727745110169053,0.0013297512196004,,ok,,,,,
utigsp,2,1,0.1,0.8245614035087719,0.5882352941176471,54,0,0.3304210272617638,0.001436220947653,,ok,,,,,
utigsp,2,1,0.2,0.8823529411764706,0.5882352941176471,82,2,0.4018544573336839,0.0016369470395147,,ok,,,,,
utigsp,2,1,1e-05,0.3529411764705882,0.7647058823529411,10,11,0.2065069307573139,0.0013974448665976,,ok,,,,,
utigsp,2,1,1e-07,0.5,0.7647058823529411,13,13,0.1890344419516623,0.0015688510611653,,ok,,,,,
utigsp,2,1,1e-09,0.5714285714285714,0.7647058823529411,12,14,0.3231757269240916,0.0038938908837735,,ok,,,,,
utigsp,3,1,0.001,0.2222222222222222,0.8285714285714285,14,8,1.3827970162965355,0.0035224528983235,,ok,,,,,
utigsp,3,1,0.01,0.5636363636363636,0.7142857142857143,41,4,0.9604304507374763,0.0038387179374694,,ok,,,,,
utigsp,3,1,0.1,0.9363057324840764,0.5428571428571429,310,7,1.2368744160048664,0.0056750681251287,,ok,,,,,
utigsp,3,1,0.2,0.9621928166351608,0.5428571428571429,525,10,1.7981041427701712,0.0083961468189954,,ok,,,,,
utigsp,3,1,1e-05,0.3243243243243243,0.7714285714285715,20,13,3.45311000617221,0.0038003250956535,,ok,,,,,
utigsp,3,1,1e-07,0.4571428571428571,0.6,30,15,2.471386441960931,0.003837380092591,,ok,,,,,
utigsp,3,1,1e-09,0.4545454545454545,0.5714285714285714,30,18,2.695108942687511,0.0038830582052469,,ok,,,,,
utigsp,1,2,0.001,0.2857142857142857,0.7142857142857143,4,5,0.0576345878653228,0.0005405088886618,,ok,,,,,
utigsp,1,2,0.01,0.2857142857142857,0.7142857142857143,4,6,0.0641840109601616,0.0005781440995633,,ok,,,,,
utigsp,1,2,0.1,0.5714285714285714,0.7142857142857143,10,4,0.1360538410954177,0.0006178491748869,,ok,,,,,
utigsp,1,2,0.2,0.6666666666666666,0.8571428571428572,15,3,0.1009108857251703,0.0006818841211497,,ok,,,,,
utigsp,1,2,1e-05,0.2857142857142857,0.7142857142857143,4,6,0.058568384964019,0.0005563739687204,,ok,,,,,
utigsp,1,2,1e-07,0.5714285714285714,0.8571428571428572,4,7,0.0735573796555399,0.0008424250409007,,ok,,,,,
utigsp,1,2,1e-09,0.6666666666666666,0.7142857142857143,6,8,0.0818976871669292,0.0008120606653392,,ok,,,,,
utigsp,2,2,0.001,0.2352941176470588,0.8235294117647058,7,6,0.1936882566660642,0.0010236757807433,,ok,,,,,
utigsp,2,2,0.01,0.5217391304347826,0.7647058823529411,16,5,0.2087234267964959,0.0012107379734516,,ok,,,,,
utigsp,2,2,0.1,0.8596491228070176,0.4705882352941176,59,3,0.2265360220335424,0.0013241022825241,,ok,,,,,
utigsp,2,2,0.2,0.8860759493670886,0.5294117647058824,78,1,0.3363219988532364,0.0013770861551165,,ok,,,,,
utigsp,2,2,1e-05,0.3529411764705882,0.7058823529411764,13,11,0.2269934020005166,0.0011249613016843,,ok,,,,,
utigsp,2,2,1e-07,0.4,0.7058823529411764,11,12,0.2068273806944489,0.0011688517406582,,ok,,,,,
utigsp,2,2,1e-09,0.4,0.7058823529411764,11,13,0.1773599591106176,0.0011321562342345,,ok,,,,,
utigsp,3,2,0.001,0.2777777777777778,0.7714285714285715,18,9,1.3417909094132483,0.0032896911725401,,ok,,,,,
utigsp,3,2,0.01,0.4642857142857143,0.8285714285714285,32,7,1.6241071918047965,0.0033244891092181,,ok,,,,,
utigsp,3,2,0.1,0.9265734265734266,0.5714285714285714,280,10,0.9675401491113008,0.0050111291930079,,ok,,,,,
utigsp,3,2,0.2,0.9692898272552783,0.4285714285714286,525,10,1.507846959400922,0.0080151581205427,,ok,,,,,
utigsp,3,2,1e-05,0.2,0.8571428571428572,11,12,4.197652502916753,0.0036100214347243,,ok,,,,,
utigsp,3,2,1e-07,0.4705882352941176,0.6,30,14,3.6946926307864487,0.0040119476616382,,ok,,,,,
utigsp,3,2,1e-09,0.3636363636363636,0.6857142857142857,23,16,3.1142001491971314,0.0035529029555618,,ok,,,,,
utigsp,1,3,0.001,0.1428571428571428,0.7142857142857143,3,6,0.0789286331273615,0.0005430709570646,,ok,,,,,
utigsp,1,3,0.01,0.1428571428571428,0.7142857142857143,3,3,0.0784381330013275,0.0005611008964478,,ok,,,,,
utigsp,1,3,0.1,0.6923076923076923,0.4285714285714286,13,1,0.0809362460859119,0.0005807890556752,,ok,,,,,
utigsp,1,3,0.2,0.625,0.7142857142857143,12,2,0.1055877902545034,0.0007033119909465,,ok,,,,,
utigsp,1,3,1e-05,0.7142857142857143,0.7142857142857143,7,7,0.0786870028823614,0.0009316429495811,,ok,,,,,
utigsp,1,3,1e-07,0.7142857142857143,0.7142857142857143,6,8,0.0945285828784108,0.0010530930012464,,ok,,,,,
utigsp,1,3,1e-09,0.6,0.4285714285714286,6,8,0.0778585858643055,0.0006708251312375,,ok,,,,,
utigsp,2,3,0.001,0.2222222222222222,0.8823529411764706,6,6,0.1749152499251067,0.0010709599591791,,ok,,,,,
utigsp,2,3,0.01,0.1666666666666666,0.9411764705882352,4,4,0.2341176779009401,0.0011686300858855,,ok,,,,,
utigsp,2,3,0.1,0.7446808510638298,0.7058823529411764,40,1,0.1691075107082724,0.0011648521758615,,ok,,,,,
utigsp,2,3,0.2,0.8701298701298701,0.5882352941176471,74,1,0.3206913322210312,0.0014223977923393,,ok,,,,,
utigsp,2,3,1e-05,0.375,0.7647058823529411,10,12,0.2227398087270558,0.0011153579689562,,ok,,,,,
utigsp,2,3,1e-07,0.4375,0.7647058823529411,11,13,0.1993990400806069,0.0012662336230278,,ok,,,,,
utigsp,2,3,1e-09,0.4285714285714285,0.7058823529411764,10,13,0.4721825388260185,0.0015988051891326,,ok,,,,,
utigsp,3,3,0.001,0.1714285714285714,0.8571428571428572,11,10,0.9035570519044996,0.0033339457586407,,ok,,,,,
utigsp,3,3,0.01,0.6376811594202898,0.6857142857142857,55,9,0.5473860614001751,0.0034197657369077,,ok,,,,,
utigsp,3,3,0.1,0.898876404494382,0.7428571428571429,249,8,0.7621503607369959,0.0048592761158943,,ok,,,,,
utigsp,3,3,0.2,0.952,0.6571428571428571,488,10,1.5208437638357282,0.0066143288277089,,ok,,,,,
utigsp,3,3,1e-05,0.4210526315789473,0.6571428571428571,28,15,1.470815574284643,0.0033111539669334,,ok,,,,,
utigsp,3,3,1e-07,0.4,0.6285714285714286,27,16,1.3757902360521257,0.0033342437818646,,ok,,,,,
utigsp,3,3,1e-09,0.3636363636363636,0.6571428571428571,24,17,2.0742356330156326,0.0034890798851847,,ok,,,,,
utigsp,1,4,0.001,0.1428571428571428,0.8571428571428572,2,6,0.0958679891191423,0.000797551125288,,ok,,,,,
utigsp,1,4,0.01,0.5555555555555556,0.5714285714285714,8,4,0.089865316171199,0.0007698065601289,,ok,,,,,
utigsp,1,4,0.1,0.4166666666666667,0.8571428571428572,6,2,0.132936131209135,0.0008988389745354,,ok,,,,,
utigsp,1,4,0.2,0.7222222222222222,0.5714285714285714,16,3,0.1380401109345257,0.0011333981528878,,ok,,,,,
utigsp,1,4,1e-05,0.5,0.5714285714285714,4,8,0.0817228280939161,0.000900958199054,,ok,,,,,
utigsp,1,4,1e-07,0.4,0.5714285714285714,4,8,0.0817312970757484,0.0010744640603661,,ok,,,,,
utigsp,1,4,1e-09,0.6,0.4285714285714286,6,8,0.0745327090844512,0.0010526180267333,,ok,,,,,
utigsp,2,4,0.001,0.2352941176470588,0.9411764705882352,5,9,0.2792203929275274,0.001531264744699,,ok,,,,,
utigsp,2,4,0.01,0.3636363636363636,0.9411764705882352,9,7,0.4742832230404019,0.0015848730690777,,ok,,,,,
utigsp,2,4,0.1,0.8392857142857143,0.5294117647058824,55,3,0.349970777053386,0.0017061079852283,,ok,,,,,
utigsp,2,4,0.2,0.8901098901098901,0.5882352941176471,88,1,0.4634397788904607,0.0020946329459547,,ok,,,,,
utigsp,2,4,1e-05,0.4666666666666667,0.5882352941176471,14,12,0.2935860059224069,0.0016119391657412,,ok,,,,,
utigsp,2,4,1e-07,0.5,0.7647058823529411,10,14,0.2263206541538238,0.004433189984411,,ok,,,,,
utigsp,2,4,1e-09,0.7692307692307693,0.5882352941176471,16,17,0.1772272232919931,0.0084367487579584,,ok,,,,,
utigsp,3,4,0.001,0.1714285714285714,0.8571428571428572,11,7,2.7173951477743685,0.004432856105268,,ok,,,,,
utigsp,3,4,0.01,0.5932203389830508,0.6571428571428571,47,6,1.4876202451996503,0.0046064970083534,,ok,,,,,
utigsp,3,4,0.1,0.949820788530466,0.3714285714285714,287,9,1.155750643927604,0.0066200797446072,,ok,,,,,
utigsp,3,4,0.2,0.9786407766990292,0.2857142857142857,529,10,2.6256412900984287,0.0094432607293128,,ok,,,,,
utigsp,3,4,1e-05,0.2285714285714285,0.8,15,10,2.0812434628605843,0.0041644875891506,,ok,,,,,
utigsp,3,4,1e-07,0.4166666666666667,0.6857142857142857,26,15,5.310033646877855,0.0050389380194246,,ok,,,,,
utigsp,3,4,1e-09,0.4545454545454545,0.6,29,16,3.823747592046857,0.0048749670386314,,ok,,,,,
utigsp,1,5,0.001,0.625,0.7142857142857143,7,7,0.0890259169973433,0.0009425170719623,,ok,,,,,
utigsp,1,5,0.01,0.25,0.7142857142857143,4,4,0.1051674401387572,0.0006676414050161,,ok,,,,,
utigsp,1,5,0.1,0.5,0.7142857142857143,8,3,0.1025234721601009,0.0008272822014987,,ok,,,,,
utigsp,1,5,0.2,0.7368421052631579,0.5714285714285714,17,2,0.2364943539723754,0.0009342660196125,,ok,,,,,
utigsp,1,5,1e-05,0.5,0.5714285714285714,4,8,0.0867544971406459,0.0007872763089835,,ok,,,,,
utigsp,1,5,1e-07,0.6,0.4285714285714286,6,8,0.0595623920671641,0.0008374797180294,,ok,,,,,
utigsp,1,5,1e-09,0.75,0.4285714285714286,6,8,0.0655070161446929,0.00082119833678,,ok,,,,,
utigsp,2,5,0.001,0.3333333333333333,0.7647058823529411,10,9,0.3281397009268403,0.0013754502870142,,ok,,,,,
utigsp,2,5,0.01,0.5416666666666666,0.7647058823529411,17,5,0.1750657362863421,0.0013568787835538,,ok,,,,,
utigsp,2,5,0.1,0.723404255319149,0.7647058823529411,38,3,0.2376368218101561,0.0013944921083748,,ok,,,,,
utigsp,2,5,0.2,0.8860759493670886,0.5294117647058824,78,2,0.38948595803231,0.0015649101696908,,ok,,,,,
utigsp,2,5,1e-05,0.4666666666666667,0.6470588235294117,13,12,0.2334112580865621,0.0012994860298931,,ok,,,,,
utigsp,2,5,1e-07,0.4615384615384615,0.5882352941176471,13,13,0.3612247961573303,0.0014000842347741,,ok,,,,,
utigsp,2,5,1e-09,0.7692307692307693,0.4705882352941176,19,14,0.8585653798654675,0.0016503720544278,,ok,,,,,
utigsp,3,5,0.001,0.1891891891891892,0.8571428571428572,12,9,10.79836050560698,0.0034395661205053,,ok,,,,,
utigsp,3,5,0.01,0.4313725490196078,0.8285714285714285,29,6,1.5925282309763134,0.0034745438024401,,ok,,,,,
utigsp,3,5,0.1,0.9405594405594404,0.4571428571428572,288,5,0.9908118275925516,0.0055237566120922,,ok,,,,,
utigsp,3,5,0.2,0.970414201183432,0.4,513,7,1.6484494982287288,0.008015395142138,,ok,,,,,
utigsp,3,5,1e-05,0.3243243243243243,0.7714285714285715,20,13,3.302544034086168,0.0036630118265748,,ok,,,,,
utigsp,3,5,1e-07,0.5277777777777778,0.5714285714285714,34,15,1.795278202276677,0.0039850207976996,,ok,,,,,
utigsp,3,5,1e-09,0.4193548387096774,0.6285714285714286,26,18,1.2808910449966788,0.0047857942990958,,ok,,,,,
utigsp,1,6,0.001,0.1428571428571428,0.7142857142857143,3,5,0.055767762940377,0.0005393791943788,,ok,,,,,
utigsp,1,6,0.01,0.3333333333333333,0.7142857142857143,5,3,0.0706505193375051,0.0005170512013137,,ok,,,,,
utigsp,1,6,0.1,0.5384615384615384,0.8571428571428572,8,0,0.0852901102043688,0.0005689370445907,,ok,,,,,
utigsp,1,6,0.2,0.625,0.7142857142857143,12,1,0.1239435910247266,0.0006602508947253,,ok,,,,,
utigsp,1,6,1e-05,0.7142857142857143,0.7142857142857143,6,8,0.0872264667414128,0.0009904680773615,,ok,,,,,
utigsp,1,6,1e-07,0.6,0.4285714285714286,6,8,0.0584546239115297,0.0006138994358479,,ok,,,,,
utigsp,1,6,1e-09,0.6,0.4285714285714286,6,8,0.0517034758813679,0.0006146794185042,,ok,,,,,
utigsp,2,6,0.001,0.1764705882352941,0.9411764705882352,4,7,0.1919575608335435,0.0010525230318307,,ok,,,,,
utigsp,2,6,0.01,0.1666666666666666,0.9411764705882352,4,2,0.1876860768534243,0.0009508659131824,,ok,,,,,
utigsp,2,6,0.1,0.7307692307692307,0.8235294117647058,41,2,0.188958337996155,0.0012077637948095,,ok,,,,,
utigsp,2,6,0.2,0.8910891089108911,0.6470588235294117,96,1,0.3418288333341479,0.0014525377191603,,ok,,,,,
utigsp,2,6,1e-05,0.3529411764705882,0.7647058823529411,10,10,0.2355711013078689,0.0010297121480107,,ok,,,,,
utigsp,2,6,1e-07,0.4375,0.7058823529411764,13,12,0.1525831902399659,0.0011410936713218,,ok,,,,,
utigsp,2,6,1e-09,0.7333333333333333,0.4117647058823529,21,15,0.1596921402961015,0.0010654893703758,,ok,,,,,
utigsp,3,6,0.001,0.1428571428571428,0.8571428571428572,10,10,1.7928299931809306,0.0030590002425014,,ok,,,,,
utigsp,3,6,0.01,0.5,0.8571428571428572,36,9,1.143056862987578,0.0031208088621497,,ok,,,,,
utigsp,3,6,0.1,0.9250936329588016,0.5428571428571429,264,11,0.9716996126808226,0.0049678082577884,,ok,,,,,
utigsp,3,6,0.2,0.9657142857142856,0.4857142857142857,525,9,1.3051829473115504,0.0071656722575426,,ok,,,,,
utigsp,3,6,1e-05,0.2,0.8571428571428572,12,13,2.182770633138716,0.0031452784314751,,ok,,,,,
utigsp,3,6,1e-07,0.3243243243243243,0.7714285714285715,20,15,4.059871979989111,0.0034121791832149,,ok,,,,,
utigsp,3,6,1e-09,0.3939393939393939,0.6285714285714286,26,13,3.4453353597782552,0.0031944829970598,,ok,,,,,
utigsp,1,7,0.001,0.1428571428571428,0.8571428571428572,2,5,0.0677305469289422,0.0006041368469595,,ok,,,,,
utigsp,1,7,0.01,0.5555555555555556,0.7142857142857143,7,4,0.0911123780533671,0.0006784601137042,,ok,,,,,
utigsp,1,7,0.1,0.6,0.7142857142857143,11,2,0.0854671248234808,0.0006463387981057,,ok,,,,,
utigsp,1,7,0.2,0.8695652173913043,0.2857142857142857,25,3,0.1455145329236984,0.0007791598327457,,ok,,,,,
utigsp,1,7,1e-05,0.7142857142857143,0.7142857142857143,6,8,0.0744864996522665,0.0010364889167249,,ok,,,,,
utigsp,1,7,1e-07,0.7142857142857143,0.7142857142857143,6,8,0.0921952482312917,0.0010442002676427,,ok,,,,,
utigsp,1,7,1e-09,0.8,0.7142857142857143,6,8,0.0988906859420239,0.0010372237302362,,ok,,,,,
utigsp,2,7,0.001,0.2352941176470588,0.9411764705882352,5,9,0.29686473403126,0.0012191906571388,,ok,,,,,
utigsp,2,7,0.01,0.2631578947368421,0.8823529411764706,8,6,0.2539240270853042,0.0012029157951474,,ok,,,,,
utigsp,2,7,0.1,0.78,0.6470588235294117,45,2,0.2668189979158342,0.0012245001271367,,ok,,,,,
utigsp,2,7,0.2,0.875,0.6470588235294117,83,1,0.4285580418072641,0.001561501994729,,ok,,,,,
utigsp,2,7,1e-05,0.1875,0.8235294117647058,6,9,0.3729789811186492,0.0010618967935442,,ok,,,,,
utigsp,2,7,1e-07,0.5333333333333333,0.5294117647058824,16,11,0.2519646920263767,0.0013201790861785,,ok,,,,,
utigsp,2,7,1e-09,0.6153846153846154,0.5882352941176471,13,16,0.3476650989614427,0.0028427722863852,,ok,,,,,
utigsp,3,7,0.001,0.1666666666666666,0.8857142857142857,10,9,2.360675970092416,0.0032746321521699,,ok,,,,,
utigsp,3,7,0.01,0.4285714285714285,0.8,29,8,1.6194579070433974,0.0034930580295622,,ok,,,,,
utigsp,3,7,0.1,0.9138576779026216,0.6285714285714286,257,6,0.9443943090736866,0.0061537846922874,,ok,,,,,
utigsp,3,7,0.2,0.9733333333333334,0.3714285714285714,533,7,1.4329424928873775,0.0080222450196743,,ok,,,,,
utigsp,3,7,1e-05,0.3611111111111111,0.7142857142857143,23,11,2.5010971697047353,0.0035225697793066,,ok,,,,,
utigsp,3,7,1e-07,0.3888888888888889,0.6571428571428571,26,13,3.5621855123899877,0.0033767009153962,,ok,,,,,
utigsp,3,7,1e-09,0.3939393939393939,0.6285714285714286,26,17,1.9330114061012864,0.0034559606574475,,ok,,,,,
utigsp,1,8,0.001,0.1428571428571428,0.8571428571428572,2,4,0.0784988519735634,0.0006272853352129,,ok,,,,,
utigsp,1,8,0.01,0.4444444444444444,0.5714285714285714,7,5,0.0766220800578594,0.0006127632223069,,ok,,,,,
utigsp,1,8,0.1,0.6153846153846154,0.5714285714285714,11,3,0.1326453727670014,0.0006480370648205,,ok,,,,,
utigsp,1,8,0.2,0.625,0.7142857142857143,12,2,0.1507541728205979,0.0007323580794036,,ok,,,,,
utigsp,1,8,1e-05,0.2857142857142857,0.7142857142857143,4,8,0.0674061281606555,0.0006126491352915,,ok,,,,,
utigsp,1,8,1e-07,0.5,0.5714285714285714,5,8,0.0570951821282506,0.0006695529446005,,ok,,,,,
utigsp,1,8,1e-09,0.8,0.4285714285714286,8,8,0.096755641978234,0.0006921691820025,,ok,,,,,
utigsp,2,8,0.001,0.2352941176470588,0.8235294117647058,7,8,0.1967241722159087,0.0010565109550952,,ok,,,,,
utigsp,2,8,0.01,0.4090909090909091,0.8235294117647058,12,6,0.1883216346614062,0.0011213831603527,,ok,,,,,
utigsp,2,8,0.1,0.8727272727272727,0.4117647058823529,58,2,0.292638239916414,0.0012866733595728,,ok,,,,,
utigsp,2,8,0.2,0.8513513513513513,0.6470588235294117,69,2,0.3632215056568384,0.0014852881431579,,ok,,,,,
utigsp,2,8,1e-05,0.4375,0.5882352941176471,14,10,0.1816190015524625,0.001164851244539,,ok,,,,,
utigsp,2,8,1e-07,0.5,0.6470588235294117,14,14,0.163801004178822,0.0015339897945523,,ok,,,,,
utigsp,2,8,1e-09,0.5714285714285714,0.6470588235294117,14,14,0.1642453731037676,0.0015449780039489,,ok,,,,,
utigsp,3,8,0.001,0.1714285714285714,0.8571428571428572,11,9,5.275343826971948,0.0033128419890999,,ok,,,,,
utigsp,3,8,0.01,0.6,0.6571428571428571,50,8,1.765712033957243,0.0034482493065297,,ok,,,,,
utigsp,3,8,0.1,0.9388489208633094,0.4571428571428572,280,8,1.1334310160018504,0.0049832053482532,,ok,,,,,
utigsp,3,8,0.2,0.9613152804642168,0.5428571428571429,513,7,1.3977421261370182,0.0076757967472076,,ok,,,,,
utigsp,3,8,1e-05,0.2857142857142857,0.7714285714285715,18,13,1.5499642919749022,0.0034154150635004,,ok,,,,,
utigsp,3,8,1e-07,0.4444444444444444,0.6285714285714286,29,15,2.1853698678314686,0.0034285737201571,,ok,,,,,
utigsp,3,8,1e-09,0.4166666666666667,0.6571428571428571,27,16,2.337677718605846,0.0034132893197238,,ok,,,,,
utigsp,1,9,0.001,0.1428571428571428,0.8571428571428572,2,6,0.0725510218180716,0.0006049335934221,,ok,,,,,
utigsp,1,9,0.01,0.1428571428571428,0.7142857142857143,3,6,0.0822530081495642,0.0005848640576004,,ok,,,,,
utigsp,1,9,0.1,0.5,0.7142857142857143,8,4,0.0755110350437462,0.000629698857665,,ok,,,,,
utigsp,1,9,0.2,0.8571428571428571,0.2857142857142857,23,2,0.1341898869723081,0.0007668491452932,,ok,,,,,
utigsp,1,9,1e-05,0.5714285714285714,0.8571428571428572,4,7,0.0922389402985572,0.0009070499800145,,ok,,,,,
utigsp,1,9,1e-07,0.6,0.4285714285714286,6,8,0.0844443081878125,0.0007140357047319,,ok,,,,,
utigsp,1,9,1e-09,0.8,0.4285714285714286,6,8,0.066029496025294,0.0007903520017862,,ok,,,,,
utigsp,2,9,0.001,0.2222222222222222,0.8823529411764706,6,7,0.1531395679339766,0.0010571093298494,,ok,,,,,
utigsp,2,9,0.01,0.2777777777777778,0.8235294117647058,8,5,0.1399792837910354,0.0011188872158527,,ok,,,,,
utigsp,2,9,0.1,0.7291666666666666,0.7647058823529411,39,5,0.199020670261234,0.0013052662834525,,ok,,,,,
utigsp,2,9,0.2,0.8414634146341463,0.7647058823529411,73,2,0.324330166913569,0.0014487099833786,,ok,,,,,
utigsp,2,9,1e-05,0.3125,0.7647058823529411,9,9,0.1972765009850263,0.0010929880663752,,ok,,,,,
utigsp,2,9,1e-07,0.4375,0.7058823529411764,12,12,0.2180231451056897,0.0012100869789719,,ok,,,,,
utigsp,2,9,1e-09,0.6153846153846154,0.6470588235294117,13,15,0.1996705140918493,0.0024964483454823,,ok,,,,,
utigsp,3,9,0.001,0.2631578947368421,0.8285714285714285,18,9,4.46690952591598,0.0038923919200897,,ok,,,,,
utigsp,3,9,0.01,0.4727272727272727,0.8,33,7,1.73202422587201,0.0033069844357669,,ok,,,,,
utigsp,3,9,0.1,0.9239130434782608,0.5714285714285714,270,8,0.909912982955575,0.0049224528484046,,ok,,,,,
utigsp,3,9,0.2,0.9601518026565464,0.5714285714285714,521,8,1.574707549996674,0.0069595370441675,,ok,,,,,
utigsp,3,9,1e-05,0.3888888888888889,0.6857142857142857,25,11,0.7120838863775134,0.0034184893593192,,ok,,,,,
utigsp,3,9,1e-07,0.4166666666666667,0.6571428571428571,27,17,1.7265208577737212,0.0034048906527459,,ok,,,,,
utigsp,3,9,1e-09,0.5294117647058824,0.5428571428571429,34,19,1.6397641766816378,0.0035227490589022,,ok,,,,,
utigsp,1,10,0.001,0.1428571428571428,0.8571428571428572,2,3,0.0813743029721081,0.0006378847174346,,ok,,,,,
utigsp,1,10,0.01,0.25,0.7142857142857143,4,3,0.1036439221352338,0.0006262441165745,,ok,,,,,
utigsp,1,10,0.1,0.5714285714285714,0.7142857142857143,10,0,0.1006166678853333,0.0008155996911227,,ok,,,,,
utigsp,1,10,0.2,0.7391304347826086,0.7142857142857143,19,2,0.1881736633367836,0.0008591269142925,,ok,,,,,
utigsp,1,10,1e-05,0.2857142857142857,0.7142857142857143,4,7,0.0689583751372993,0.0006255987100303,,ok,,,,,
utigsp,1,10,1e-07,0.6666666666666666,0.4285714285714286,6,8,0.080609553027898,0.0042896270751953,,ok,,,,,
utigsp,1,10,1e-09,0.75,0.4285714285714286,6,8,0.0796494791284203,0.0007589347660541,,ok,,,,,
utigsp,2,10,0.001,0.4210526315789473,0.7058823529411764,13,8,0.1906291958875954,0.0011845831759274,,ok,,,,,
utigsp,2,10,0.01,0.3684210526315789,0.7647058823529411,11,5,0.1718193721026182,0.0010862275958061,,ok,,,,,
utigsp,2,10,0.1,0.7647058823529411,0.7058823529411764,44,1,0.2030647019855678,0.0012743459083139,,ok,,,,,
utigsp,2,10,0.2,0.8433734939759037,0.7647058823529411,74,2,0.3030837820842862,0.0014773411676287,,ok,,,,,
utigsp,2,10,1e-05,0.4705882352941176,0.7058823529411764,13,10,0.2345098899677395,0.0012112879194319,,ok,,,,,
utigsp,2,10,1e-07,0.375,0.8235294117647058,9,13,0.1862690607085824,0.0013376353308558,,ok,,,,,
utigsp,2,10,1e-09,0.7333333333333333,0.5294117647058824,17,16,0.1915053399279713,0.0028066732920706,,ok,,,,,
utigsp,3,10,0.001,0.1428571428571428,0.8857142857142857,9,8,1.7156497091054916,0.0033828411251306,,ok,,,,,
utigsp,3,10,0.01,0.4615384615384615,0.8,31,5,0.827051430940628,0.0033924849703907,,ok,,,,,
utigsp,3,10,0.1,0.9302325581395348,0.4857142857142857,258,7,0.9407757008448244,0.0049671186134219,,ok,,,,,
utigsp,3,10,0.2,0.9758064516129032,0.3142857142857143,508,9,1.3506844374351203,0.0070642489008605,,ok,,,,,
utigsp,3,10,1e-05,0.2571428571428571,0.8,16,14,1.6579537731595335,0.0034599928185343,,ok,,,,,
utigsp,3,10,1e-07,0.2941176470588235,0.7714285714285715,18,17,2.070039990823716,0.0039855861105024,,ok,,,,,
utigsp,3,10,1e-09,0.5428571428571428,0.5714285714285714,34,19,4.173686848953366,0.0043610190041363,,ok,,,,,
