0.639384665323262,-0.0250462088755566,-0.743356786099648,-4.54508642332701,1.9141322805862,2.7449638656568,-2.98017938788596,-0.811012354619587,0.246861385963419,2.03577503289384
-1.09855957793419,0.799753815360851,1.79448951417959,2.89261255578129,-2.89034781076747,-4.12852417218303,-0.340558219172684,-0.282772889851129,0.901577131967039,-3.61944275533034
0.498402448896298,-0.291400624172555,-2.34404339144808,-0.912555189208263,0.537780565237258,2.72798871689638,-4.86833922112524,1.55700431473834,3.33316547256675,3.8450175305652
-1.31486903264958,1.81292017411334,-0.997537613743423,0.999423577454059,-1.02548707955065,0.378675479920659,-3.06289127061665,0.727857477296842,-0.476542701967947,-0.194079241893848
-2.37136612641271,0.865402476629565,2.11354691788449,2.29046624422857,-1.8285046272221,-1.72892010485761,-1.87153095425594,-1.2816586862897,-3.75068763234117,-5.74664934227311
2.13488154856358,1.14865360208486,-2.55860373615775,0.300998686029469,-1.8487759593304,2.10201442978028,0.636783409456461,-0.823062559771507,-0.85960208133465,-0.0854882881882345
1.88171848118021,-0.777557739108787,-0.864760267659825,-0.303365702229598,0.994993595672298,-1.15478748596731,-0.447712369099368,3.50552677019029,3.83211054423641,1.59638206870582
3.44533773547994,0.900640346335823,-0.468654313154289,0.428975116752551,-1.50271301774792,-3.51035096875869,-0.352730613498333,1.3273677239469,2.75087658441243,3.14608718744088
-0.242051014850379,-0.534266680899045,0.481329892564329,-2.16575171025193,-1.87903412551718,2.16242150531381,-0.509328359251153,-0.558885219141728,-1.50367173253133,0.623957691497614
-1.33814847360133,0.529742703775578,-1.53402305945627,0.261588739949833,1.3382282954495,-1.78736462599378,0.0710003011012277,0.618877323561931,2.59902571720849,0.0816218102542814
-1.4394242052493,0.342278472227067,1.12821555491111,2.65268748810375,-2.94481356520026,-1.40298258733128,0.301060468221432,2.04796320691306,1.54427546247195,-4.29327875334363
1.05170809261359,-0.173093048331575,0.598111699628674,-2.49272804051795,0.930235968307059,-0.690407010951404,0.0703491773834315,-3.66721006837163,-2.28243208114683,4.1170078244931
1.92406891196534,-0.819112326562865,-2.35630351367132,-1.29485427395739,-1.0923291921907,-2.24816057407593,-4.4848715250845,2.36032663253324,2.1232241697302,4.48705820221823
-1.02525185483425,0.936028707534631,-1.76571822270377,-1.54499807974327,2.99344224991169,1.86422832896348,1.624523612442,-1.89212878655906,-2.72514986197543,-0.511927132275716
0.561446968440129,-0.932769314398745,-0.377852147448343,2.82647356021044,0.771766190903463,2.51060155684929,-1.67825008890107,-0.640291456400746,2.89831393376697,4.24750753039506
-1.87116230944281,-0.508110298654559,-0.93563371420603,-1.23799756280471,0.667855199540766,-0.367616984558292,0.562152157585523,-0.195973503570399,1.44765244510391,1.25765942681343
0.564035688840672,2.34482611726158,1.33030755941217,-1.78325551213728,0.43211904606133,3.40808209658871,-1.10821701671793,2.95133228206574,0.315372121309583,1.89173853771117
3.49924611984363,0.299776117667677,-3.36367771430952,-1.84471491389236,-0.385205661159921,2.99673943876858,1.98696278670655,-0.783669207758982,-1.0384908098377,6.55400540447923
-3.42516390978032,0.493818093309256,0.235785431997989,1.31965913174566,0.61934611168238,0.68018978611898,0.701496236782922,-3.21411774751641,-0.914825859920352,0.415124694767832
-0.822511201161477,0.703847066334928,-0.778066926955911,-2.25270103266437,-1.00887648805635,1.86531065368195,3.8552497561595,2.09176291567511,1.67070066246374,0.344609771490055
1.99641676346588,1.09490491740296,0.882029825201396,0.090674206283638,0.622017702076357,-1.85432690620417,0.58367001632041,-2.38080444841069,-0.206843295521798,-4.42007206981956
-1.69575749870484,-0.77354378361404,1.18039548971284,5.80705000689937,-2.1085383579162,-2.3553681197178,3.56606736970927,-3.64285904379492,-0.240540315064366,-1.92196297784401
0.0495586317279708,0.707016035718325,1.70972723300204,1.16706307191495,0.675232069128869,-3.07160858942494,1.14346348459591,5.67111326818009,8.29638525823191,-5.36626419164787
0.574356790979161,1.21199684548508,1.43470069917977,0.717319256193351,-0.917480097670379,-1.63770126989962,-1.78876803630439,-1.13493832354097,-0.838433620504738,-2.42068196515978
-1.61226299677779,-0.31381471480251,1.00308170304767,2.57505548149495,2.71808711067467,0.0247094761120027,-2.54469734423826,2.41047132025328,4.53681236837517,-2.81553322761078
0.824996295497458,-2.39697878645527,0.0823601120983351,-4.79443699755384,-1.16818233548901,1.29538197945013,0.312237449784865,-0.154940585040713,-2.45825163160505,-0.0144209602134602
-2.92649782910464,0.23157450728944,2.12756428564179,-1.98197064297157,-0.343195791246311,-0.932400881143796,-0.0249042045591136,-0.316532749463734,2.11794982094309,-4.71251226735026
-2.58662845357687,0.0066905316523802,3.02315345532737,-0.0916042951359808,-0.991935736953734,-0.76651761429017,-3.34343621341839,-0.739044655804207,0.249971131079801,-4.77488258180385
-0.637502785545764,-1.23373614981793,0.980395357503089,-2.95471284278507,-1.25563867125108,1.80031614311173,-2.54367978276676,-1.21358648713201,-4.70987758095807,3.11591584138829
0.0930861391832376,1.51233975297774,-0.246244546178156,-0.337654290044855,0.126840329052557,0.241199558585597,-3.63387869742249,-0.180304942467566,1.09750397205952,4.30126119670461
0.0357161003791608,1.09680113361852,1.78166076352836,-0.927211582950903,0.151700914217201,-0.0581082104078495,-1.54629501719769,3.2740292919212,4.50880450591723,-0.804068163699243
-1.96841625740144,0.625684060237115,3.45988977225384,0.81943133217301,-1.18419387359379,-2.37201028133471,-1.66609744432395,0.286148945147143,2.81431506298696,-1.91542553183508
-5.08980165932783,0.560938878567534,1.51947987637002,-0.976070868347362,-0.673595483952772,-5.06018959392495,-0.564263165611281,2.07017216578025,-0.208150857073372,-6.07322238206906
-1.5957977926853,-0.547010996555286,1.15420461386766,3.40483759051022,-2.01826949725505,-2.21091248619154,-1.32752561495473,-0.0177804543414405,0.0847615307449378,-3.73483811512653
-1.78824423868277,1.17297602596933,2.65794538004789,-2.36926398019127,2.30728444613979,-0.59017155362904,-1.12690898078555,-1.62229090827763,-2.49509038785801,-5.50042749212342
-1.49727977021176,-0.521630339389479,2.64540020706968,-0.95289049311713,-1.1167284173852,0.972455378376244,-0.0989417074549907,0.672117113208444,1.01720839479836,-3.54802000492064
4.10652102131579,1.24310076858146,-2.80440395392274,0.769033411145744,2.0533080469952,-1.92679132947025,-0.52830785357834,-1.00571713269189,-2.05542500946542,2.91751591201724
3.66330777832558,1.03419599834689,-1.75144390052556,0.195799784305624,0.709967143370756,2.86757457626542,0.420737547148548,1.26864231328174,2.4409244584444,6.59825120004253
1.19417148760295,0.41719434368178,-3.68664157851117,-2.32235224787259,-1.05068147010558,5.48006673335329,1.86451055288224,-1.19592001621393,1.91254405968854,4.10180482095525
0.311482914532979,-0.478869310368468,0.971153944402718,-0.552605858249792,1.06875018136177,1.93651941322694,-1.92358593580392,2.61889033486183,5.24349392513635,0.0880914973660671
-2.52660379754497,-1.34754876026747,3.43159780817023,1.77169334792912,-2.16633890265173,-1.21752362420863,1.4475930059623,-3.33259152310521,-1.08831942170129,-4.55362479272964
1.4435530876284,-1.23777203421345,0.0251371908065487,2.56522772388077,-0.494458236917583,-1.63974944245102,0.353267538213231,1.17493612923502,0.704537964025523,4.50444789336339
1.85553292779194,-0.751381254240689,-0.345272899018034,3.38640531394778,1.10776242685416,-5.23259916456825,2.66880216725639,0.622706858576657,-2.34515542625484,2.04912689800984
-4.47744491597887,0.919903372120701,1.5151487769017,0.397509463442364,1.91751286962209,-3.08777631295908,-1.46643090061079,1.56867545652883,2.03659662134995,-5.47871830118059
0.401754833667013,1.24155377577153,-2.06063380351775,-0.877605439298771,-1.77609864799235,-0.548359775172371,-0.237108998264766,3.2206812259876,1.92259081679233,1.43118170491385
-1.62237566131397,1.05199990962595,1.68242833218209,-0.488249633434664,0.215890953061318,0.943555583645948,-1.14948860323644,1.77447781005854,-1.13825085292725,-1.75582375023043
2.03683950414961,-0.281112862517561,-2.70419819555315,3.576970067096,0.00535805447573255,-1.89330794334153,2.79107581939597,-0.913857315296245,-2.6913015162139,3.54273682980849
-0.558707734093381,-1.68326269958951,-0.242165193008354,1.12858327440967,1.47262491226793,0.499252859493662,-1.29042197714101,-4.00482334562996,0.90723773703047,2.39330391243075
-1.17997101000019,1.00625519113048,-1.09257721109259,-2.16436977462129,1.12475388725708,2.26167442075187,-4.27729649955816,2.77873618492966,2.49141250848106,2.67958700414035
-2.22661418012008,-0.00382257446424226,-0.387137278316532,-0.79182217886422,-0.137005427474134,4.32877378426407,1.9123698041203,1.66460867475345,3.1909341737245,-0.827114499037572
-1.27033179235845,-0.00982494362439326,0.846708165563089,0.842097427704768,0.311641223999941,-3.58053977557016,-1.71471534279641,-4.46621906782273,-3.03468280912996,-4.9264612676725
-0.434389090486206,-0.56977643874913,0.725437899060879,-2.06985452223253,0.0826167524855842,2.69067781951429,-4.71705000974744,2.37416195854477,-1.26956391102763,-1.9202001804606
-2.16406781811897,-0.177950426841558,1.78081316902523,-2.1395004100383,-0.67555275389102,0.367420211518046,0.956636236479863,1.19649457424243,1.90880699799351,-3.82262763243654
0.11912224279817,-0.0173189173066127,-0.217710511933895,-2.11629072130464,1.1184556296301,3.99631686286161,2.37961571118587,4.37870504325012,5.48028842556506,0.873470766897085
1.28799644620921,-0.00857713006708735,0.876271118326817,-0.420715652073966,-1.15054323602797,1.24761259761437,-0.519149797927394,0.58441049473273,-0.551571603631179,-0.255323900128938
3.22229839940056,-1.68687352107306,-0.154400314244593,0.967210487714586,1.97071202704022,-2.83218680276635,-0.490470194397149,-1.20525027930747,1.055361261758,4.550765399753
-1.76435459972973,0.684654950875538,1.84176388624513,0.576672498443343,-1.83600007284709,0.859591874290295,-2.66328258010086,0.379760233626425,0.2968995810481,-2.49915213421009
1.3038010506334,0.553047466706747,0.638662117136816,2.23752322437057,1.42565957681908,-1.44537040712137,2.66986278130453,1.21470204766708,-2.72337621061781,1.18373869229642
-1.0870580691593,0.101609894814267,-0.856635677813186,3.16822164082261,0.157545491307889,3.45892453831197,-0.883943907718143,-2.93516390219229,-4.53751922329146,-0.880342745280032
1.75849351580911,0.445827201016058,1.0930378887538,-0.137296603468812,1.53865457583186,-3.46948307716176,-0.674572110692604,0.333572576453401,1.91659264144878,0.0747944482141333
0.0878359318728905,0.590170873197745,-2.46362529754825,-1.56438739934914,-1.9057182857902,3.88134165672547,-2.59774102674013,1.34424954708161,-0.605657092207511,2.79676028070676
-3.60161102037266,-1.35138388393023,1.62191996548128,-0.125145146212337,1.20047267197986,-2.55626958438174,1.53123977846508,-2.155323808438,0.0444796940140448,-0.754682570564306
1.17310229942852,0.21688484659303,-0.198777921180923,-2.07721482511495,1.01794762875242,-2.74989619278466,-0.708549233698919,-2.89189491072737,-3.81209253358728,3.5061491085872
-2.00737760329261,-0.603389944531227,1.46202528111792,1.21800514202618,-0.762211621292085,-4.20431725174658,2.29020821610489,-2.75718098128745,1.78498968091661,1.20965561346453
2.72338928388189,0.637728580219908,-0.85150302556834,1.7509794096445,2.07577458110803,1.92743872109804,0.637269630392307,1.81872174574843,0.218041623283981,1.50312949471677
-0.29535400539469,0.745317398377027,-0.0886145710989471,-1.49647067059083,-2.80140154232337,-0.363552570034083,-0.655954814673304,-0.00710682472009305,1.82079339959097,1.99564632267076
2.81143319804478,0.115049072904804,-0.956692869362951,-2.85200077529331,2.37522229924342,0.299732642380277,-0.147151214388638,4.22603417501055,2.79916215274771,8.86597102416764
1.78912705784938,0.0775427017115214,0.187921428919141,-0.30106522523936,-2.63105981858174,2.75149462636817,0.802834025475406,2.37853036849442,2.12229303093359,-0.551266822031187
2.06306380931953,-1.69831037168387,-3.3562469408997,-1.39759531027847,-0.116694759790358,-0.563884142581108,-0.767194241832608,-2.62575818280792,-1.96071417919996,4.07465709892352
0.345360020970659,0.597767027696249,-1.17665071227232,0.127853621606816,2.30262381938964,2.02787729695717,0.312044499076755,-1.63657107079192,-1.7123937929569,-0.20445241769101
1.38182273257981,0.588551345534661,-1.94158606625976,1.93611318970676,-0.44008660297674,-0.761773210087981,-0.292742085158733,-1.33365347031616,2.5699775833112,-0.021884623876731
0.218256422660468,1.18841736026579,-0.531710709641123,4.51204954421641,0.994395902237964,-3.01532032968905,2.54535877975242,2.20261670287359,0.484490466077667,2.74773283153218
0.694450567679449,0.566524634345027,-0.576071606249035,3.63430246064888,1.34510310360632,-0.43549419774038,2.01427965668934,-1.60426543103476,-1.34319731834509,-1.91293633771457
-1.20839097684569,0.283595816447317,-0.229859328885083,2.77481340245915,0.488298435449402,-5.34679907611082,0.526332778849611,-4.04572240828357,-7.23171520624453,3.15699721505822
-1.31943346360835,-0.560044427938533,0.202282630397049,-2.72864978820338,-1.03027488272342,-1.1710701911417,1.85442966968324,-1.41451813282254,-2.91150188024206,-1.15258139579296
0.20310607682068,0.944519526558318,-0.158230207794952,-0.726735303280451,1.63957363984732,0.573836757427779,-2.41534238535819,-0.958624134792202,-1.69512553654099,0.351051008809289
-1.90312674391999,0.586158777265167,1.88015087630385,-0.96760053248328,-0.320362495055652,0.527009332350452,0.727656946351098,-1.51099765039416,-2.4348747058422,-3.57303569491747
0.88654702247194,0.822012595526494,-2.1051651342597,1.00610975001071,-0.796413634936168,0.849197569835831,0.250621189192483,1.10193387060842,0.726455308468088,-2.4258458599867
0.26992271020444,0.3120251165428,0.876407492008483,-2.70577159016787,1.03082314380609,1.92546377808144,3.83575769180996,-2.44364436728252,-1.61122774756235,-1.86051504367846
0.962621893285867,-0.197062348887156,-1.73699357086516,-0.909684161226655,1.34874983406693,2.44348995669615,-2.09361206128008,0.196864470386993,-1.73261645524786,0.367169642751985
0.66521959546764,1.32971265268812,1.7387767243991,-0.248559849792034,0.588028229164134,-0.759226205025657,2.69696950064051,-0.147673049747843,-2.74861476444304,-1.70862938346595
1.00900073137615,-1.49552818096719,-2.6859313119719,1.13349292429809,-1.13240983168719,3.44324631427861,2.45115229504651,0.00309742517124497,-3.63119295687912,5.79113469290964
-2.8065427397346,-0.0540194211299427,1.36201199940259,2.01537570377115,0.410865757321152,1.01971203186805,1.4179102287244,0.489011189388454,3.28981793592259,-3.37055613830097
-0.0170824245861714,-0.221069839487077,0.567587214323607,0.629518150967478,-1.06621373991513,0.367883891066078,0.697269539446025,-1.58677483357216,-1.24990451040262,0.295104790446744
-0.594259261700183,1.07382990318705,2.14772110342079,-2.90852408627638,-3.04312016000944,-0.544376927148084,-3.69036979474404,0.981041851928498,-0.527865577254167,-2.16853524770284
1.37376826358411,-0.847919959757831,-0.761194862134416,-1.79255255999907,-0.74293165228237,0.266637924348708,3.17311692483341,-0.664320907901777,1.10645358585743,2.35416815282352
-2.48268378622099,0.720932505799606,3.99697695635684,0.580861292178239,0.592395708527681,-4.31691889373123,0.783342154025378,2.29541325808365,0.0574150206777563,-7.27255009013973
-2.15144724839065,-2.08874450787034,1.30514110040436,-1.83627781268135,-0.745511281619193,3.88850817469845,3.43394475655231,0.96515489911229,0.444896684983486,2.14057339440297
0.193323732727044,-0.430009927597596,-2.07164225731565,1.65476527711038,-1.72771159819283,-2.26425970263922,-1.97991239787959,-1.34554833258843,1.92719032931333,0.473890807966189
3.77501113364402,0.453655502430055,0.494618383903412,2.40363646637469,-0.531013347599532,-0.52094603194871,0.114240117960352,0.397100037596521,2.10188471943676,1.59488226332284
-4.41107565548597,-0.359084423538556,2.7972430389675,0.934373082309496,1.83304089213752,1.248699912105,2.37152845155992,0.148210250654064,-1.28107023217639,-1.79022485350522
1.61256763416563,-0.138035520612143,-1.93688121186588,-0.267555351277939,0.88936562458221,1.25768124315005,-3.69914680194646,2.26295197862986,3.78906811865215,3.22248336799506
-0.235053046737666,-0.90151605688257,1.5429954085487,3.45336238485024,0.656616265917182,-2.87866588172166,-3.07017373389789,-0.465948323130846,0.929380912417727,-0.416764459611955
-0.389350293588377,-0.267938705952775,0.793748764432518,2.26327121040722,1.76247592259203,-7.03911445850507,-0.0925589610061455,-0.724422460353497,1.17240743614613,-0.639181102399375
-2.60254820738998,1.24646405751048,2.01256273834814,0.380968481802946,0.85154525815994,4.70258173273174,-4.19012597151166,1.60335163900417,-2.08302686512126,-5.06595896950678
-1.8153429225047,0.604651733640576,-1.42688028851209,-0.769953937855037,0.561697225613123,0.45486108574753,0.216074311225091,0.77976047784337,2.23689891515854,-2.09000341028498
0.927649345966423,-0.995374707016694,-0.942348741313677,2.381701878956,-0.473891581815152,0.775099699091536,3.53311037190197,0.913601094533238,-1.81664020391178,0.697769999858299
0.366824317306042,-0.527464381978975,0.112219031354718,0.556155902668013,-0.619228264915919,2.59345180394009,-2.07774479710568,0.0692830100577017,-0.0844700365884981,1.53209383510055
-0.0223992492155577,-0.586425404943308,1.02706296969469,-1.35940068453366,-0.533754166767992,-0.442167544441422,-0.837360680943369,0.403979884600727,-0.769861080384986,1.55270655112971
0.68945957403864,0.711496084742737,-1.633211851747,-0.275843167092367,-0.438845251200025,0.315394977980238,2.10679414774006,-0.798934364222331,0.350169258710472,-0.998868644780835
3.62131052451535,-0.703644344110252,-4.16153217008113,-2.08300915771324,-0.228344126666518,5.24219374440683,1.61435143442423,0.118029139051138,4.66296532253003,3.93905645315333
-1.76629579978999,0.344800411484507,0.825192813554905,1.02743668835189,-0.755129673321144,-0.963999205046787,-4.11787494257482,1.72653930452362,2.36200183899029,-4.14966280856324
-1.67558745943592,1.9634664054716,-0.251132379375291,-2.11848467098803,0.868793838861244,-1.0562571303685,-2.33844254193989,3.55848384150378,3.52899909794638,-2.45905180822026
-1.31014336124905,2.11555243676585,-1.59441783391419,-4.3658789094234,1.01453335916901,4.3949638185776,1.8592684823519,-4.37760041975412,-4.59874149751085,-3.63909306504618
2.40661222937893,1.49785222600947,-0.391970412004159,0.724810882545384,1.17904229406495,0.987811024936809,0.127046862989139,2.04703061823865,-0.881185308679813,-1.44463361952615
0.441011679724515,-0.438883383405445,2.7648003186962,-0.0914000565353322,2.12749629039399,-3.43413159874117,-2.97653105759032,-1.59788748563003,0.447512593786294,-1.98449197261503
0.903107896539623,0.686376066337962,0.0625843334640391,1.3197579021821,-0.0166356896979923,-3.49903525490665,1.94082044783698,0.376468340254196,0.807796449523808,2.61755274106429
4.14847762578016,0.814034174144015,-0.412704937960696,2.12977500479937,-1.57736160085189,1.35931493403678,3.74040073364401,0.640749697819515,3.63103184627509,7.72928398948057
1.16483795643405,-1.13752708451627,0.0506876823294537,-1.50629740380793,0.247706685521027,-1.79271069514619,-0.278763422331286,-2.43303914214258,2.09937405956653,4.09414949575853
-3.19537320230649,-1.52264647694595,2.25869370559745,-0.0672149865998472,0.60970550087784,-2.72765288080543,1.1955498931386,-1.58819145389402,-0.658332066202232,-2.82775080811945
1.44233297261624,-0.0919392382588505,-1.05324927474091,2.25601708170143,-0.761939754557632,0.00521750207233904,1.91190187352647,-1.76157757607182,-2.38844598423746,4.00950622540319
-2.3621614302357,-1.478317108246,4.76733245201281,-0.795741155927637,0.858885801978156,-8.17772964130804,2.73309252257674,1.17623312903805,5.56865858200234,-1.27843538940203
-5.29756648076996,1.38870969241686,4.68488943099896,1.85119554572838,-0.0145032280263776,-7.01201822285358,3.40040398805065,-0.3472058939665,-2.85840143984088,-5.17868299213084
0.14284562185675,-0.307219618763321,0.817056001706099,1.21854976314807,-0.772478018655583,-1.27700329670736,1.4361929553984,-0.038092330056347,-3.43666085939534,0.302917051444713
1.79959034170062,-0.403881496100524,-1.34716988868464,2.99376371975644,0.700890849611516,-1.29620401306774,-2.97036970818396,-3.24447651605543,-2.09454538908786,6.47027704354688
-1.81119896767213,-1.88313030619577,2.21788864625696,0.73776900257869,-1.07430604007021,-1.36926707978206,-1.72803039200597,-1.21246984758513,-0.48948049273866,-1.5857861047665
0.507677484289205,0.469951088461373,-1.73929071794315,-1.91226298188418,0.0527502079601346,4.76154376993972,-1.82665442172383,1.12173839099615,-0.710317557095984,4.71543241020137
-2.66378015489831,-1.61633230567571,-0.833164036016519,0.212947426307801,2.16535508101698,2.58283950437328,0.609135709768076,0.809463200583394,4.16128130161094,-2.82298116447103
0.419969884310211,0.178803673647833,-0.692868122061607,-0.487725908152432,-2.18705788673117,1.30245771790987,-0.438965748911371,-0.290702703742314,1.94226137529685,-1.50090425995943
-0.977769896498922,2.71391591031783,0.0734927526562482,-2.16774813708293,1.45052443669831,3.45394123128197,-1.91849506518577,-4.19772116614897,-1.44740319563143,-0.0956838899981958
-0.927357649611979,0.763006301577325,1.59876437027847,2.53379233436797,2.77270865317666,-3.53226385705913,0.267877769203769,-0.917064298982883,-2.49546500338376,-2.98921468908656
-1.07406167867248,-0.740615277699267,2.07552116485334,0.0720101974956135,-2.37671625025732,-0.830889282642504,0.578414372303805,0.939649714843425,-0.236786449960927,-2.7512411709869
-0.426963147650119,-1.01530030093113,0.107254855594454,-2.15661564898609,-0.413250578292243,0.339336172942687,1.05453447992345,2.96031258981828,3.39767435901534,6.86976703676492
1.32271049895688,-1.61356865942663,-0.0425517946686453,2.43304775625613,1.12580847004948,2.33997152518601,-1.94834366112588,-0.408715610140261,1.62006209185618,7.07776764851967
-2.78185741424161,-0.447628033916992,1.95085368792983,-3.0357232902496,-0.586106048869645,3.07519862179114,-1.85380770690004,2.2523130163839,3.10306124930857,-5.00938022839652
1.35076525915803,0.342039241698558,1.28909070994304,-0.343453953727665,-0.767091211389319,2.43830544674639,0.238160619057723,4.04649569724316,6.40139827050859,-2.76321715405177
-0.938349551889555,0.526820257620891,-1.04515578275587,-1.10017644520547,-2.55363355509528,2.70326889405176,0.772291650917818,-2.07421726100673,-2.1703321527746,0.71774508758682
-0.699022337576316,-1.4687620221629,1.48932560456364,4.36196710371693,0.754207022273834,-2.46721750447224,-0.589006216251564,1.71139539684241,1.69764779310399,-3.99938478380091
1.49992844722966,0.405363585375002,-3.82533486212149,-1.14014609001135,-2.34566936007273,-0.627370100944265,2.21745526838603,-3.91184783215799,-1.04735789704634,4.79259286743202
2.57737942231424,-1.94101697755668,-3.28240981479871,2.30727067077872,-0.706119350478138,-2.1923269258081,1.43926729557781,4.51774438842042,1.81400064108969,5.86163351515054
-2.88847320909567,0.897677271359818,1.23490351270432,0.347517043907024,-1.54619113217103,3.44079458811739,0.145006798642111,-0.387548398306992,-0.555345376858342,-6.64028595417008
5.89723229657156,-0.0875893764604993,-2.10061967862207,0.0132009617457557,-3.11610528996277,2.73820946868486,-0.0993104163003353,-2.05400882881924,0.435229141182313,5.14783235759691
2.35747739629926,0.0476247896692502,-2.40873319465662,1.03450051633732,-0.880611828608229,3.63929816218843,1.54709451570697,-0.322669109942557,1.55157155018787,2.5505283915509
1.84149721377777,0.49858189402236,-0.364389498646314,-0.679995186822032,0.0498177900344015,-0.917843520850361,-1.19415063126065,1.15920989765758,2.71316158453538,-0.171812337901381
-1.65630559291489,1.03922197281604,-0.185362883798738,-2.38890280318788,-1.79908978773156,-2.10776685887633,-0.225075759723839,3.31642342623468,5.89300306433241,-2.31287823257678
-0.437110324097819,-0.375066093474896,2.09613830956608,-2.25441489526379,2.20008816315341,-3.26661518810594,-4.59410303823837,1.30524350001629,1.01533535239364,0.179954933851763
-0.64822508301504,-1.27926982039529,-1.23673120312117,2.87958536676528,-0.453499311868881,1.88270688059376,-2.62961001649168,0.849753657586632,1.20422909720666,-2.51945431289903
1.81404023306258,1.39258781557494,-2.10318741213944,-2.5519122790434,-0.452993100710387,1.86071970083725,0.65296660463195,0.575017700160989,0.160435702889784,2.67358626642371
-1.47891790114117,0.432699543331221,0.671232014230876,0.543913760114965,-1.20301972900548,-0.639193615907997,0.62725840236908,0.376393755539982,0.0404562082575571,-1.97980580369187
1.25338597977064,0.372683324831547,0.86575080177705,2.81055115442695,1.87101816995373,-2.34508073424105,-1.28303278415129,-1.79539254313344,-4.44231162012239,-0.394524902428071
1.68615117271756,-0.820388065598032,-1.48054539389077,2.19440603464127,0.622145798381873,0.0597102516662456,1.53684823053697,-3.12042606794433,-3.34393960541945,2.76385955641218
1.76892382941156,-0.0759533411664816,-0.463094768879829,-1.14129497123818,1.59730081041171,1.19061003834086,-2.2388353556361,3.03479649488437,4.09613442277453,-1.66157349440651
-4.91441232812832,0.748538932624175,4.86432454411619,-1.1911461349339,-0.334848892682087,0.480863535529791,1.08994661531009,-0.46150454297124,1.04223897952184,-6.94350394716924
-2.09859998869401,0.664320217110386,1.36889484812773,-0.148631528440406,1.00774338115603,-3.3768372564962,-0.799094753630143,1.20356185456963,3.60093704603827,-1.70164415056927
1.12802177113479,0.20407020758401,0.540922169746307,-1.92685429155295,-0.831198905076214,2.85117854140432,-2.6424669305244,0.628395637830339,0.441309799535374,-0.211402293513089
0.602430112462953,-0.562842032253508,-2.1209762862999,-0.931886351314061,-0.957231214668313,1.01246382526733,0.376561899057081,2.28059111184534,2.07170338978876,0.250004253563189
0.172378414994943,-0.624042194923232,0.950674326158927,-0.523566578066037,-1.19737925913899,3.55248837771834,0.671281231664443,2.27632511307409,3.03403569511377,-1.91813448062906
0.276715266111679,1.56417332466202,0.397609980747573,-0.549374839118026,-1.72832241003958,0.966323560012475,-2.86299556813294,0.238110343037938,0.870522811762817,0.85208760633978
1.95656008729941,-0.454038282275268,-3.82071411328397,-1.50166844161252,0.0761605604804471,1.85217007665343,1.32703509658195,-2.6949042544055,-6.75042508576021,3.55890890328728
0.222838399816976,1.73547956301568,-0.685683764386215,-1.25062968613428,-2.1157360796307,2.53210684357622,1.77715162236609,2.94466046036487,6.09940066933685,0.396505747744054
-0.8016462630593,-0.69776725226999,2.90051688030013,2.79849556028946,-0.696366060846652,-2.76633303848742,-3.00360728750016,-2.44647869094039,-0.523491421638932,-1.6185648163089
-0.573601924951177,0.342986092390718,0.393731957020158,-2.16447769039859,1.10160498543494,-0.538865455183588,-1.79361798263055,-0.0413477823580337,-1.62543468206484,-3.43908455795787
-0.437705316277232,1.13496423032874,-1.21848532148372,0.773775644148603,0.0122186617545967,-0.199542235851603,-1.43613887226829,-3.88487276892202,-2.65570429223491,2.59231180811631
-0.143789314406317,-1.00061699125166,1.19887129154042,0.837689558412116,-0.0326859449727787,-6.78455979995194,-1.3564790577516,0.722422060845606,-1.57410292587424,-0.363240758149789
1.60509487214406,-0.791368961870761,-1.05102024105044,4.85023074932619,0.0874112763501369,-1.81110712873534,0.0991533357806252,1.62844383232832,0.0150392042823682,3.19990438042035
-0.405918569585233,0.498385331012905,3.10240730631082,0.555661556066063,1.61726022136218,-4.64210268575275,-1.35129110058047,-1.48159290629717,0.0576540422597451,-2.5281116849377
0.74199246145105,1.18937070913073,-1.64419257504654,-0.853571284482403,0.8425823483956,-0.562758128723146,-1.67450823693986,-1.60617819481703,-3.76546689780467,0.84261383972423
-2.19775423500899,0.121850306481275,1.3303244635521,-1.2311511201455,-1.7467058967888,-4.03739350939895,1.52926290162938,0.588133626334622,1.00882407840198,-2.75797463360229
1.16303194374967,0.453584422606562,-1.85646112386161,1.62121225243484,-0.536212617326756,1.4931216011821,-0.642174055337778,3.13376248032495,-0.199833581933112,0.294069312928112
0.0875630354495311,2.33754808191211,1.31086777249946,-1.77077235151217,0.320638332957548,0.926186888152502,1.19854953913425,3.17056157435716,5.4780494079052,-0.86029383827415
3.58282054621431,-0.811667045165674,-2.96983864543001,-0.446758287558788,-1.49960161862471,5.7564221618301,-3.50999116089555,0.63388769822243,0.310357531179986,7.79477628608096
-3.33929933000456,0.97584996380576,1.90069737527767,4.07876544596791,0.154905908518521,-5.64470047101388,1.18776978398637,-2.79108542362724,-2.66465524978881,-6.16364914273536
-0.359612045993723,0.074590684979881,1.2740211875638,0.413655237697132,1.35063033106855,-1.27741702505026,-1.53892401142268,-0.836300393814772,-1.27340801469344,0.98080259843575
-1.94511003354299,0.149565979691432,5.45740669480607,1.79437766122536,-2.00568638413649,-1.84498768595364,-0.600524351965374,0.707279057637197,-0.760305354265102,-3.86094393031448
0.851105888178863,-0.720746651588603,-0.87897102988868,3.46819084763372,-0.236786208347392,-2.50361450127865,3.11249591539362,2.20793535927844,0.78241388924306,3.32457049731609
0.096518710040891,-1.366872417081,-0.0543175756604991,0.221110246403186,1.47848044020347,-0.640777793559015,0.730482378708393,0.507958697278816,2.55614250358881,3.68786792325851
-0.899996250986857,-0.76270113558614,0.31226063180732,-0.540240470043761,0.341954511574051,0.729814372168812,0.991590180795567,-1.93449172601199,-1.87665309565629,0.392450706023698
2.28302948394191,-0.954172262374462,-0.584397910579232,-1.7903924926267,0.272678476405599,0.269910164248331,0.664921778385517,-0.995500877191994,-0.75867430980629,-1.17845748503947
0.856262186317388,0.700952623746675,1.21808097853566,-0.54698233168028,-2.74038965634937,-0.774909823680621,1.22333260123195,0.138606079570634,2.84617195881121,0.635453749472234
1.62231942441609,0.0392714685018307,-0.671813902470294,0.656691818777731,-0.529450194639541,-0.674591316763737,3.20044852944962,-3.00519222864707,-2.6173433427416,1.80278630281953
2.12306762379414,0.391628069792836,-1.75313789949541,-3.34937000530389,-1.07354153461906,3.06925929455706,-2.87120547548658,0.754922571106959,2.60420209990407,3.93827050518949
-1.41484421481937,-0.0800025083110375,1.53399108601971,-3.78608397458154,1.4347462956142,4.74352118168003,-2.28853454975628,2.11611301316143,1.02779204244596,-1.89222174802338
3.0724919748444,0.72115960703368,-2.95739546977193,-0.908874776602598,-0.476751206650819,0.94439321444644,2.87405110006396,-1.36822682328537,-2.1180843250278,3.01232041685264
2.59640058093025,-1.01022765098885,-2.16793582950416,-0.584849145697067,1.09035230598028,-0.538365607405501,1.36233214896915,0.481067057228194,2.00799012605698,7.05727942851786
2.91411451372059,0.172164146199526,1.32561305590071,-1.4591408384368,-0.866332902859474,-0.784901625964285,-3.63195697400686,2.56790890987644,3.25586437062921,-0.387977924222924
0.60645966855086,0.955433285525067,0.688154380030674,-0.959785241484799,0.285439680404048,-1.09661263355283,1.39828694714522,0.449615765624609,3.27169511437164,-1.24804751968292
-4.2831849348357,0.560616954544191,3.30691132960935,-0.730200742589368,4.5396558219436,-2.18124926801995,-3.18480701683028,-6.64762529648348,-6.35183230616326,-3.51135599355701
1.92990021663365,-1.1989765523483,-2.36643032482114,2.45875785484719,-2.70213595234241,0.195886387194868,-1.16555093998424,0.40956242565034,-1.14158150687011,3.58861330671139
-1.70148102563361,2.82583441290448,1.67765905654278,0.596644943963193,-0.493523185773845,-1.04125022751914,2.21860183160377,3.76282314817318,4.05863354839764,-2.45999958384394
1.28327978418175,0.149843006049733,-1.0588555242691,1.47582058555303,0.938708627454204,-0.0137082068079529,0.379813292549143,-2.4493799127017,-4.3234779749963,2.13094365011659
-2.95615589858754,0.420065282030275,3.03992153135979,4.93500355949475,1.39735670990443,-4.02103052952804,-1.34856174426679,-0.967193605738222,-1.58558249779362,-6.16486078461782
2.75559190554686,3.26987895731363,-2.01489598704263,1.06105963288947,1.47817727173263,-1.28007419119323,-0.474098385598219,-0.518475468235787,1.25477311963793,2.09832242913029
0.0335400411659449,0.451341870671968,1.21540403854518,-1.49212621869865,-0.504957674156742,-2.38084079239461,0.388836720355203,1.44895156672405,-1.07084701913025,-2.37885710432981
-2.36785499700345,0.172869845098928,2.12790502449471,0.989570465004349,2.75093800929802,-3.12459451793831,-0.870871436655225,-0.219833431844308,-0.516920433370478,-1.31077321476394
0.786198554810064,-0.669356742693176,-4.80043038332167,1.38872163568217,0.994637188198525,0.816826727675503,-0.252440405967484,0.905954558418157,-1.44592528142912,3.61637069239053
-0.675695620330492,-0.841366901621084,-0.784356499553483,0.153285289254587,0.570536884476839,1.83209440764148,1.11045992142161,2.77353062945929,7.8406266965798,0.523453306722785
1.57531973570812,0.795758811808405,0.484489308514441,1.37451062740758,0.980984854249643,-0.0930799595664881,2.37742986839745,-4.3691318823793,-7.00431369532142,0.662385077436114
0.522723555826167,-0.0122775320368932,-0.458101669973652,-1.81205853968022,0.151144004546546,-0.699911723402105,0.0917287910747982,2.14552209173217,4.43871397046285,1.70862218949692
-1.52846240413931,1.05981410098154,2.21774173884556,0.503257870593126,2.09024815959581,-1.90973523669723,-0.188510458599787,2.6103079405831,7.54209194904122,-1.02880257638059
1.27124717172173,-1.59692052448935,-1.66086628917253,-1.6044941734897,0.0662417348689672,0.345373909646046,0.0983367872556078,1.46182992749192,-3.14174372127075,4.33227931615813
1.84872897195143,1.50188498399314,0.451708388903032,0.0995644589068386,1.85502329249676,-2.75585204364829,-1.29113994145023,1.22715851123269,0.633354873914062,-2.86871547175943
-0.287088054755725,0.554149465860073,1.07449065520098,-1.03524433999913,3.35582997079641,-0.790392943548973,-2.9541971086462,-0.273698252177282,2.1540477737142,-0.952671231877345
0.186744148630928,-0.285781681249032,-0.702426057154329,-0.846951657457073,-1.96039996186612,0.12185254124361,-1.30227342666873,-6.28455849099052,-3.31574135404495,2.13886861500201
-2.40548500603898,0.372425058056315,0.192987290393339,0.838239840975917,0.654013145603169,0.953940875302147,-3.24673427209751,0.507716699230426,-0.750068248240613,-1.42711886436878
-1.56568482595122,-0.714259208600724,-0.195662988463825,1.66774248977999,-1.50428558276162,0.878870248829061,0.634827478007277,-1.52474024709228,0.0559975722815602,1.40199217001626
-1.20410911838075,0.779261021816171,1.3575505385917,0.594021482376647,0.94862583237032,-3.78671003324384,0.160466314586851,-0.208466368572129,0.884507656473,-3.92521267023835
-0.99970932717773,1.13546681983776,2.42702711985941,1.96815055267907,0.735324393675844,0.491282039262522,1.15057646081174,5.15853309128863,4.9439869809874,-2.59978506987608
-1.00510831018997,-0.979465859575153,1.43476684974578,-2.60253223352449,-0.509023826183466,2.2666747212317,-1.56057703548024,3.962275921937,3.0451392855059,-0.578586515150764
1.753397267745,0.735634114863444,-1.63929723451085,3.46894132045943,-1.30400246766423,1.6597664345989,0.418756294592022,0.853466744627256,5.32229565439759,1.31584578178776
-2.42721655988213,0.317485034877104,0.201129396109301,-3.96090115135175,0.782229525609705,-2.47318865927917,-0.245331610442142,4.09069969064487,5.12970456560348,-1.70069443503168
-0.0498234184128842,-1.5854602688651,1.62618998016147,0.245706081376554,-1.56272669717316,-0.829042545291907,3.0292864174206,-2.36495327790805,0.0274900893146097,1.78497741636406
2.41754258098522,0.301952851938747,-0.268682152036677,2.06654085218419,2.51665390172421,-2.77381778409461,-0.516342288858983,1.35304560951856,1.09361967392586,1.73256235696163
0.944697171403545,-0.0395748248332809,1.40828840365612,-0.729680413212779,5.15325570373995,-3.21253682850334,-2.93034099086033,0.657708951361549,3.76458733119543,-3.57811804786688
1.41544450910604,-0.891052236102336,-2.88628170082797,-0.021897434780986,1.49952398457482,-0.796018830099804,1.64608664156837,-1.85467720636665,-2.07548665560405,2.27859198203673
0.771231877500565,-2.12526067858647,1.55046116230347,1.51717142603728,-0.171531016733653,-3.52127523724178,-1.20196229095475,-0.0818911817734997,-0.0230655797278065,0.628304156663352
0.685703801008786,1.38806023201359,-0.0145488658834116,1.29145770009063,1.87150783378976,-1.24668222877681,-0.878043773328386,-0.727574746347163,-0.339497020845631,-1.75534251257815
1.42525258042497,-0.540306753195576,0.500373370932839,1.51947581418784,0.906758619411878,0.918468403625656,1.55456867100265,-2.34176523210829,-2.78159452842237,-4.05425240697281
-2.74376298222171,-0.261966831438162,3.11946712488694,-2.18690862810031,0.847669640841308,1.63921067030754,-0.48336784400321,-0.282626970286051,2.20449491954533,-3.01215934172711
2.11500224475093,-0.666730152153975,0.633133966768515,-1.55229674631514,1.88048537915699,0.722184530855485,-1.51922148893271,1.33656692213891,1.65694358006397,0.667653727315498
-0.820290463940468,-0.786233842024153,0.977716608544199,0.198901542002729,-3.04594364478703,-2.75857914872384,-0.415014889543127,-0.709020999624375,-2.27399605196367,-1.73607402229759
-1.53982641553394,-1.25121921747165,1.47053673961061,4.12474521559584,-0.44627963025711,-4.63795238980314,2.61312188018369,1.41861997225145,0.588641412555647,-2.42332214925138
1.19966941038167,0.00828895217342968,1.64046872389211,-1.18778226371614,0.294964127557899,-3.14027366295753,-0.998181233499436,0.139072976823476,0.962375351151918,-1.74998972368189
-1.96447707922136,0.391371635449387,1.85958229109614,0.449056738605094,-0.138715422673812,-1.24657080860375,-2.74908837347427,-3.11389825864565,-1.35806642639186,-0.209847697495066
0.0603452943844959,-0.047417607444957,-0.95022569867661,-1.58480974622903,-2.4625012351696,-0.680739718481936,-0.293317561798857,-0.0682103241646162,-2.24018845798855,2.17732741514259
0.32825347944261,0.52443258121027,1.95940315235451,0.467325020919828,1.92266932290865,-5.13063082751239,2.18355721935953,0.626033765242649,2.86860784657851,-1.0467050582642
-0.156842032953754,-0.956299736622888,0.546492011036698,-0.0665598165712598,-0.930514705308993,-1.62001136922284,-0.854739276758737,-2.38220611774073,-2.26243284008114,3.34899420920761
3.20536215100827,-0.0945329304899972,0.768114709319841,0.155650482357202,-0.411083389721046,1.31162263926725,0.559138028924735,0.193654143499426,1.51022762362111,-1.10947877017205
-2.67711729857569,0.269038806946125,2.99361203651989,2.6233536838421,-0.857806717905152,-4.85194202166995,-2.71135704348412,-0.323426621560621,-0.55925551714194,-2.09918004549348
-0.764790466571041,0.00169106906417822,-0.0327030036791084,0.803639997397664,-1.15968132086879,-0.972239518304507,-2.62000518441484,1.53543818423133,3.68019758755624,-1.6789444653981
-0.669738755620913,1.31629770664305,-0.234338095656493,-1.80399090701391,-1.12061036314479,2.14491342368703,-3.8388882935153,-0.241492583598053,1.18129402572702,-4.11154724755906
0.163208030449555,-1.23606284891822,-0.285182336288827,2.10205400337114,1.14804911474789,-4.1582801567095,1.60917268390668,-1.11946138620353,-2.43304529366029,0.766732102513043
0.489117539169731,-0.369692957186481,-1.42561116980034,0.317922976738531,-1.21579294712087,-2.75101617369778,-0.781580251502104,0.190428783522184,-0.192284396053634,0.531380612882605
-1.80111865079692,-1.27445508264669,3.49582924679656,-0.25372790179748,0.777092737842974,-0.14825532649756,-2.99067102358075,0.926299778389066,0.879397771892238,-8.11892001531373
-2.67026593902463,-1.28181309921319,-0.943168642257918,-1.18454258268093,0.784875931915098,1.922836231204,0.537650578961848,-0.290319245041773,0.636671187398923,1.76833616577342
1.65375970725041,0.18231109020595,-2.25190685618579,-1.11624138430101,-0.171065279746789,3.25993280034662,-0.508151884766504,-2.65855747746376,-4.11655845058775,4.77058652447095
-0.572746304710257,-0.534371487626375,-0.616263664651619,-0.0800060436650497,0.422252280174423,1.33020635490861,2.23768243720762,1.21912370658365,-1.2815363290019,-0.0405697269345798
2.34184616387855,-2.15590279749893,-2.21208940890311,-1.44228342705621,0.438879561187167,-0.326277142098308,-3.12466380935316,-2.49455741228336,-1.48817890615739,7.15798518780526
1.11053346617292,-1.41692536947804,0.298333576633693,-0.289588013675784,-2.35696373519805,0.904201147690473,-0.443599402181671,2.79978913750349,1.30437671340316,1.58061507984969
2.63113330179837,0.543450966401989,-1.14993066506424,1.34738810175895,-0.823703954863989,1.07609318980566,0.954483955567615,3.57087627464632,2.40173529245315,2.42341720385477
5.92234940511019,-2.13270879841238,-6.48623269896621,2.45590333242223,0.880256756987031,3.40228199033672,0.505638790298104,-3.28260859015325,-1.45933499818974,10.8199668763563
1.76634643827947,0.614673341878099,-1.22449665063527,1.94103470310844,0.481088148318688,3.94869041895356,1.8868077029603,0.363611792791897,1.58624619519267,-1.15537324146306
-1.83813671477596,-0.678022607029421,1.46145510349034,-2.94866348846489,1.77500394538261,-1.72924626740293,-0.387572084450998,0.420460031287209,0.927221884879089,-3.01679704778499
6.1106643616642,0.96189586649771,-0.288587782928554,3.63929252329479,3.68178394472855,-3.23018360668907,1.46232046355333,-0.00839566277906615,-0.936500276395969,1.63358880098557
1.80061570996696,1.77800115567918,-1.97694327654586,-1.98995946788862,-2.03921256083272,-1.35977376643969,-2.84902533603786,2.12410877453341,0.149777210705316,1.97265081755672
2.50913450348199,0.339634254392529,-0.437465663413172,2.47648997712449,-0.456903204700041,-0.921241651754982,-0.815861509612418,3.54567017506059,2.47976778608695,2.01049604171988
-2.60008432230793,0.829520630701314,1.5757728928075,-0.499676637127119,0.955303666880425,-1.48729963011665,2.19484737161117,-4.78313394001474,0.307658772349199,-7.27181447195249
-2.34608532376432,1.86450940127893,1.48652779355114,-0.10909074546213,-0.53878744353543,-1.23898727887003,2.58030558071043,-0.539122899912047,1.04751844765075,-4.80082935025065
-0.216546507387233,1.76136999986853,-1.4695873483671,2.89971123317867,1.01443192732152,1.05869238474968,1.55716048892311,0.796369334938808,4.62224365225039,3.20308158216827
0.0165532185942397,-0.559727500805702,-1.20251113719306,0.0493482299571632,0.71177407479719,1.06686761123647,-3.75420594318171,-1.83993342818302,-2.33395910304312,0.478551881715623
-3.28960515554342,-0.786143666470231,1.22667068512477,-1.27049771387637,-0.620072473516878,-1.51215617579425,0.825145884501378,-0.833779925378577,2.75979293986175,-3.36572969628045
1.40790582712947,-0.669882160506619,2.18124006296944,-1.21808394714539,-1.99241684258801,-1.62308716166465,-2.76823764335064,1.84130125326556,-0.374081171775687,-0.617581168244529
-0.952332473035396,-0.088281205075072,0.351701526102607,-2.53858176283865,-3.87116476084277,-1.33764806111032,0.222130459772937,-0.0580085089909271,-2.47701775847118,1.68418185222662
-3.81901928290219,0.170631446800095,-0.877359548563359,2.35686473327023,-2.39009588757404,1.26923758291842,2.96884301481217,-3.63719256275167,-3.10702912185698,1.45731076061472
-1.39427502177354,-0.545642592959927,3.31906810649557,0.726582285463607,1.07029047819893,0.816229969306653,-1.53829997133489,-2.03714182197289,-1.32387439333364,-5.79468179992136
2.8913189333052,0.301580569106346,-2.42014334014037,0.332676895135643,2.07820078440356,4.70221050560064,0.75435671073372,3.58984106226067,3.07087666878646,2.97467009352276
-0.406741117474088,-1.15866983386996,-1.17395125192532,3.60552955253493,-1.70958641801185,-0.93795756914547,1.11381783987174,-0.303906527500724,-0.0249501363896781,3.98182373003629
-0.509152401290589,0.0571135249876009,1.88420856458998,-0.251590552636819,1.19010839370689,-0.829576727381627,1.43077998765722,-2.57531092584579,-1.7046250213658,-0.866809064924918
1.22660735055585,0.214674848828883,-0.404408739454342,1.16445685549893,2.09572078234904,-3.55743219053447,-2.93284684121971,1.12354920469041,0.580196715848873,1.95290219159587
1.45449959624079,-2.55419089686615,-0.564867805918901,-0.494869085408743,-1.55348445553518,-2.00667604541183,3.43796223903272,-4.55484014595111,-4.12530737570049,5.91604254852691
-1.27309626079964,0.342963549201859,0.302719240361689,-2.68489390809242,-2.10541782586595,1.72935488183748,2.86939577539952,-0.831168165495227,1.43600693463965,-2.43338071570464
-1.7449937273696,-1.17800557736223,-0.159414879341242,1.2087524173901,0.276476902606502,-1.48516628408636,-2.75940184255452,1.79548479277337,-1.12870911869417,2.94717182709633
2.4125538872954,0.24367112902218,-0.0811170674379686,-2.61250435809135,1.87000823271477,-0.866275377098051,-0.983593921715605,0.282563655891394,-3.53544571628494,0.325624340654954
-1.86005530960859,-0.0738415787156156,-2.49468754954893,0.0316355133733497,1.33327226715532,-0.524257432859214,-2.70609069512061,-0.191441395572531,0.164840672605925,-0.93014716024846
-1.19823991756315,0.473713307343565,-0.243899731781394,-1.68306328513496,1.33535639582479,2.64830767943291,-1.48111230280636,-1.89862520883138,-3.06304877156334,1.18794170055841
-0.00966827271672134,-0.837391584579386,-3.8892492861256,-0.875167808285896,-0.465803715342716,-0.400426814088764,-2.42448637082558,1.89792871906854,1.17879860337913,7.92493002670774
2.52549212115943,-0.891055288007334,-2.60053228717742,-0.591289402058068,0.533848833163958,-1.5809208400845,4.2405684100997,1.34067648551315,0.736928538732001,6.25947510721013
1.85773939901996,0.793656071230181,-2.88594830030219,-0.088292818014404,0.364503831930672,-5.85729142361241,-1.72398119213602,1.65920033987732,0.89534457047033,3.54386186127011
3.34727318250627,-0.769242511490723,-2.18997071790753,2.23105358664579,0.436167240866894,-2.39049867708224,2.79707344386997,1.03652744531685,-0.852893121887087,3.03034509429515
-0.0822616745282065,0.68180744538246,0.784241792728967,-3.25398453117207,-0.873701672291575,0.263593806226799,-0.309621952056821,1.96351524832841,0.434697907976389,-4.10259933290952
-1.17351021123147,-1.03557445791988,-0.373064770767194,0.293936521181209,-0.196073971858549,0.308754289673654,0.751937386424487,-0.272766498202898,-2.57359480466341,0.399538734755693
1.71598470184116,-0.826908293255698,-2.55272108319034,-3.54205229971837,-2.09139894500359,1.55657757970878,-0.899791999462162,3.92853044467473,2.97986303526277,4.46527655389795
-2.87313917946733,0.205358125323609,-1.30406066282085,0.13603924262696,0.897601047885061,-0.578035583584017,-4.26799322345065,-2.13850005349886,-5.06329515804875,0.612968018961149
-1.13677651588033,0.689107523110585,1.39593675669839,2.47289271749142,-2.26315007294132,-2.45576548217052,0.748390450458528,2.37529814078847,-0.442053121884272,-2.50386956608126
-0.369372148703215,0.600212579472189,-2.73731633429532,-1.52077718568944,0.735747516506953,4.13630142190122,2.21747032669226,-3.00321328236556,1.03193680927349,-0.0982982427434963
0.317498530457726,1.20344142681201,-0.470299078604634,0.712843584409256,1.49714040916574,-0.443622928493649,0.633546023543449,2.31577487412698,1.63603641872893,-0.455322751543815
-0.368063704775946,0.188475189392584,1.7351908520993,3.05560412221632,1.11761510024589,-8.43295560106843,3.64827158075417,-0.109769128130064,-2.21428005588716,-6.31521741395658
-1.91128958051248,0.774646988201861,0.513191784338865,-0.264783999399635,0.71928502087458,2.35026685278224,-1.57518864260117,-0.30448912336618,0.709872003572573,-4.10111753783812
0.580410971904837,1.06780376094995,-1.11298031903091,0.881914862967455,2.82624759068085,-0.215884182335923,1.23554296616945,-1.10186648316681,-5.15634366567231,2.25383113130933
1.55934653188837,-0.533924291739157,-3.93471497165731,0.136614323969338,2.47551780285229,1.06955766600075,1.78102183960403,-4.16253578723043,-4.26219178189166,5.21870716344949
-1.46558757084207,-0.383486932667645,-2.69354139091326,-1.63110573557955,1.43373116402769,2.9949823525785,3.40731794782696,0.850124234439178,-2.41037994155627,1.68358294104922
0.180405188263677,-0.709060381907277,-0.559133243245053,0.264541039274742,-1.11387701916605,0.476040281828234,-0.396383593816041,-4.83366855489792,-3.73130194768306,1.28020631407655
-0.725270235337944,-0.260888835556076,-2.00192628391882,0.36973693210953,-1.20438063226086,-0.200216809029567,-1.38543051140013,1.69244313880655,-0.0643074948204554,4.72487754149399
0.573787680754779,-1.71190771518588,-0.699140817031929,-2.01706394012517,0.740075831314478,0.843059317722304,-1.09889255874883,2.28844048866895,0.640205065281511,2.56404271044562
-2.83969238031256,-0.584271040042958,3.89428779912682,0.99256449047902,-1.35142926230202,-0.923463758361453,-5.12335119681974,0.0114036352775293,2.66312875693879,-3.88257116649837
1.40875796692535,0.792582658002343,4.60524930173576,2.46781891974683,-0.843404064623164,-4.63225642052274,-3.04752798634047,-0.00408644146607186,-0.0890498407802988,-5.81081967080792
-0.721954456381334,-0.0651318583995471,-0.678473061518089,-0.247955305003306,0.100599628635015,0.945098088169243,3.52200008676137,1.33964464113569,1.65067401161276,-0.468746944852928
1.7062546323659,0.333183796674464,-1.86932908253389,1.57436966724552,0.649849877890636,1.58408510698566,-3.61096223741076,1.84945497505739,2.59752946392572,4.74920791379794
2.70765370775258,0.835696481026258,0.596276371262513,0.414189819188651,-1.84594731394688,0.28374314706943,-0.606429649502292,-1.83503675909004,0.801436850430399,-1.94245919161913
-0.395163104380304,0.923727855476026,0.629002656324343,-0.33736292660032,-1.32442665460448,-0.604125388951553,0.117506269703385,0.360878822772606,2.35860189141997,-0.719622548152449
1.8185262738139,0.120201812107879,0.174865170120365,-3.45245147709954,0.983346001524721,-0.210205622839461,0.270831636218759,0.597915847155218,0.344155855019707,-0.408933766924992
-0.442877167492236,-0.894238200054113,2.00306437129833,-1.98598501843266,1.21721637630855,-3.39434179539806,-1.43198541328369,0.28499938693064,3.32921037095313,1.9544080566293
1.49724773704596,0.250691285761664,-0.338757957178208,-4.61924369279156,-2.50437872074849,2.64019074251875,1.25160857673445,-3.65458870429143,-2.93550274845191,1.49404764440705
2.49372151629334,-0.197076533798808,-1.36353534729374,3.67392323478812,1.28854860457651,0.480674427545544,0.37032086970278,-0.186396339272879,0.0606993506770843,3.53624215951796
-2.49814354018663,-1.63642349932129,1.94708297074834,0.17617191245256,-0.367025588653625,0.271809222602164,-0.46987922545461,0.0951922965130384,-2.16700983089325,-3.08779449999878
2.83680093706813,1.34728297536058,-0.555494479929572,-0.283823483193998,0.672020223398657,1.79674418016715,0.803640708170684,0.596341449759236,0.332059152785504,-0.290287308553505
0.349308785822933,-0.0471299113512952,-0.809348258825274,-0.463273776421312,0.91336010442801,1.06180678639314,-1.72174082670588,-1.15123437604776,2.39240731293307,3.28797229106062
-0.419993694357344,-0.885089422685938,2.73902664985942,3.10467219249241,1.24109031627117,-2.75090398316764,-2.65224856777993,1.7257940898076,1.20767183149619,-4.2998335855107
-0.0764718952598538,0.825317337217295,0.7135609218582,0.470161679113576,0.894361496082412,-0.14753116591562,1.41057617079732,-1.57333841301295,-0.81474811707621,0.466355876839023
-3.04283098257355,-1.51883319621159,2.11080798435911,3.94811276906504,-0.728566112255431,-3.55108065675364,-0.870756358259784,-0.0382693760829528,0.115553292885302,-5.22933224148042
0.866983119135329,-0.955221435354309,-0.387928482483977,0.869216644417928,1.07898655198736,0.668435423842716,0.259596123267796,1.62476474364124,0.869181929381258,2.72739706626941
-0.032435074638179,-1.60602293564762,-0.77346708946863,-1.26868608204832,-0.568209814881329,-0.580066663166817,-0.111421365289637,-1.20980620160769,2.29957640834838,0.863614873957093
1.12198705492005,0.226470115806143,0.767432808668992,3.43888036368952,0.851157531089251,-5.43661204994183,0.597881791498075,1.09031501740556,0.524783510547897,-0.891914912583122
-0.81530110209167,0.410857420415819,4.31854547663046,-0.692888907341088,0.0855482585971844,-1.01714874234711,0.942837915000491,-0.799572549873701,-2.18631436504234,0.244494297657747
-0.113599234069989,-0.085283448363394,-0.644437844809755,3.46071004370128,2.25780993564924,0.737228347295687,-0.203550466465121,-3.45822391967629,0.525159591888084,-0.725510920268693
-0.337654924802141,0.915369189133899,-0.674509049939771,0.61055059027634,-1.45702415650272,-1.94383844141642,-0.61082520835662,-2.26561914153651,-4.87832084553587,0.57963331539736
0.545380699455849,1.17610552765905,-1.06807988155403,-0.158017232066281,-0.942731694621486,3.68404052927596,0.657410930417746,0.819620195139917,-1.62501398017985,1.39757828678055
-3.52849319933959,-0.240983616986061,0.0608765118007742,-0.779550079229204,-0.748002570836522,1.28445537455988,1.49812288478625,0.197031641048265,-1.73952217113804,-4.0079230975947
-2.54799420196529,-0.748818783067164,1.82490511929542,-0.762830181608078,2.71884859364286,2.70621117133591,-0.968569812304632,1.23486234544989,2.46865966211549,-4.41925490566824
0.097272845056721,0.23657987697119,0.904847753459445,-1.9505784501954,-0.275201857922348,0.441366980734902,0.755624950105833,-1.92128795774114,-3.69840215202368,-0.972729824805777
-0.969504494731163,-1.35914550486436,1.48738888110312,0.62498312619649,1.50190212805256,-1.30976233074669,0.503418070160238,2.06362058289331,3.1194955580202,0.404099458048222
-2.97213193753867,-1.4818148881497,3.61128164452714,2.86286402980382,-0.277175855370212,-4.95161610810683,-1.01726107678654,0.85875191965758,-1.42890162506112,-0.548643350488199
-0.28885207221505,0.45123550980139,-0.865505689001682,3.39304662883301,0.407201131139024,0.826634046286102,-0.521899980596003,-1.46670055170073,-2.26870287642709,-1.34345670668394
-1.4371557262523,-0.920766744827062,3.30722019351312,1.36232899928398,-0.063946921140483,-1.52778329581568,-2.20537391272685,0.154796715740957,5.04428833623441,-7.23739032486986
-1.10022327978299,0.0100766581607817,0.56638026791766,-3.1785474062804,0.626123044030376,3.42435209186001,0.0470800725351798,-1.04819314738453,0.660781971652896,-1.82257491567323
2.6432001613502,-1.50828225294127,-1.98323153934358,-4.02451919087447,4.19839480962949,4.84488669735371,0.153308367101809,-1.47023548349499,-0.896753718506259,3.28250687800378
0.847304699070428,1.03482346581448,-1.12818966410433,2.90292853880966,0.869634870740449,-3.74946534541031,-1.61986121726263,-1.21248079007084,3.70978754525581,5.35777471617916
-3.02766121788771,0.0138340880247386,1.48566751577927,1.49700830565805,0.569696902190093,-4.06957791177977,3.42787585668016,-2.13195091227611,0.247505773986069,-2.1373944573832
0.863849014420779,0.127518914357795,-1.78184825573345,1.31099830780575,1.8292765369531,-1.89743890560156,-3.95013619273623,-0.853979030579833,-4.55586799662239,1.64045126721424
-0.292744055331149,-1.02111479306899,-0.392538266202178,0.338018967160327,-2.3316430715882,-1.3320526982296,1.73444591977232,3.64862327155819,4.16978183463645,1.43088167188361
-1.24260165187935,2.05267265409269,-0.698980546939045,-0.446124378008607,0.559156148260893,-2.49319220836783,-2.93362265123172,1.98091222299992,-1.15140677201758,-1.44462518361049
1.46507023553341,-0.531750847434642,-0.369905930161756,-0.501078559725177,0.645530017601014,0.52181787715142,0.557120049587196,1.15847432318771,-0.611791467819351,3.32204074964121
-2.0965718498112,1.87193503575015,0.831982861529482,-3.039035120275,-0.1984709971228,0.169380411841006,-3.60717729972684,-0.735466817604264,-4.12653592623596,-5.37046987729091
-1.70171386941459,-0.718740768187345,1.77951058525035,-0.545743689548232,0.337992072409553,0.436672324092046,-0.576344459526088,-1.43431373092303,-2.85319998086537,-2.61592437762878
-0.33219218524056,-0.041556443520078,-2.04620940454247,-2.60136465637681,-1.92268440697454,3.35332312783109,0.518263399807721,-1.5035257949187,0.944689303067336,3.08100522685554
1.75527189610465,-1.97531751090432,-0.596312528141504,0.523716986457387,-1.33708982722467,-1.10662640532222,-0.830525298259551,-1.9467060002326,-1.20950206755485,-1.08495820256697
-1.74214414644412,0.102879835505269,2.22195112315525,1.50524563543195,0.425532415164851,-2.43059993110655,-0.552470763286161,2.37036577763621,2.04803894360069,-5.2275866909969
-2.55504962784848,1.50834724737721,1.73909760455942,0.67136486005603,1.22908816863073,-1.19460329605441,-1.43285589182559,2.66677606370953,2.05571933160361,-3.66368454293661
1.61770323538886,-0.462141769205098,-2.01275176714198,-0.940948196163442,-2.44477492150005,-0.53153268210293,0.758443323567048,1.45853258529714,0.991617828021449,0.316904924345685
1.02628233119532,-0.879493005751105,-2.52567257660565,-1.22508776414308,-1.19869331766286,-0.496604508687043,-2.24992099468758,1.63371737602741,4.5546345083078,5.46349930442302
-2.27456195544482,-0.635274955878943,1.88014799991314,1.75526298385313,1.37372683230024,0.231354993500545,-0.700950170141842,1.67096998623708,-0.20783531715773,0.189877854368967
0.350133539576883,-1.22559880346496,-0.617852795762726,-2.53066596948231,0.260085072796213,3.1536129185462,-0.370727832260778,2.26968516078833,2.97682482699907,-0.362281131304318
-2.08043044706146,-1.42196924170044,2.91844230128076,0.442352620970522,0.370873619152042,-3.57755717328416,-1.34726868697386,2.7373171629571,2.26798706458831,-3.11009025787113
0.743703403303819,-0.605519551965682,2.24785297916073,-1.0617161128956,-1.30659301776379,1.71551349525845,-1.43209807987674,2.15086872273119,4.51362281744937,-1.75210837095548
-0.00380891662292949,0.514955963831524,2.3735337390079,-3.45528130285269,-1.33505858419625,-0.81498840550309,-1.88394779733102,1.82740820212479,1.009037898494,-2.49461497768369
0.188541154751259,0.316765716945884,-2.0013430233443,0.692082381771342,0.285436095992888,1.24860251941848,4.29057154716804,-0.978745506307234,-3.52709919303065,3.37373431158647
0.511070837878667,1.07064257511764,-3.49875323381767,-2.18580593126163,-0.427485196554891,0.69588184654537,-2.71735049815034,-0.0443085954078574,2.88009085450444,3.42506552962743
-1.26416937939723,2.56860414661495,0.423629514738936,-0.0315039995283749,0.907916939423348,-2.49655309816453,-3.8611107785366,4.05605627173995,1.57036147195869,-1.19338865316091
-0.496881029583353,0.452461427874945,-0.807057088795756,-0.980422322809725,0.663454311839667,2.40476596947294,4.73241185747331,0.474127108355847,-2.26472319144658,-0.137244714835411
1.96067629808656,-0.65925022894208,0.211616178488856,-0.888241437312027,-1.74632015379543,1.206341709243,1.03282539089731,3.69956357292624,1.71495334258591,5.69334290695912
0.584141976275464,1.40329578894942,-2.20453615179475,2.49931471875408,-1.65364152581848,2.83566317832715,4.15388414956828,-0.156032211346464,-1.87845145113592,1.56612065961148
1.48133826776507,-1.02716038807764,-0.672073057339209,-0.651093538023987,0.339570532842593,4.61002709958994,-2.07150785611587,-0.927218798317233,3.1607794045451,2.58112977032815
0.426038223495797,2.55900979260397,0.627634223689385,-1.82324243839791,-0.831677135540702,1.63070457832226,1.01255826626264,2.25039050419315,5.87659913728332,0.451551528057791
-1.32873209288959,-0.358512749906672,0.621714479256249,-2.08227307691261,-1.02242017446914,5.75130738595061,-0.247587236710297,0.717360244379738,-0.780619407258789,-1.25047176605607
0.200605322834496,-0.20710479652565,-1.3196697931113,-1.50643387051341,-0.278103549171592,1.74676545319531,1.535700894822,-1.69329201290865,-3.10395936051597,2.60115042388159
-0.717772207994091,-1.12948512671442,-0.702610253982508,0.910275902499664,2.10920473428669,-2.67394602431334,-0.381998451693363,-3.82692674950101,-6.70145349439574,-1.19972241309878
1.49101554782878,0.436538601695053,-0.389359495438742,-3.45108191869813,1.96074849140092,3.01375078713855,-0.566864699888557,-0.996311664383093,2.16533050118993,1.92887436631455
1.32961860748057,-0.181014862072362,-0.741338921837958,-1.76949041090968,-2.14339751714992,0.125615699315144,-1.23019288648857,-0.613494311591794,0.886146088214649,5.80260910847894
0.595604850827666,-2.36318133790468,1.51669880722965,0.735073937755868,-0.153994752625936,2.40850402587996,-0.0181030422922219,1.50150332155987,0.760036059694169,-1.12053654641257
-0.578222982978956,-0.516210180759889,-0.0810580466826698,0.898982962501891,-0.728671421083649,-3.08173944831704,3.73162374971352,1.25560882289785,-0.0757710186478735,-0.688214347985752
0.139917260862817,2.34106407997412,-0.25906868002084,-0.0374257287137391,-1.21911396863764,-1.4470534052587,-0.629417742930112,-0.61071361387721,0.605072885216994,-0.931149632538339
1.46133148066322,-0.728789674649538,-4.25819674429031,1.87753397587169,-3.45409099673191,5.87405210253925,0.475987942393452,0.214287650381337,-0.371889805097143,9.80154472646618
2.65593375197764,0.006383947519508,-2.80067601518889,-2.47539211715466,-1.27666455914933,8.09472393322519,1.92711894993905,-0.57246023887425,-2.22473582693638,5.56485158208269
3.83189302125287,-0.742515511224544,-0.692320052910668,-6.07288373375001,-0.589316225939278,3.46542765811113,-1.70428001599894,3.15200244142558,3.21733371342899,4.64086482771205
1.02923142256405,2.35175924866739,-1.15060254540103,0.16262057670573,0.715921427944485,0.70562158625839,1.30713323154264,0.567097109436993,-1.4642691494412,-5.69547988668022
1.84754683144097,0.0633942230996896,-1.75803036095639,1.67020077333789,0.874646074738929,2.65635049246639,-0.931056640403647,1.33344962527135,2.14245267490608,2.62594389308617
3.08116651040429,0.397400876240455,-2.81543425452326,1.38056150580457,-0.0877642176127479,-1.4417412301594,-2.54630212502752,-0.0847178599527055,-1.37585089262777,2.51361171693312
0.632564720726294,-0.105377846860023,-0.0924024035206221,-1.34383313757942,4.18071444807175,2.63719879292672,1.86024117806137,-2.84515239445143,-0.619400709686688,0.371186100132914
1.0467390127123,0.57356428442833,-1.34011999821554,1.65468145039225,1.59871804817045,-0.893302719873169,-3.26475845254497,-3.71967264011284,-5.08530021845152,6.15289225238594
-0.776789579678983,2.06224665442567,-1.88505041735509,-0.394494760495785,-2.32648232899509,-1.78997207540894,-0.417941348792541,0.835239364290374,1.3798119009178,-0.36465382736434
-1.7442297700324,-1.34064576565976,3.67120978289108,-2.85504778033365,0.647798586494384,0.251426648360965,1.33749845114247,1.11067802204857,0.0237399987363438,-4.01839599558104
3.60354812940845,-0.865147075414982,-2.97682194526941,2.00698356215902,-0.755677967318159,0.993515542589978,2.98518400170222,0.657168581523594,0.108718158501537,7.56171814966573
0.814585491646083,0.134070782018609,0.469923488407858,0.281222059807044,-1.88847335054779,0.82003896887753,2.88796441331924,4.83958700680808,1.18106617158997,-1.92530398733415
-0.284757555573275,-0.876436502681009,0.645468464991682,-0.62663454687611,-1.40815136565306,-3.59762885644647,-0.01550121175256,-1.08357078291453,2.50621422274996,-2.95214901489926
3.24864992277276,0.229276841420293,0.488684556347599,1.12262762082828,-0.602069452201191,-0.408831606001095,-2.37910802743993,-1.44071190536842,-0.127198008663369,2.19751828414553
-1.23737460212082,1.63167292070406,-0.528338633412242,-0.664768037330809,0.587117955830542,-0.0267793045815945,-3.01726142945908,2.56804611774133,-3.69798163719077,0.451588771970754
-0.679803198210318,0.452755270457747,-0.372431598088868,2.54873281383019,2.41621120301331,-2.59782025701358,-2.17689427926634,1.33361221382906,0.372639212576669,-1.10611351520181
-1.71690849999301,1.19612011160897,2.53680515189463,3.87290196599379,0.687646778884524,-3.97879277571266,-1.67295426671783,1.81047126795083,2.63916213427687,-5.13320888005763
5.9504396720066,1.21745702258993,-3.61642109043394,3.04011177318978,1.447381034432,-3.14563473313071,1.38527474133132,1.00362290899919,2.32121792293994,7.16618091918576
0.988238258069099,2.40817188074577,-0.345973333686963,-1.99221582996399,-1.63507655562495,0.590501942026934,-0.404242058341149,-0.00960821258690258,-0.93700663623168,-2.08306248387915
-0.128961035952168,-0.0873132976590566,1.09384516860846,3.82993033733861,1.36922729071971,-2.68595013739805,-4.70826397999036,-2.48303468237681,-1.33248175305668,0.782726026875996
0.964730833687893,0.742523135860729,-1.10223112476622,-0.677888341319529,-1.55039077356438,0.343621812871856,0.236001370236419,-0.0782467871729454,-1.458590369571,3.21448663648738
-3.86267014696153,2.13081792477293,1.77620559100159,0.220577903344413,0.685984657960564,0.0900058408343735,-0.345817231201839,0.0644126394946058,0.911020141333318,-7.84325788347378
-0.0947909488533095,1.31393004393468,0.739708785358741,-0.857041500673424,2.94292848212676,-1.16722233134421,1.1629205742428,-0.0732104321253941,1.16897896893478,-1.31777569718894
-1.49608597354899,0.343348055660355,1.46792974502505,-0.984178907738668,-0.158766366717554,-3.77157601816422,0.584346873325149,1.15604049402327,2.67209757206839,-2.43450638138258
-1.6831379309455,-0.0890517764980643,-0.536330800505782,0.302938652558904,0.605260738175432,1.9486054637908,0.0627045546872784,-1.27345376020498,-0.995892714833897,2.91039789132488
0.148364301889903,1.40462478587591,1.18891695354694,3.40807346126194,-1.40159384038836,-5.8515159730939,-0.285378484572549,0.64614748663077,-0.45795548208156,-2.00988499407217
2.29396659641979,0.827648688949703,-3.83159863626575,2.44863654696068,-1.12245127716165,0.671199119835397,2.13300309509329,0.695852029021991,2.92824942949603,0.642213353952257
0.463373142301681,-0.0380656656441156,1.40649263062563,1.61850808090175,0.517989096799324,-1.2992333710214,-0.396466988570599,0.996407114438459,1.87891798478864,2.19406463844926
-0.264088220423156,-0.744739083104591,-0.126698450132397,1.20459170521934,1.22698910864291,-3.31734142905114,-1.1456514444099,0.0709934430597218,-1.9084024477862,-0.932694273027209
-1.34952441483787,1.17690084025833,-0.767365201568564,-1.08716781532887,-0.125669757714705,3.54800831035511,-0.828430403942347,-0.459527047074345,-0.927683095466805,-0.366499999293847
0.404785331549762,1.20631611431325,-1.6309804057658,1.71443940297177,0.398127099313409,-2.06272047881502,1.05066794076784,-1.7771307412134,-3.05495659431096,-0.298314358274433
-2.01164482817449,-0.979374430306004,0.350588363304335,2.82532412397183,-1.79418770674279,-3.84602600743176,-0.962506180460293,1.92177608665491,0.528860376842246,-2.09484189680333
4.2729166070801,-0.258691108102514,-3.3501103676167,2.58279869482346,-1.01446140539462,0.615677269121909,6.70600295722094,-0.79544378592093,0.681726875477102,6.03270549648644
-0.813584539423676,0.248862329885079,1.40096038111386,1.07497686297559,2.82919701844942,-0.905829424397333,-1.54978719305797,0.912172406400557,1.86084003906385,-1.12507704621844
1.35191444913966,1.1377217885717,-2.91315136425084,-0.547158706835261,-0.405305741360783,2.89662023669456,1.83693995658084,-1.12000779479533,3.75581528348126,-0.793060897426181
-1.01216488625401,0.947716625206838,2.92918259250442,-3.77515951252157,2.69659655305339,1.16657140766622,-1.19324307095737,-1.01158219870591,-1.65193144935555,-5.31488214167917
-0.578901136592317,-0.0472182300399607,-0.555088192717173,-0.328054865776255,0.775067736196691,4.06537357275447,-1.37741028769936,1.11583943860933,1.96550474397313,0.773789336924385
0.219829247028239,0.493987782189325,1.09736472588647,0.0893684136703012,2.65398208398902,-0.209991237169862,-0.274243493046116,2.52894313101936,2.55969634585677,-5.23094675781429
0.622953425714608,0.597464176828449,1.02300293641788,2.47662915346773,1.69458703302851,-3.74570079922615,-1.92394830761115,-3.61397517928932,-5.3230930686975,-0.370004572631843
-0.00410122275081397,-0.99366189054679,-1.62774971201224,3.97795778140509,-0.860406269245493,-3.80666890755728,1.78595030391536,-1.63453504858213,0.574696619419192,2.61172982816018
-2.58360896312611,-0.566958176873178,3.0396559148201,-2.56740356284478,1.7130523538622,-1.37093879670396,3.08241135810138,0.76025226795381,0.359429888430925,-8.02950790339245
-2.9471868292562,1.06950725580084,0.76050677196713,1.35023616225797,0.0306169196871453,-0.800525438567923,-1.21240557190467,0.597227857368258,-1.15706099309065,-3.87128687965352
-2.56498197120678,0.844411684172491,3.19443997221001,-0.954606256318905,-1.16589148686902,-0.90221785605048,-4.06199881861222,0.288528743316314,0.898350557815975,-1.45911392508464
-1.70042828911801,-0.543706814321182,1.55478189540139,0.110093759591112,-1.61903060229636,1.36166004446776,2.09864828674723,-0.370376715028062,1.02406580164772,-3.63825530073628
-3.97424626737248,-0.164438918515863,1.80315054517504,3.41726454297448,-0.32872330123448,-1.52885114846074,0.28104872318028,0.919760334783773,-3.00118516550137,-4.8324350105081
-1.73680616241786,0.484705552010337,2.42545661847089,-2.8855557073945,-1.83578327351806,-1.34125725910048,2.32352191072394,-3.04922908539328,-1.37366226834902,-5.19180925027691
-2.34404681159574,0.699682642246667,2.96592165837494,0.971585216389468,-1.63438698843635,-0.870403642949297,2.18077302296841,-3.93878520504399,-1.94424204654116,-0.726558028584568
0.380629187250775,0.0257215922666786,-0.925510331958887,1.5579487818723,2.44329453253555,-0.0814259030536713,-1.92727001670691,2.66416749412832,0.657992100975208,3.20022961937989
3.03451310731488,-0.492522932356256,0.865135308923775,-3.65652053498126,-0.647885353484227,1.85801777344637,2.35033215718874,1.05806488439108,7.12240761757008,1.83977732544022
0.934940850375507,0.44430150574984,1.1611699777579,-0.21075207253813,-2.38481075557865,-1.49106470907266,5.32938095706276,-0.285547654246865,-0.160795405301348,2.21684393612585
2.31658736033702,2.46502725483166,0.0401573327656662,-0.354819060070265,-2.31726322104929,0.757207566668195,-0.211228032687207,-2.66510136938949,-0.239861202392919,0.742167061661773
-1.06688699797902,0.701580486518847,-0.631496173384874,1.41747915532627,0.362734303494644,-2.28994013325921,0.00974882609528573,-0.861466848138625,-2.54479047812384,0.418859112199796
1.94787192248777,0.00497472650262292,0.26187971954718,-1.73393190605346,-2.59321024716105,1.05512373291903,-1.10469542539405,2.59645306464561,2.19312906473404,2.36559604058474
-0.483509737547275,-0.309789451438092,1.12397636131921,-0.308758848294291,0.764780714727163,-0.379542042193871,0.908494891338319,-2.84900935945933,-1.32958977138717,-2.93233317097122
-0.829497004946199,0.542249690979781,-0.019402563133474,-3.16234628837621,-1.01743443372036,3.46578812868804,0.586248702548783,1.68067509554321,3.23440606232887,-3.24689538507529
2.77358548853432,-1.05762370665054,-2.24348353241382,-2.3167371717694,-1.18910627029424,3.06654794797262,-3.90500792062629,-0.657086988649557,-3.66916853006163,10.1293779624003
0.605250705902445,0.518334576946783,-0.754209632939198,0.165275555580331,-1.18472745857813,-2.03518750135867,2.46231299719524,-0.977023514195202,-2.19991441120251,3.47638746012521
0.171168354132589,-1.35730871408082,-0.66147777574041,-1.38894697158025,1.61675093284002,-0.37790405445022,2.89201928866164,-2.63628217192683,-2.85724732625773,-3.12917046238464
-0.0249347429882135,-0.606379809397343,-1.79528232239542,2.25691366391076,1.99959312709263,2.90375966085678,-0.95131597541967,-2.86599277965957,-0.000971729927517361,6.00994435450814
0.936058019736906,-0.312489923655788,0.178696536535713,-0.169137604546051,0.661156935290883,-1.15197565345072,-0.124036069069937,0.822173598524047,2.52024816086864,2.03872491687536
-0.728740910929582,-0.382028819612953,-0.337372589354867,-1.4604369507241,-0.713249943272633,-1.09467653666931,-3.2984662117044,1.92669911280343,1.45051355570231,3.07001447365851
-0.17792230715164,0.981171460830823,-1.33796885903703,-0.364804408979572,1.88399886319626,1.90826420218655,3.39495651736933,-0.832783738020393,-2.98405812382464,-3.97447928385166
1.91804569112002,2.29368414444402,-3.24673948971364,1.4193969838705,-0.785096922774074,1.61133086050105,-0.268729861971773,0.887020886499194,0.613584048020945,4.72312428045689
0.728415819293316,-1.41651186886838,-2.48368193930987,-0.849646902632842,2.11759233493418,-3.51645266897021,-3.33532008538309,-1.12394518339645,-0.796736933507111,4.77457483318681
1.03244061188492,-0.506139234217027,0.287624097343238,-1.85377496840373,1.97441701780401,2.57440637223882,-0.819187519893964,0.512397014012145,0.348924520107317,-4.25079102534344
0.190326652774071,-0.912380249583856,0.147637247733733,-0.0972208287923116,1.90969263976407,2.29175318388056,-0.370363513874381,1.16853789742057,-1.08087746168207,2.61959764995658
-0.013035314837682,1.33163792614759,-0.354840762349919,0.204794535048358,0.329826046524154,1.16792792029105,-1.52014413131895,2.42781315478192,3.36586194121326,1.37504031422061
-4.19455661357749,0.385211719302438,4.964360147029,-1.60592824095195,3.01252232159117,-0.58836946392254,-0.997305640163905,1.56595791439272,1.2993531610671,-5.88663818209221
0.783168904784207,0.603530708241413,-0.730093019190191,0.850630859309161,0.0881626291778174,-0.632498030516162,0.438721835045279,-0.832642003264416,2.45411537194147,2.57405660419978
3.32956871352503,0.074117879266004,-2.75010918150546,3.04708615744802,-0.933743450406104,-0.954628239056377,-3.8296934004001,3.75778647994428,3.3848733219913,8.20216762630771
1.15901854076913,-0.144267256069734,1.23107769460093,1.7993062583019,1.4385239782391,0.800515335037112,0.47303603930337,-0.186447764168507,-1.16702414257898,-5.70041526018459
-0.0422926907737067,0.0531945117070936,-3.17615904256012,-2.92173166834782,1.87576937399654,4.18951283133794,-1.32144749974956,-1.18401156219681,-4.33953075540497,0.647917455537163
3.04837168851459,-0.547641935627565,-2.28483862471417,-0.422545126857563,2.14711859404416,3.35954689913139,-0.141006550255194,3.73560155141256,3.31637585804256,1.03170289105889
-2.56270106474366,2.17096579065746,1.78863010647562,-3.26532211109478,0.994414825783786,3.12260662143527,-1.49004928407819,-2.43132677794906,-5.21536924363874,-3.06230948033305
3.14534256346693,0.880238996004498,0.515438540312241,-0.848944926729439,-1.22357920422864,0.267552235680065,-0.542898996893154,-0.15286811081364,1.20851424686674,-1.33374123980391
-3.74425082466951,0.569490764323004,4.51553861359328,1.2701110632418,0.450864382165734,-3.59928808255011,0.0838936309450213,0.0339167679376125,2.93369990955474,-5.89660386799791
-0.17075126339061,0.654424991246286,-0.801444128311726,1.21399999230763,2.29229172253462,-2.8350570722026,0.263173010698405,-3.26688790571818,-3.00373429976433,3.60252999996813
-0.291333160223032,-0.844450204147244,-0.432163265708526,-3.58319004685362,0.0979016367505263,2.54053404442584,0.91417800425287,-0.0368844456351034,-0.344108313003179,-2.70022008908827
-1.24426120884742,-1.73512472780785,0.968529064035985,0.977953999353873,2.63651559411266,0.698605398047321,0.0971327119466418,1.85632285720821,2.78134973347274,0.624212318451115
2.58634592533864,1.0225203504709,-3.5425740694251,1.19324260105141,0.329623297505163,3.89300748214167,0.648431901679612,0.116421794479904,-2.23924077091568,4.72690333968992
1.19761742549089,-1.61488167051861,-0.819569828645742,-0.311572495883403,-0.626403950031115,-0.377749073590349,-1.33438593073321,-2.32846099962998,-0.0431090126443415,-0.584865930409474
-4.88450693834909,0.391896453282155,1.4121970140082,-2.1077953244043,1.2070297581927,-0.957528450304448,0.290245039035661,-0.0493700705115853,-0.31479819033796,-6.11516820335356
0.35772380200404,-0.397055779103895,2.26665606969675,3.71415624124219,-0.0198042873496031,-1.32407036827545,-2.55756540365813,0.61994245983261,-1.62220596006282,-0.447383936656169
2.87966320711415,-0.0978773447649522,-2.65659772745398,-0.718623641090442,-0.431654013186147,3.07224743474041,-0.828615457135085,1.67010836465723,-0.238170377851647,1.98985531780469
0.805648506068355,-0.464719761296795,1.81152074927021,-0.652488078349615,-0.757778656341526,-0.715456851856014,-5.746266681951,0.316134177137148,2.3726925333423,-0.565607903582001
0.258540743578461,0.624384686572559,-0.712856867293663,0.0229478559722062,-1.65207430159303,0.0954625601682448,-0.147049840220799,-2.83952500647521,-4.08487105488521,0.131520666123152
-1.16893973916627,-1.2346052993713,1.60529179996454,1.7394662500597,-2.55901288627619,-1.30902416473036,-4.13965700588804,-1.67231205985704,-1.5695440921844,-1.52722545173652
3.20859339570932,1.38221420265981,-3.20942250480412,-0.947297770433543,-1.78814686862693,6.4150099183567,-0.507632764533568,-2.06434980145081,1.48405065114247,1.15945528863847
-2.51713347731701,-1.2175922792215,1.54713306993784,-2.62093779324541,-1.56182958686958,-3.45800393290649,1.69943491739144,-4.49156408623411,-3.8482059762054,0.342834718528773
-0.289323756522045,-0.366052519869436,0.703861375351177,-3.15777944446919,-1.66021123983441,0.368883622897655,-1.89914394504253,0.062038854838636,1.14046396438681,-3.38503040299021
-0.296531221803607,0.515147141633896,-0.837819285296513,-3.5301740736984,-1.73968693918441,7.48885535893097,-2.68133035810083,-0.38788577767088,-1.07889901705851,0.899339817872922
2.11825529889419,-0.343456522568808,-2.91798329601718,-0.68762738250825,-1.14564736781968,4.20490877195943,1.10625421273051,3.33009025866836,0.370764950202121,3.42537047909998
-1.01792513286268,0.662015565295326,-0.709092077561706,3.61640717018145,-0.626835972271116,-5.31174076902107,-0.837846976566609,-0.64999806845315,-2.53254297452102,1.65399157859704
0.172812983588937,-0.721967217555533,1.79335640563573,0.81681248957369,0.728024995449028,-0.354535577682673,3.13699703975582,0.470261877348742,-2.03119038005733,-0.528824880779208
-4.99892657898101,-0.596861004912216,1.95825302021931,-0.775092631202031,1.12764380812912,-2.02987428257356,1.51494866049206,-2.96233459121844,-6.57982576078491,-4.68968701588683
-0.938089763551215,1.04895526772476,-1.52439846615224,2.5043439658592,-1.70779155535715,-0.306144600885864,2.09087269888003,-1.86786973622756,2.73757356523979,-2.38857502149911
-1.81950615366324,1.0067065777432,1.60004698902293,-1.31124055669307,-0.652557214304577,-2.0359485373744,-0.353748096992782,-2.39865280845501,-2.5656118925864,-4.32302439053806
-3.41037153831721,-0.681553227691441,3.43469964629104,-0.576870721416559,1.00633136700334,-4.40492488035322,0.193717626965906,0.68886066977359,0.0356718881205712,-4.12820945754708
-4.3079798549094,-2.04758424725395,0.981840465371186,-1.99633051432744,2.53685545590454,-0.942646043342033,-2.706039504107,-1.8589834952996,-2.17445630808747,-2.6598155255761
-0.833035290232007,0.172035622264556,0.903065900072525,-2.98535612794513,0.294627676129854,-0.872115941815931,0.925939877886678,-0.991363076790791,-1.12745713395883,-1.72471723782679
1.76389361193277,1.57286127604961,-2.12436831371218,1.59177335273649,-3.02594503416256,-0.150885796395077,-0.834393215137548,0.212908625742632,1.64412179964325,0.430196609945048
0.319934844708209,-0.63694189641002,-3.05916769710582,-1.35302417296816,0.620379448896618,4.96705280456261,-2.65095098222146,0.814359632170199,3.12316137107884,3.80436989985606
0.782510252275123,0.676061075812824,0.679832937124827,-1.78584931520568,0.129945649978305,0.676412047241082,-1.84971826767641,-1.65161533531496,-1.65804178496646,-0.544900713849037
-0.945363666717196,-0.194331179202297,1.54005840473829,0.589664398513987,2.27615308094256,-1.32296500573419,-0.701249146019719,-1.53012212111282,3.19566659623315,-2.61570512513104
0.833630926636646,-0.630484652830836,0.443481336063028,-0.781907983068494,-3.51592165342158,-1.56861853375897,-1.99403387412349,-2.03529188188357,-2.90009755428444,-3.4472244467475
0.336034194985664,0.708923072256847,0.0355640838558945,3.22572353774511,1.54183690121672,1.63702766514019,-2.96328650941736,-1.49876249030968,-4.54602785581676,-2.45017180910672
-2.47875362223136,0.0863081329423883,0.330112725662885,-0.909796559888513,0.516222002285751,-5.47594129466473,-0.0707409237945692,0.82314312273816,0.603348987005482,-3.28200574770768
0.354431377883293,0.156525181091695,0.787060409457835,-1.53708781234351,0.628637385076514,0.221904549875987,1.6259653197442,-0.436429641458334,2.23205832030052,1.50957280977501
-4.33426932321963,0.888020863452997,3.55038424050622,0.45108420282257,-1.27087161591012,-3.70908895652419,-1.23860981165472,1.04458082548113,0.378793438338125,-4.18803561872815
-1.42139795071473,-2.40024651862872,1.78397479427986,1.71435599029448,-0.906409487941721,-2.35103945412572,0.446173466996566,-0.518933265479047,-2.0878942477919,2.87488954093813
-0.455188013721947,-0.756786660383288,0.180000650296237,-0.948643110766658,1.7011768938119,-0.252040109150786,-1.6772952078166,0.373845900570972,0.106136234543135,-2.56606859523078
-0.0307009181325616,0.184525719749067,0.267899846957335,-1.04196155570509,-3.08585932421114,1.80140497498959,-1.29556355007335,-0.434828140323777,3.34199253697663,2.0779621633423
-1.21864819772437,-0.338930046943952,-0.863728783512501,0.959186930830777,1.13379294302324,-0.233290343262324,0.239995598219068,1.16629386687568,-2.1501166604077,0.802438183461299
0.137959581631446,1.07941583244865,0.734031872453944,-1.73273587562092,1.69237809627664,0.19206876217029,0.476141898093517,-0.730521499079166,-1.55737449020564,0.259161584525851
-1.78153482878508,-0.120982223431027,0.877633527537975,-1.32715311795427,1.11587710212312,5.80320282305253,-1.41253418180708,-2.86915652763018,-1.32511189021388,-0.772663385170007
-0.0638482292415705,0.283682499485983,0.20386018709756,-2.92233280969338,0.332957121057893,1.87690769542768,1.27903902828092,-0.053120317239776,-2.47098915475484,-0.962457348432718
4.07730538496455,-0.55593892025272,-0.328054243689854,0.129529067567429,1.47242427401349,0.434328009154107,-1.44800920290134,0.0298117694377103,1.16165793686777,4.86414328985631
-1.67251428219324,0.304148483414938,0.903909432930994,1.9825349692458,0.127118407587767,-2.03037370966634,-0.37947041154148,3.72749471306048,2.91801855040964,-1.09248890441038
2.68065052218922,2.06648559549175,-3.28982182050719,-0.785217775001228,-1.87344958745023,1.07582281539774,1.36278384688714,-0.739666567443294,-2.10039679419287,2.63736669840321
0.375159694965874,-0.145264343482415,0.885121752587007,1.99864768209858,0.76157957561404,-1.58383691393391,-0.855357088830632,4.43695702176193,4.9719466176777,-1.05954384468458
-0.563610817204384,-0.53893921061516,-2.19018148421758,0.270712461016879,-1.35886057792202,-0.417469657288364,-0.283968527180683,0.8719695264623,1.10011670084322,1.44113274185277
2.21651754389943,-1.25965695722065,-1.99342294687185,-1.00870403125302,0.377269446743337,1.65846118670095,-3.37789919136937,4.22352967067833,2.898466750322,3.51298339360426
-0.933797697538728,0.298083699547542,2.44347904968595,-3.86321769436042,0.605723301054266,6.15440611821256,-3.61506221079918,-0.162648472829162,0.913328619623003,-4.00769238363707
1.50262519983963,0.288799196573117,-3.37529669769765,-1.86177637212949,-1.62794631680116,2.65770598201989,-0.118365635460208,-0.583759736450801,-2.35979976715746,3.61309819091684
-2.47384376389223,1.22642461982473,2.17101305694964,2.35504707454754,-0.563437371866828,-0.327121906405575,0.0144675114064958,-0.274836019626368,0.913078716036056,-7.49311744276837
-2.3819835018696,-1.88579159991172,-0.0234679416109281,2.09182690530088,-0.749404414423253,-4.23381194773133,1.39710914782306,1.42255038767406,2.95185466962065,0.291793540660185
-2.45973226899342,-0.119123699030592,0.0242206902837063,3.52630894251187,2.15919868614135,-2.52539999508462,-0.845136514147346,-0.485471014688867,-0.628798515713787,-2.16452421079449
3.07292218744391,-0.76915515101637,-1.93183744819292,-2.54534504031226,-2.30696744200771,2.4527303864211,0.163681134550397,-0.0304049134232374,-5.16426532410873,4.23086151914008
-1.15903094775531,0.0871566639139469,0.749909404317793,0.422899972332314,-2.89783572352777,0.326386610019288,1.68215192711818,-1.0070017301338,1.53110390311178,-2.34318886748327
2.42442491910393,0.287832321947163,-1.06405632082413,0.795680829955013,0.0398179190324823,-0.222594231864213,2.50118029853211,0.738310527578197,1.79420530365752,3.48134226407161
-2.99452109684808,0.757676026662307,2.73123845062892,-3.48614414156078,0.594157587289766,0.733696051665642,0.661427560331295,-2.07714510927869,-1.12097384137399,-4.97225958886093
0.362843265973289,-1.60160733623972,0.6087124851245,-1.89567128267388,-1.45439952507171,1.35905102676325,5.12932214119089,-1.24143639400848,-1.34648907758139,0.628490405346599
4.9027619399558,-1.00612928431989,-5.34284150706341,-0.659025035883898,0.458681653028041,7.07149139644095,2.28299034219093,1.42866385443754,-0.473772545723533,7.46804130861133
2.58379285791852,0.445317787621709,-0.715955487918435,2.65067097086982,-0.43198075972628,0.40149196611188,0.923173601484418,1.15992016537044,1.60941818308471,-0.329530832245555
1.12090739509105,0.722042778921068,0.895378786192516,0.7261144886717,0.546434334787351,0.15692970039728,-0.942421076349535,1.80423992284358,0.777975947013405,1.35840223433962
-2.43278581916784,0.184427493819676,3.11612660834771,-0.256779019767325,-0.806439122599414,-2.94644115523176,-2.10094281360871,2.04113388557383,3.2589965828968,-2.13139008527473
0.670270381039127,-0.218551634947763,-2.2136883105263,0.843330435920233,-0.583131756579399,1.03050824011058,-1.1136214067351,-3.72221351007642,-4.36348657306667,-2.15455858946558
-2.77534553737411,0.255249656967705,0.829729616559139,-2.16602445261522,0.401801494633765,-2.2251192117032,0.514414195036589,-4.76953540301669,-4.9070274215328,0.9464179045239
0.677211136936946,-0.330941787616778,0.862357630882198,2.08654478474774,-1.55133602052001,-2.11413057528635,0.132469064381779,-2.62007159032524,-2.63776615819077,-1.55450746660029
-0.378398639258777,1.58259148971534,0.663488395691338,-0.821144024412776,2.21325677978122,0.166490574537755,-2.01497333769245,-0.89456177237504,1.33488512612577,-2.81418372802447
0.35601698137746,-0.269445120019993,0.270863356746874,-1.48314531850882,0.542565903633312,-0.731995009941411,-4.44706675458227,1.51088684827547,2.15968909107248,-0.258875131557639
-0.0446880138364649,-0.758522690838453,-1.26440357654551,1.68061820170669,3.31364522016943,-0.237357100273706,1.75296422230041,0.579194206590776,1.55798339347335,1.00609689163228
1.55737506571196,-0.88578482122081,-0.485775100143661,2.42268831582055,-0.4597467021357,-1.01227540223703,1.31229052121373,-2.74649038407509,-5.72309044069065,4.5305124238404
-1.2408579094888,0.391244145214884,0.530196704575979,-1.88268658864811,1.05956362566174,0.96330528181581,-1.61542531154322,0.601518317002755,0.542586588246847,-0.340326871039232
3.60585550525652,-1.60024838376713,-2.97141000128709,3.09558333290806,2.862913244744,-1.47639678135821,-0.300167892239536,1.49225522196007,-1.42603343536194,8.95348054741806
2.79696815336279,1.4157903910237,0.339791714087565,-1.37853767088875,-0.508297762684127,-1.79911200366694,0.137062730231614,-1.70753309321126,-0.785610754505931,1.2437725458407
0.527304372900237,-0.697873355721591,-0.536325091559162,-0.105618617190466,0.449197058383402,2.99594481362693,0.1643331228113,0.686221849635083,-1.54098355150702,1.92726863724295
2.09582651921906,-1.52023230052433,-1.39290604098974,1.38343232139942,-0.99301941191453,-3.0220301984576,-1.16223302407803,-0.802485789830356,0.392822136935662,4.6460619923406
-1.61508953381268,0.0447370692165082,0.488315762590352,-1.24669342596652,1.12521046343668,-3.24990122593557,2.03997536574,2.11082792358526,1.01804605010255,-1.52747330600029
-2.23901431873832,1.15398891327379,-1.42197680337351,2.20823428192383,-1.77646850687142,-1.64901426142856,-0.862706890878122,-3.61654502197495,-1.50031458976295,-0.429562374233734
2.72851978865418,0.271786324872891,-1.12914398839847,-1.48329926825615,-2.15141531393863,1.93614804233796,-0.869616735639427,3.08885923339415,5.66597201088927,1.40066047701271
0.208670014915875,-0.301877553964111,0.179038616634233,0.231928303893288,4.01436542563661,2.29719336617086,0.220324212467344,-3.33953619216751,1.14695118298575,1.26660906410584
0.480529514607208,0.0338572459970438,-0.838413227783757,1.04812630565222,3.09988770395765,0.443522291438431,-1.74045890594965,0.305697416479796,1.19628796380852,2.79236305297394
0.951817821225612,0.449578080850973,-2.17329922309908,0.582411664181647,-0.523218449963369,3.2319159036205,-0.68762457858345,0.235774282157147,-1.56650859545091,1.21869432768877
-3.26622299885443,-0.225507353066388,1.56865403120114,0.175551081806401,0.744979010114082,0.805391852551755,0.282356096014262,4.10756454991439,3.78148339190403,-6.49416217227592
0.79364787392311,-0.158029347074656,0.845439543460179,-0.784672494206235,0.757546421635207,2.87627755401678,0.208426272706962,-4.06216785250261,-4.48967904853688,-1.53291524673698
0.820334101103969,-0.20248471466503,-0.559612389803717,-5.12512403381035,-0.212365840861726,7.37820338607538,-1.89006067830095,-2.17760337264979,-4.08339012330514,1.05287979472265
-3.39813439569249,0.765990292435066,2.06206323794938,3.00715112311877,-0.322010654858982,-2.49336274148015,0.180760405085935,3.3969576869777,3.10691162055978,-2.57382387611209
0.200204730986007,-0.455902814777327,1.52133716247899,-1.57019333506241,-0.516642715359466,3.08531873059941,-0.0311905113915252,-2.14326140115113,-2.15230544893729,-0.213457393507506
3.12037187590407,0.470032809862784,-4.26071282229903,-0.997635917817165,-2.34977144817446,3.43986248143523,0.41344993646293,-0.208623581937767,4.02874274346869,6.72715541605228
