0.361368787753953,-2.45191523933627,0.0623555976284366,-4.71013023434293,3.23393537423818,0.634129377841721,0.993395908148892,1.71529996325542
0.159747703964939,-2.87628011044652,0.427482244670979,-0.91551476677867,1.22102812873941,0.194085357887236,1.56001584407121,0.4591016782665
-1.12816270246211,-0.913813719281084,-0.0169765999574054,1.49522808928897,-0.62242462449813,-0.614887909988487,0.0305169827463072,-0.108672534533469
0.640627095380496,-0.282597686834492,0.315557622252727,1.03011636544456,4.93989806712131,0.423843328112607,2.7154208288177,2.34158770311308
0.946751664143403,0.62391037544395,-0.202296079120055,-0.111350572961799,-0.937972877427552,0.304988751619476,-0.148692659052088,-0.821995525707896
0.682241513717068,-0.219542072808713,0.0540303167162401,1.10056606866651,0.0167689706724023,0.473827224377279,0.299176783842074,0.310489594638375
-1.61124423054255,-2.17821318198525,0.207048466585994,0.471217954548291,0.178279012446002,0.186383437976404,-0.156865522407536,0.53293652198657
-0.410151650472871,0.369146878240574,0.0545511996101055,0.511831245988268,-3.91351893823216,-0.0858140727988036,-2.61489027702687,-2.64023415261285
-0.00773157341930935,-0.599904897360708,0.69842438091137,-0.983009441524391,4.36076077185808,0.123016048509257,2.69429074514106,2.67471951756457
2.01752905318149,-4.26718611542324,1.25084700293068,1.28073432277789,-3.14512479862468,0.319039670809585,-2.50258850221555,-2.44932607070846
0.127665236055459,1.67872393763359,0.43384650694553,-1.78366218734574,1.85895041213315,-0.0317859806688435,1.876268149319,0.68587618402408
-0.451059488738011,-0.173032152628172,-0.0486342627687468,-3.68241952027592,3.35409435063318,-0.939440399656741,2.51492836601002,1.30261919401233
0.100438637729098,1.45265979567894,-0.510757455858194,-2.66376156808975,1.61709550154946,-0.691442265555978,0.727267845778608,1.40096217374305
-0.348544412784975,-2.66937053002001,-0.207525447265228,-0.0859863793826488,-0.231338967521281,-0.133539651198392,-0.478366926876825,-0.392279919597006
0.736210356988951,1.02484301608201,0.523652720188525,-1.07495711293995,-0.727731501634834,0.70300580386987,-1.47430260016289,-0.345662035792275
0.550408049649153,-4.86770920906501,-0.410858354990044,-1.47635987065494,1.48076642077888,-0.461477736372874,1.72932275682827,0.72759789147112
1.20743685927009,2.7435072811995,0.30100982904709,0.00585879701753302,2.64587687206192,0.404885313774792,1.3425970359534,2.89854642006694
-1.39093421448424,1.67434396978392,0.0862798176205681,-0.815147411510281,2.18943510101737,0.829600651258528,0.396558984771549,1.330942368735
0.278398701977972,0.131299756455002,0.010729662682125,2.56683686567163,-3.55956852357169,0.740091831893492,-2.56391739416814,-2.72877279745895
-0.322321971894604,1.81567940910352,-0.832422783524442,4.50410300157724,-0.454273893466146,-1.23447321260093,1.23036152009799,-0.196184468755988
-0.561714385799441,0.869538100651125,0.621827573065394,-2.59644254977729,1.61171936274723,0.743459520214775,0.908649381615612,0.123872046467796
-1.01431828849189,2.06093847513227,-0.253572274023062,-2.37593040000636,2.42866561585979,-0.933500208312597,2.4835775222668,0.587430068539147
1.13599542227814,-0.0826213796080323,0.160388118340299,-2.07466653844452,0.0789318337879152,0.574798425246785,0.15823129346571,0.349488287542734
-1.44331242843265,2.34739950956758,-0.0812941477084045,-1.63868508900996,4.85896095536579,-1.34076115745056,3.75925215808708,3.41167381719139
-0.694829130293474,-0.645838678172886,-0.080785120713365,-1.19439916421839,1.58143777931438,-0.102334129024403,0.824272875788221,1.18330514929878
1.00319385634336,2.39677278105718,0.576663220374057,1.17332469493195,3.04579625719755,0.959997563567984,0.530531626518367,1.87004173003399
1.71617458846885,-1.70651064097046,-0.263094864494916,4.60214911576099,-3.08015605482879,-1.00890488143117,-0.835382732446935,-1.98292989836429
0.776387351659232,-0.688230023602396,-0.0173870979472341,0.501241636095424,-3.36882019112396,0.0853787489119302,-2.31284008027264,-2.14031979749271
0.788720265795414,-0.00166512978632904,-0.57565493371935,0.61689451895961,-0.024915136430178,-1.30642199986659,1.3416723796992,-0.0530674554896421
-1.62810737456452,-0.0836714316190136,-0.196936510551557,-1.87935028635674,3.42024930327494,-0.440851153173285,2.79229964525601,2.2954572465374
1.44978679634596,0.829483491960198,0.80233396397413,-0.74445940087163,-3.22289548882994,0.617518233363572,-2.94093410920136,-2.37708998478183
-0.970902294416832,-0.923235160855214,0.129113499544521,0.562616250446561,-2.80570187144098,-0.114435543374972,-1.58745297705207,-1.90974754318381
0.630697855648959,-3.91320759529831,0.0192493808820577,-0.0344889806789949,-2.23681501366161,0.222403360566652,-0.781043137464938,-1.10397757134291
0.879390396843577,0.741491148049118,0.23998430811611,-0.060075169012487,-2.31468908110464,0.0885948069633787,-2.77806927477469,-1.71413285581173
-1.12884433918875,-1.55076571721794,0.964969041945683,-1.22717567536743,1.30458674110188,0.85467516860504,0.763238462995033,0.762153806397226
0.264290871637809,-0.120619585119995,-0.0958599031748978,-0.418047224867977,-2.48359597523965,-0.39395349720362,-1.36093290454982,-2.30298774007305
0.0911949112533859,-1.11315886028861,-0.901163026616048,0.574687993997516,-4.43981658221407,-0.961309174064691,-2.56780179734527,-2.88135518309017
0.740705645524971,0.293084471313836,0.961844922495363,-0.429725619214687,0.194568692222081,1.03827443178209,-0.753180964283942,-0.480348300103613
0.623970023357605,-0.593374421732,-0.33649079067201,-0.456500122205833,3.56517456060553,-0.570874498078154,2.10102614150842,2.43844144791121
-0.613516471210309,-1.37719888744533,0.695799284413207,0.311442633652806,-2.52823733685465,0.0737948849756606,-1.08528058695208,-2.19385574408358
-1.07964891980102,-2.4083315196269,-0.148190383814994,-0.568438191593752,-2.02821916861723,0.783855633586269,-2.28709215403738,-1.82077227770919
1.51561679876298,2.3890701347806,0.282122353447496,0.959942399501342,1.21579058424432,0.460763477952153,-0.578286632482541,1.25849239304305
-1.44252009772525,-0.4891414448496,0.104103085675195,3.72110451103793,-5.56132625111379,-0.503666941050183,-2.77087855102972,-3.04610023338088
0.66332106221937,2.75151158857817,0.371245015598585,-2.98902266569828,1.46852575570176,0.443551668400664,0.875849447441759,1.34114520379433
0.615551720019814,1.13226743459125,-0.104674303494612,-1.32520527258618,-1.92833481182073,-0.287657069139013,-1.40854742179814,-0.76282720256419
-0.628874751915479,4.30289740235653,0.261136970907423,-1.71877699598423,7.6980100180155,0.876845871200484,4.0430264076269,3.65290552751885
0.306054351092959,1.23167402549758,0.358334031735352,-0.170153876793691,0.381859774578582,1.13600705081879,-0.485570334911536,0.754139221129399
0.834230424147306,-1.99768920134585,0.514597401750909,-1.30070559444457,-4.1121987313088,0.0629394134259894,-2.56566799731176,-2.56420399378811
-0.791230767042307,2.61646424908814,-0.203363934012784,-2.74860587671418,0.408561594728636,-0.173229616929426,-0.004247371581128,0.625160457311808
-1.09237720409036,3.94140670440266,0.193961858820517,0.662467189324697,2.85407654958924,0.22246232202381,1.53312822902255,1.61770296387642
-1.55321175249733,-1.52493608719469,0.392112420529544,1.11437969652191,-2.51269217987966,0.0515342358405312,-1.23715388664673,-0.658818937474629
-1.28384564985533,2.8689341119171,0.507087668759096,-2.49012173993472,2.11310600814267,0.486048912593559,0.656565838185691,0.965683552118373
0.316142435641323,0.18013359880467,0.323348366082704,-0.68127907445016,-1.01769147973992,-0.232856606167294,-0.675766087054765,-1.11186168361579
2.36840751682284,-0.909492837638293,-0.187205171220687,-2.55648487122695,5.83635925886346,0.137268959709535,3.39849140661854,4.04654724797794
2.17060957887375,-0.451805035026894,-0.498421606912542,-3.28120921755496,4.11111566597986,-0.574372068627937,3.25326921654785,2.76596588772779
-0.64233783988173,3.12853553405481,-0.0752849708057151,-1.02196203989468,0.443599118827214,-0.283186371192586,0.825804297045134,0.738825142589607
0.378697178422628,2.62380596443988,-0.265685740514378,-0.377299606298635,3.17382118587696,-0.805612329130339,2.55353237070753,1.48122202473225
1.0244125903707,-1.9918593963671,-1.34951213480222,4.29364267952905,-4.02059176670341,-1.87120720799439,-0.460449410998455,-3.01099715157808
0.167185012571661,-3.73842709806692,0.695516027630355,0.257174878382626,-2.949691309234,0.129758265951406,-1.24528062148676,-1.36914167901785
0.039187252499074,-0.616474717601298,-0.407253181619594,-3.32177244038798,2.37299072087394,-0.0751309207807091,1.27764937187993,0.998194610153655
-0.076459708751036,-5.1896956342733,0.708177219154491,-0.150239152069283,-0.966046749877389,1.06815202615759,-0.891185788451593,-0.828507419904735
0.572751423423339,-1.70842195707857,0.993067396622239,4.13951408586862,-1.86890768964634,0.883337700850954,-1.36440792484497,-1.24003241658283
1.10117180452704,-1.94644312343657,0.58730070008383,-0.025012942557064,-0.520692809408062,0.180403768358042,-0.406614842466849,-0.395350299336111
0.501719254309075,2.35169113054761,-0.100398980597155,3.50117246213675,-0.856034673246077,-0.0836814067294885,-0.58852777401448,-0.410351871427858
-0.393571523761284,-2.00498542928212,0.865155450733318,1.8065526142275,-3.4517920868995,0.459292193113176,-2.3609077179291,-1.96275020192299
-1.52085930390029,-4.73413578814363,0.0494274958718817,-1.63771240960994,2.36900248419294,-0.793588281564584,1.05413998674308,1.57783135141266
0.180791753314047,-0.70617575376606,-0.321247552786063,-1.27141129461584,1.36098197626894,-0.508564639668218,0.54461470077656,1.10653312277895
-0.90969476741302,-3.19684758701794,-0.60679677089505,2.28845946463868,-2.34221927615297,0.0574753284797732,-0.932691756951074,-1.83141622853511
-0.758717541896117,2.95713802938075,-0.344471389587331,-2.08122747726463,3.22893977707251,-1.01914928900159,3.38582476985772,1.77863151115971
0.303906504388214,-2.10420447816117,0.508139643495979,0.479659959619696,-0.146545664490511,0.383185442210565,-0.704507299593333,0.503642859454744
1.26277137405023,0.828441881131624,-0.656670628608442,-0.402864463916061,-0.225338617919187,0.0179189382178813,0.517335280634482,-0.575295036996239
0.200609930244566,-3.36263053825823,0.151075398199032,-0.859419064804522,-1.70119010975642,-0.362296499458981,-0.581709223307534,-0.348367568853985
-0.795183955842967,-0.405493617529427,-0.5007294411292,2.05605412286528,-3.39863242712898,0.241745254648118,-2.23958127282656,-1.26642385626493
0.0425287714948946,2.19962615750647,0.178887936444379,1.4486684871071,-0.945806277623635,0.438540940736015,-1.14190638512022,-0.285674220025845
1.4969865067177,1.12112794832291,-0.526196857383167,-0.262769232689707,-0.837079483941523,-0.221515583645898,-1.01084115334272,-0.901174197204569
0.866781419479502,-1.40171322104774,-0.180613537056845,-1.90519198369529,-2.98836697486725,-0.67883696009299,-1.51156324963536,-2.17491291158486
0.797544510572151,-0.0781168804207416,-0.520328993299515,0.490724397419527,-4.98904890526585,-0.685101119390475,-1.93980309200417,-2.36611128689323
-1.45425283190103,0.813265330288679,0.0466411814722104,2.60308906581052,-1.19483076522287,-0.368492015746561,-0.201215161579164,-0.390391087100982
-0.482723706066819,0.338289457373433,0.568406669163302,3.59511073273294,4.30034887938027,-0.123377943569053,2.72130268139226,3.24016231292388
1.49162005339327,1.2640748993227,0.172840191626833,-0.590537952873089,0.328664489218977,0.736281615057631,-0.622635126401897,0.587230292636782
0.663394097453928,-0.869308571679423,0.625186544825323,-0.213597792619502,-5.62387865269172,1.03158865354058,-5.47002120807232,-3.41989084318468
-1.78577931199882,3.52482575255474,-0.224064802810905,0.118856341317225,0.679922482575656,-0.259539656594533,0.0884564340295429,0.652139149444365
-0.922710631803775,-3.1219888463869,-0.302387157422125,3.16196934226461,-1.38709584867777,-0.440581076639734,-0.896249985891533,0.0119524500737022
-0.227761375164468,-2.93751079811557,0.465542635434801,-0.304661950541508,-4.13138705369612,0.349808344470002,-2.65235710499595,-2.1570782607085
-1.07232302561376,0.8047036349218,-0.358523332942899,-0.0651300549683742,-3.58531496538442,-0.633880717909206,-1.33651226478525,-1.70366544501069
0.746102479085944,-0.331920392285292,-0.341530376989912,2.76043968621667,0.665144253621724,-0.44927467241265,0.792709213383046,0.466305711277232
-0.729832439624692,-3.98070046163916,-0.219563657923396,0.0205335759524562,-0.311284963086744,-0.407479753240598,0.129209568484843,0.308518810057135
0.943009205205314,-2.80678154785705,-0.34124306957624,-1.97276390603534,3.12658935889875,-0.232592070701495,2.32953540887388,2.03857684837192
-0.0329428607990596,-2.44965029586414,-0.0354461599646152,2.088506442574,-0.647007241967018,-0.583976673555747,0.097748552375071,-0.747963820982067
-0.614449511367712,2.52961406069043,0.467191469881608,-1.51657517792902,2.36085001506576,0.36955387934175,1.60010091480808,1.36462757479968
-0.665629800531756,-1.33894843101829,-0.0371376313092187,-1.59606205314377,3.12816729851511,0.0306418501137782,1.33013062714822,2.14299217445281
-0.368673589985664,-1.81895755333399,-0.0152804196469889,-3.50821600118487,2.95245305606756,-0.453147500729276,2.71143229828186,1.32205854672224
-0.0897756666489611,-1.22507109961764,-0.441648626080277,-0.29111799659857,2.60171893420919,0.212395781814411,1.44956296845427,1.66272515536279
0.699644211347723,-1.13710380144401,0.188736551997841,-0.760144545224403,-3.79646563256343,-0.143906154256025,-2.48593722076131,-2.41511984506661
-1.86121464879424,-1.51731528044309,-0.147953564718161,-0.591764799815579,1.24764911823539,-0.832600617253847,1.33589120829304,1.17633047828409
1.1036961737526,-0.309858333155526,0.150078198155947,-0.426150366008108,0.174852985718151,-0.492395695688739,0.300152014798922,0.013024892980029
0.660162081400037,2.06087742118841,0.736735901502843,-1.25685442781553,1.04407704545337,0.131517160532513,0.363225451666781,0.712226595138946
0.41256479963306,-1.75973031253025,-0.627596460099084,-0.689951234099892,-1.88751653224041,-0.5771354339375,-0.579185392521355,-1.59259224548241
-1.60663561580856,-0.142275092240535,0.781825523575749,-1.76171142260902,-3.5993751600672,0.411399390161742,-2.35939112213595,-2.8921705461446
-0.80502147076848,2.11568746820211,-0.236401843516168,1.71032654803345,0.880051644342887,0.471869252795754,0.401417354774305,0.486198375902518
-1.07921824895376,-1.66269758517824,-0.0191777965556367,0.681098718972787,-1.80611155111316,0.30003632563334,-1.74691991803132,-0.396821102999621
0.684934406879874,0.511993195980421,0.00394131822952739,-0.101295865553202,1.25498943953807,-0.7324915626967,1.09222141701161,0.787980932653851
1.88450547126384,-3.88858669065827,0.168231499482812,-0.662468939997128,-3.10716758639744,-0.140510871462551,-1.93469734834388,-2.47234224733446
-1.47081956907691,1.39914993172552,-0.580576370438655,3.58685477162498,-1.84137516251424,-0.588068218628048,-1.03044572467857,-0.40129383561261
-0.222073971165884,-1.72024595263926,0.555401452766468,-3.16426142067494,-3.60589226225935,1.22284802429016,-3.7542824535533,-2.57836764089934
0.94184692171835,-2.49692644698785,-0.531534781362276,-0.96949693531122,-2.24455715524627,-0.0797792150148179,-1.23064157370794,-0.868604906545011
0.564901261559796,-3.81845650046346,0.478665698359378,-2.42424717986665,-0.283525734990736,0.683371529799111,-1.2257534920799,-0.209431495194723
-1.06458129702995,0.807272314480767,0.216247818929126,-3.65073891562101,6.19719252968016,0.0094740599899799,3.41756710515082,3.33983825414283
1.4520249312995,0.0792459474916407,-0.229041765432518,1.71345334561991,3.00078232215444,-0.63015566927468,1.97300603484481,1.60640062791696
-1.44423043632458,1.23151102998664,-0.517114549305376,1.15080402102817,-2.05004703810417,0.121754375954545,-0.554910118808015,-1.00126884309579
-0.754000048261943,1.07350690278797,0.454411319094569,-0.756053035218218,1.20909666357759,0.292969678726801,0.744183193570486,1.00851338384088
1.05001282484585,-1.02084499219622,0.129501545245651,-0.28930729738119,1.40229417777868,0.0709778411086302,0.736125344497888,0.282424328659696
0.71265079270435,1.84033225866286,0.00109562912236132,1.03113063792669,1.18254724140001,-0.7423445158397,1.29629094467091,0.908287460714473
-0.899869479533653,-0.509769968910779,0.0712972456192789,4.05803138545689,-4.5314334018447,0.636263340893035,-3.5458140558293,-2.85250419439433
-0.0204105592628946,-1.80388126894248,0.849774170692471,-3.86968232409759,2.12953474977303,1.1582588466682,1.02406802714239,1.20565981254123
1.26967558597771,-1.489144794633,-0.174432284193867,-0.729231161643247,1.49022124091145,-0.211273701341659,1.99139132644912,0.662992978221613
0.116301732650508,-1.31396000754392,0.50470599165307,0.539249649894758,0.529884793602031,0.927231275230378,-0.552178752990223,0.666199133779909
-0.281101804385043,1.92613881488022,0.313931614723342,1.13352290831677,-1.12888751153564,-0.0944399113073942,-0.886068260674976,0.224089369655934
0.40937017206868,-2.65868364711885,-0.324081078060735,-0.138983729419889,0.195417723266816,0.516628159680131,-1.27693085749155,0.334324021452517
0.497842732794287,0.205224031997524,0.539535444347963,0.759158232205722,0.447415726453854,1.08806948578304,-0.416965898326904,0.665015821460589
-2.4443605285659,0.440449926713002,0.778777630329663,-3.30023359415877,4.49740997286165,0.579983906829018,2.77384765180816,2.96853225755778
-0.863232267726069,2.43179425757847,-0.0612896192094902,1.92715304838704,-1.22949931022733,0.296485908450764,-1.16895065171889,-0.62466298179235
0.378348877701289,-2.3637180498485,-0.898028160594271,0.858950652220217,-1.27929331433966,-0.17928775312758,0.105725188626043,-1.50891720813801
1.78263108033818,1.15912880292831,-0.226389571862617,-2.56753724807395,0.818291650977359,-0.512118269152951,0.97060963577993,0.239874241844928
0.493358919279506,0.149709500075941,0.452371266990147,1.33442183529686,-2.51127490551523,0.0494179222570934,-0.768371955341483,-1.35121955443449
0.29212526446995,1.238177281663,-0.0600724342430038,1.48463327294708,3.07337495727013,0.274314755690309,1.35655567663601,2.12377697358628
0.572021085659161,-0.195858926363913,-0.401042210043668,2.14810553370347,-1.33830706352035,-0.294724215282407,0.677613104897022,-0.833010657511196
-0.214283562854043,3.32950639439981,0.136370421119293,1.48011519270809,2.50623634133653,1.08505704725308,1.04477599020932,1.13955809825161
-0.23395551764755,1.64284345941742,0.487430644027354,-2.62855193093773,5.3499722326674,0.0735825150795552,3.16595890888879,3.44581950325964
1.0122131708207,-2.26713424675427,0.469145572100516,1.24275303715033,-3.44311028223383,0.146369284404659,-2.09265425384405,-2.32858949291962
0.278853092566728,-6.66158879885486,0.867065498122189,0.00207297744713148,-1.19992503987872,0.66697162991958,-0.90829139660969,-0.761012775086754
-0.670135937707927,-1.0377459995656,-0.256299779862181,-1.0066366875414,-0.85097449181146,-0.473122135738227,-0.100605072156801,-0.196613166847407
0.106383992630431,-2.13577289458861,0.482003674035489,3.030799098463,-4.3544793191235,0.399455220855493,-3.52711624951638,-1.69199868402905
0.595287877721732,2.04233608438182,0.351895456349363,-3.10467602491268,5.27255463297379,1.10968201348673,2.37480228188011,2.7957926190237
0.762763728233668,-2.88068365860209,-0.754308370307782,-3.1663214132149,-0.614048657156758,-0.522844874265534,-0.510532242790577,-0.612567216778498
-0.341704900428412,3.25201617573024,-0.000287296569431938,-4.66066797413982,7.12873044583171,-0.267099730185003,4.23463920006348,4.23538289782627
1.61186214381884,-3.45849645932166,0.349242948249493,3.40747382475255,-3.92530153809282,-0.306547049717102,-1.92872297643521,-2.44341910972
-0.316293161064875,0.479704754207905,-0.2705099302261,-0.232812763896613,3.37406573808982,-0.0783100383321718,1.47856209933192,1.87125470029545
-1.44957898571631,2.5460699523272,-0.0694672088975407,-1.42486313341124,3.86412224132761,0.093646456253543,2.49770896219108,2.52759922414053
0.450647181705069,0.53353269898679,-0.707609603263507,-1.51694191370081,2.40230682824672,-1.05764944059416,2.07176794303174,1.86576383986361
1.12989969788175,4.05015961518314,0.47540262168894,0.817697216757198,3.66062434098586,0.52693976223549,2.37022035506047,2.3277697720191
-1.95800832359828,1.49977588011108,0.236045150989328,-0.88369360007754,6.71156688555285,0.0115327723423106,4.06029744671076,4.46152793630485
-0.163819638758802,2.65403007706111,0.343386980164401,-1.29164104884562,2.69001774886142,-0.338019446881027,1.62229567316452,2.00539506136386
-2.08191410493682,-2.0108076186321,-0.717552416789203,-2.69919437772248,0.17689127075885,-1.04903916992194,0.244428656556604,0.170729248706772
-1.01419790684354,-2.42793845410016,0.190690515551827,1.44070163815876,-2.83982374070532,-0.911897905031578,-0.763715521224468,-1.80938996140984
0.11236289492653,-1.95691705266913,-0.209570417035324,0.779981607341692,-0.66293482558912,0.25287522096661,-0.766234132858457,-0.787018341496447
-1.29859746339389,2.29943741459658,0.11934989700237,0.746071620947281,4.36282065435785,0.0149090973381438,1.90796526266671,3.39441344927817
-0.922611072501268,-1.13785114284765,-0.00607321528648856,-2.57553493247889,1.86052599407315,0.459043894536968,1.06275347196479,1.39583385172881
-1.31276307288953,-4.71156547751182,0.543851610092913,2.85954576251986,-5.68105246422106,-0.566882245564985,-2.91863827754835,-3.4492604496287
-0.142562213759806,0.406188327115297,-0.56424498903055,3.36230633769731,-0.610390139619453,-0.209408733843259,-0.54885987723961,-0.481040249272128
-2.30488342363265,-0.993190588677264,-0.612905442010686,-4.0870038630443,4.22344419551562,0.14700656952094,2.24116485207847,2.00562268553343
0.695868409689945,-1.56865498277834,-0.522825634675358,4.12954703016821,-8.3982515724855,-0.0925755108242174,-5.42060179254609,-4.76309358512607
-1.15591969056613,-2.82681848664026,1.07606166870441,-0.0816601817976439,-1.22162824452216,1.2352040759295,-1.32942032738384,-0.329960041791431
-0.351055295886795,-2.27450294224419,-0.575643787190469,3.31644451562654,-1.94732139865446,-0.285159958755978,-1.23094395155129,-0.845336799603614
0.46317746381772,-1.9505181730011,0.287685199039181,1.9822784790286,-3.55897003527478,0.22933665599789,-2.56716721959431,-0.555236718319964
-1.11931565251548,-1.99756554803409,0.00190727266818063,0.653242075313286,-0.234791808902425,0.324748298514523,0.110835477047619,-0.511097910875537
1.60862856885514,-0.223856023280409,-0.227187805036573,0.658699325382804,-0.0998022897127497,-0.215378145863799,-0.394763482593747,0.461806621958653
-0.208490705398744,-0.450517033173355,-0.0465178055416871,-3.19844371300857,3.48729364447437,0.252104713651729,0.68510621578443,1.87293396114404
1.92395320431044,2.16988150704577,-0.349301010286013,-1.32988737814936,4.07664892881084,-0.416817607132585,2.58016297178237,2.42937632400964
-0.721261713983144,0.347315056024448,-0.131105275015601,5.20201903874208,-7.93555918473352,-0.26653127186668,-4.92347789608757,-4.46986102998946
-0.314923952308185,-0.217175883193275,-0.35645285886332,-0.764847917817777,2.31537814006869,-0.71842040348191,1.03680447401169,1.77634677468172
-0.687473171180322,1.18660753852821,-0.0283910586023234,1.70633308995624,-3.20985527170121,0.00864059751326035,-1.82965803921727,-1.96792337963329
0.843380546545422,-2.98215225099101,0.570361568352525,-0.494515985273564,-2.67702597002008,0.97935684456189,-2.76898577664803,-1.79596205131337
-0.297510840812104,-3.81215174044564,-0.0168014591488429,-1.93650595617629,-5.57247170414825,-0.274742717658519,-3.43374050799296,-3.82386655899774
-1.1096009517524,-3.18306296415723,0.359027216837614,1.22357241224841,-5.75855798714795,0.153609430274719,-3.59229359098025,-3.73936880546404
0.0615854779930423,0.254780136654427,-0.13163353222907,2.46800797313051,-1.90945310948586,-0.146121779252012,-1.20659845863256,-1.39176462214076
0.357274455779137,0.456408581593309,-0.111141233050308,2.31555345661227,-4.13231491751818,0.391033639861631,-2.10989859940366,-2.53993363992159
-0.926892793009758,-1.97850522295103,0.546255788747082,-4.02648608843819,4.11427945667276,0.398724863654758,1.29375618435413,1.93218258873448
0.466281316940088,-1.72782497605631,-0.232703491504007,2.60627911548683,-1.36802262181376,-0.32864646260143,-0.987748802950976,-0.918861013142452
-1.03945399186541,-0.501367023477039,-0.00858079965542024,0.0409550373945665,-4.71034464340284,0.298001131440759,-1.99008066597092,-2.87991676514736
-1.42167910503649,-3.55996628822398,-0.81226220028055,-0.817169208505165,-0.516897508404466,-0.372750641287137,0.833078184713941,-1.08510997108459
0.542007314240301,1.38797011863155,-0.131777655902231,-0.0482352453406542,1.30670830335207,-0.942601611925739,0.737951563319883,0.751070973523774
0.0122530603799584,0.40479751985128,0.313510715702277,-1.95478262581131,-1.156414861597,0.710802338124199,-1.34299819632145,-1.00389516703212
-0.165683121633751,-0.0963954690862234,0.155607070239528,-0.525236485725948,1.87718320434072,0.0178014617535125,1.36906170257601,1.05150780137944
-1.74109303349771,-2.69901505907405,0.125060767398143,-4.65901037206587,1.34090773241584,0.116691549150662,0.323504911286157,0.773511546227245
0.359551320674707,-0.465851160428022,0.572251749698642,4.41878043893703,-2.77921317209494,0.544336751082539,-2.2572325282728,-1.94378132032203
0.950275665681683,-0.497981967552503,-0.565876461833331,2.67945085764617,-7.37988845241092,0.102884740728848,-4.65898164985036,-3.801132134508
-0.688749646373801,2.71989609317828,-0.31119128875075,-2.66159756769208,5.39748632389787,-0.193849395097983,2.66609651436497,3.08399718364141
-0.394502963690966,0.500191414235615,-0.264474068319514,-2.17963606884731,5.22313235600514,-0.121324849442205,3.66918635168469,2.82991400653285
-0.587107948647727,-0.517594185936864,-0.150106960548414,-0.856099085986122,3.16635263528143,-0.0812554294739573,2.49370252529374,2.98650617133755
-0.904952649199683,-1.74843361274245,-0.367368170682806,3.09118182808966,-0.717111681547432,-0.796922432038353,1.11130071384398,-0.0309633803730989
0.18499713636415,1.13675089220789,-0.266836182158049,-3.82066841768036,1.58622951130186,-0.89145350972096,1.83524198290029,1.47874504617907
0.603896837843218,-0.389264107445268,0.34436852703118,2.5519671252236,-0.868454530750587,0.560641281713023,-0.850945231491581,0.242491971595895
0.843207631789979,1.69734960272426,-0.0320803248562133,1.15803737351088,-0.625207178877068,0.27565050118513,-0.6283957208875,-0.934855961588662
-1.89178421011133,2.58549474478218,-0.162180009543636,1.76598712749685,1.39869136431051,-0.403306257409731,1.69228081850651,0.475402153888176
-0.413974585170831,-1.82883183991987,0.377811962327634,-0.433739439566111,2.38920160704292,-0.505381844376179,1.83305436079993,0.756886487471302
-0.343229536680781,0.555309392200222,-0.648832181186982,-0.901440821464977,4.4349871360797,-0.479574317735952,3.35580745525935,2.42174984465341
-0.42409214389151,-0.198283459828145,0.0553598016471963,0.810191390150768,-2.06202875074184,-0.061775308476739,-1.94517891865529,-1.1921377653631
-1.34687228137845,-4.50567209818726,0.303684959494303,2.61401975593717,-6.03274145540522,0.122543026913358,-4.7339227004372,-3.83269369668296
-0.989406840448945,0.615778967625927,0.198491672620663,1.33119159570548,1.52976123248446,0.898299863495219,0.955552154415729,1.61891373034091
0.131145991276076,1.86849640384429,0.184782881837212,-1.37926457047508,4.58840104930083,0.628777362531054,2.38226817111329,2.40131925843956
2.20600746489715,-0.99106819623197,0.60354497963589,-1.8995071851477,2.38335378747542,0.369380375731332,1.56290371160649,0.761070300515317
-0.488025940121504,-2.87507554311168,-0.00909871901288107,0.782286709905436,-1.8226313216903,-0.433663436154557,-0.681974963142576,-1.02024373711613
-0.0585964605867064,0.330635221505517,0.0301508302122781,1.3629282663169,-2.64368369077965,0.477943912881081,-1.75049014924251,-1.25454110695567
0.38150736623729,-2.06540739853398,0.702871295467498,4.9719457819015,-8.28228230194009,0.898603340088618,-5.59007681982648,-4.32514753025283
1.3960936662038,4.17260282160254,-0.591129819905365,-0.351210768871797,4.12906295534323,-1.16418330971111,3.0034330300987,2.18011161081515
0.163383608118258,-1.63201836777888,-0.00843673392724527,2.35565924215142,0.554075849856492,0.253508340183662,0.603436372076825,0.57413217973042
-0.0744812380514489,-1.97448009618505,0.410718232930681,0.40208072112221,0.756263194876864,-0.435869511843045,1.66679596390017,0.597396343705915
-1.0436231495062,2.45896885286839,-0.291304713070307,-2.2965473882898,3.2327071214761,-0.460722432798521,2.34506161034116,2.63427885445556
0.0157552101009741,3.05587972448206,0.546941910830049,-0.036012198057023,1.42914966430303,-0.0457671108724338,1.30021429871693,1.64482074376628
-0.568648399943627,0.726689733139007,-0.316745358711345,-1.61843902122789,3.48816394403055,-1.43960996207503,4.0439934837682,2.76121126944882
0.336134460864702,-0.704092104084781,0.109831521577202,-1.41792296077949,-1.44613248361038,-0.263746843870942,-0.598817331299357,-0.650215361124976
0.0725405996115786,-0.454511938886512,-0.199394877459027,2.58679887455736,-3.31190183336321,0.409076716096851,-2.17512978128357,-1.70032979487118
-1.41152810875984,4.1968002579708,-0.325715998941758,-1.5024610201194,5.0403301796344,-0.0805852990529595,3.47955464207878,2.20301203464105
-0.06088542385672,-0.234208179239563,0.347151572223816,-1.53402433933969,1.47866553564041,0.692664552348421,0.468641494545158,0.921929321233297
-0.458704835669447,-0.818507714532888,-0.129300738350469,2.69069056868683,-4.33550793060991,-0.448257436368029,-2.771625027412,-3.1313473493614
0.729554606450178,-0.952320819732358,-0.0278149184007714,-2.80707799568214,5.94708770766003,0.0496077470362178,3.29976732649106,3.10519549236446
1.01714602707331,-2.72360460967872,-0.381363359172465,1.29408492693136,-5.27574204891402,-0.413778147118032,-2.46997237785023,-2.93122492508068
0.937884574002511,3.01561066613733,-0.255883011717684,-0.925217374459701,4.75929186497107,-0.480712398642982,2.74495722602198,2.91248137194828
-0.753608007895853,1.86354540262336,-0.166868588223423,-2.71206997301978,3.42223106239395,-0.171929546826551,1.65166795074815,2.18949283580967
-1.25851472796363,-0.523135696564945,-0.185126808238817,0.373582293105973,1.55345075172308,-0.394751321852036,0.664031258822035,1.15117501845125
0.411679339289087,2.14986019461185,-0.341533810671062,-1.31329260484546,2.88632448861802,0.0826292768388991,1.14826431611594,1.63819883872564
-0.0198361678201173,-3.84279737100389,-0.467380335639559,-0.0493533467402358,-2.45526055746657,-0.0617741075579852,-1.20516182222196,-1.66126908600485
-1.40503998760994,-2.27509459570118,-0.00493989615049388,-2.50694502662671,1.81484189606794,0.413509968821084,0.745736708806585,0.849384621400588
0.247568086635826,0.570485622069831,-0.464109367500774,-0.263162997596916,-2.90143473339862,0.413156336197078,-1.80471827713078,-1.6774961198802
-0.941904989873602,2.95348165989902,0.405660421344437,0.551529652976335,2.05211025728156,0.618722725589749,1.00457564464471,0.957153458063728
0.47295732486402,-0.779641646214272,-0.543613998810967,0.0886967881996474,-0.892920551902944,0.136210729344933,-0.800353878983732,-0.875447776265237
1.63886355920049,-2.10650098685049,0.343109923742835,1.56710265960861,-5.87666991441486,0.0534390157148422,-3.07305771708247,-4.17542353085095
1.47505886209173,-3.96571049586993,-0.0755699801625761,-1.40313962426012,-4.57212943710499,0.188319185049644,-4.3352538721059,-2.43480113243392
1.5665306557622,-2.91758025680462,0.232652491192248,-2.16717740311187,-0.899147649767419,0.124792462881917,-1.55570369637521,-1.36199885696431
-0.918719555012218,-0.798842141231292,-0.0411608722340052,0.05711528632739,-0.548679681222293,0.216622388148507,-0.553038761618745,-0.200236168298193
-0.255108277381171,-4.82546154577818,0.0112891483901226,-0.208985174327817,-5.27757225577743,0.560034438411832,-3.43827171544216,-3.23901427532037
-2.31532964975164,-0.409027211769539,0.170806990015582,-0.337723293990721,3.45702230880393,0.19609108514532,1.7790185944938,2.76381641688142
-1.78057874460995,3.28611830818384,-0.253423557457871,2.29887425060752,-2.83389749169442,-0.313874277872736,-1.00751355584356,-1.46737890779681
2.01191215829612,0.642986044369886,0.542038583961861,-1.43540902593166,1.89401522329181,0.864687480791173,0.303724778358536,1.00421545271405
0.742357850525258,-0.710435310306726,-0.0606151150679171,4.03725241887339,-7.90246226827761,0.19261185238332,-5.07763389130516,-4.45025060243463
0.302540493346887,-0.74264515452822,0.534664188906244,-2.62089421711236,0.358014041217095,0.235729377837191,0.740586897574419,0.334340628260117
-0.930151215533791,-4.33782175081546,-1.30460589427312,-1.60371489486804,0.552720767151953,-0.91589335704953,0.913132548546213,0.664516047239169
-0.623730427428266,1.9161831962396,0.1857103222191,4.13149225042547,-2.90678891715908,-0.340505796983133,-1.71735725380599,-1.75340552730942
1.13978607271786,2.52299858000887,-0.201284368878524,1.59501168925484,-2.18939922043767,0.534224302388971,-2.0348471973569,-0.85379140795438
1.52506782570311,3.18211357119729,-0.677532816407303,-0.159170276891264,3.80352937867037,-0.754291994052266,2.42352585626249,2.27554892319109
-0.0814004359177234,-1.49925537679278,0.287894941435908,-1.71322978453152,1.16309471698231,0.0562528573063704,0.653493948989643,0.181940940307785
-0.413255225240131,0.288978791264139,0.148328487122302,1.58067246159517,-1.47512335050822,-0.227364582270136,-0.623828231916923,-0.179318923056749
0.177926097144014,0.695953176543095,0.62687375216904,-3.78937805143217,5.06685283813842,0.65222699470517,2.91642145209901,3.42767251016551
-1.61175984453408,2.89428228319897,0.159145766189359,-1.84913696733083,1.82135098712406,0.164649519934085,0.59059252762019,0.963060328745014
0.934384612502938,-0.133966825737637,0.13311448888673,0.722968619140516,1.43703446188861,0.526972796711068,-0.29405479580743,1.2521274417911
0.779766480068764,-1.6859568317517,0.886268595559306,-3.47282527927139,3.41499911190806,0.822497893769259,1.05376445344733,2.27691383250674
0.948859096262779,-0.438182963158124,0.0246960898760628,-2.35551398098775,2.80999432702949,-0.603782942998216,2.03184218274378,1.63266716047745
-0.278934241971879,-6.02131370853412,0.45646397209651,-3.36204097117615,-1.26468477381876,0.567752334844753,-0.457513074139983,-1.31690846538288
-1.45347629925422,1.30996138393068,0.0745712040445622,1.48071036432554,0.896007237113594,-0.21529658244117,1.14189864642739,1.24817362011734
0.985127482829452,-0.209065752943869,-0.315416691306814,0.916716502529467,1.09487237171492,-0.858468714816129,1.9698783544508,-0.032573736742373
0.264175222127005,-0.896315292211921,0.905340805140569,4.4329129623383,-3.35292690299398,1.5259805832264,-2.52671402755812,-1.76104014640728
0.181819936384703,-1.6376931225109,0.316228401510391,0.107343168253411,-0.777737022460575,0.756233917650659,-0.889215034798548,-0.0703683697596443
-0.489429011201112,0.771523999886754,0.142116226652481,3.49750749920047,-4.02195209179573,-0.172810107531479,-2.44929308290733,-2.25945208819361
-0.143930999626236,3.35487780782136,0.540916806978838,1.96902757852597,-3.97053279677127,0.0804843243677279,-2.34090930703057,-2.51293723457019
1.35427498233079,-0.295868349961405,-0.0248078833320627,0.214667309661264,-2.04640250697842,0.242453789228974,-1.7789063482755,-1.60253097204953
0.34868487171889,1.24316717877746,-0.797318638762711,1.14521161424073,0.544918056847616,-1.31149035040924,1.35902215174585,1.26194846938367
0.853299700548911,-2.14532287088362,-0.3348382971944,2.68813055612503,-0.889277639578298,-0.554279760423766,0.443688321820084,-0.664961621606915
1.01208654795973,2.26642433513418,-0.456358625556992,1.81864181921124,-1.79918098478585,-1.38871411640694,-0.567058034395927,-1.44726177411486
-0.928880721690183,-4.42918324484002,-0.137326928733965,3.29188383599145,-7.60460178939087,0.504524672358015,-4.84452810794891,-4.62874527302578
0.796081637286119,-0.843140848728471,0.113995633216213,-1.78581824596468,1.39374766869068,-0.60805100164066,1.33179083060121,1.18544932798153
-0.80279946988102,-3.20875060466621,0.123469955457235,-0.687814323247943,-4.44149508418988,-0.222335041567432,-2.72847501686108,-3.23294336609492
-0.45824564298351,1.57434332483883,-0.14584029203873,-0.571726148501239,-1.49553075965766,-0.658949314262532,-0.125779720052342,-0.233658503084003
0.686276408786172,1.02852573849399,0.15361419998465,-0.621284224776866,2.43103918255714,-0.529989779467821,1.27617502141832,1.99851992107543
-0.595300323621303,-2.94332955417903,0.145169127677953,3.12410756215705,-5.52990769965679,0.474489357070509,-3.5821087619171,-3.30768001124877
-0.407383219978553,-2.54287551582805,-0.296685814763549,-2.20518520216027,-2.34635937584354,0.176901858056191,-1.35047351755892,-0.908268697733852
-0.380950067294774,2.48310296310399,-0.325365438676787,-2.47480446989273,5.60426538239457,-0.655712630508884,3.56339440051765,3.56753128532145
-0.579270779925403,-1.11021456157904,0.133864345501503,-0.178794094561389,2.02521655193576,0.553795210866347,1.10395986628888,1.90161909211145
-1.35588711651261,2.27533658454866,0.899157659363284,1.09620412279984,0.195420263714069,1.107544425609,-0.869057375501445,0.362800197814598
-0.113052610966598,4.55269681198028,0.415793183391806,-4.94779518623461,6.13043915053886,0.836568691741945,2.88963934008195,3.6671825545759
1.01270463696187,-2.86124119395622,-0.665556915931417,1.58992207803379,-5.85823697108632,-0.929219919313004,-2.99372416751157,-3.37161990418553
-0.181406312671709,-3.22005470757274,-0.137237591223014,0.424682894886937,-2.18998937568888,-0.335185155641746,-0.99288278255527,-1.35693670676045
-1.46927525983829,0.979702473101021,-0.96309428436609,1.29685556434402,1.53051718241063,-1.27556752141038,1.99848220999336,1.08530922050679
-1.89541833994918,-0.212434332612086,-0.140425547795996,-2.75367056827168,1.33809593009981,-0.0542270178188498,0.463614222843953,0.39350377887228
-1.01599701589685,0.339725284777217,-0.547947108322556,1.09573193227136,-1.13114036847178,0.0047969352170687,-1.03534673804714,0.0161883514950281
-0.084708837901136,0.52196086929765,-0.258243322189947,-1.46938950836199,2.89784755789457,-0.865813347961759,2.16515132143463,2.00445206557752
-0.788640019088879,-0.919687028964115,-0.235797019712282,-0.327966283717557,2.382702824231,-0.0800054689106165,0.371878902276027,1.62482232269622
1.4490189601951,0.00437615670600332,-0.137953489035611,0.770236282349844,0.421430663623126,0.470526620902563,-0.257351913337569,-0.515743226976204
0.419521107216265,0.408496439497425,0.116861929331067,0.504401464051655,-0.624941852981395,-0.439788008721567,0.36579396858579,-0.283936274596956
0.406990587163393,-2.36445978708508,-0.425509962460552,0.907548510210305,-2.93045876865835,0.0262679149599059,-2.51709809403217,-3.08318390670566
-0.476031279129795,0.692432997474135,0.3946789229759,1.27725021769165,-1.39669033738031,-0.0663435512012247,-0.897177594937021,-0.420908258755178
0.56509416959988,-0.135694450371229,0.0710501748452016,1.20932623572316,0.671303276527647,-0.134933290029173,0.232927270945246,1.08152242145752
-1.12164088375775,3.05206955798642,0.0552805240571819,0.872536466650989,1.7020861446003,0.193426895492455,-0.321819724751952,0.502912829336648
-0.0694116202925416,-4.79319044709892,-0.0230585733214853,0.961983314217452,-3.28951005785212,-0.170465033706723,-2.36285427359513,-2.40125927217957
0.172339523868407,-1.32494018068056,0.156673825122034,-2.55547503620074,2.32698729735414,0.260291020525275,0.775928588988593,1.63449563962045
-0.0384044689109903,-1.88156816173234,-0.172826926086532,2.29276255356388,-1.50657606452485,-0.142730329492719,-0.0644960010429426,-0.656594385176208
1.1775836063552,-1.68341883867181,0.304525822062491,2.82807800977624,-0.234451999461916,0.184352977732227,-0.0319440523673058,0.283078120462255
1.63654072373034,0.755835519612869,-0.528221985914026,2.50629318822686,-0.324609043805068,0.657401414927548,-0.711701625158072,0.435485419621515
0.853505455317603,-2.26031600944526,0.165891513685327,1.54121973570108,-2.55796177012947,0.0210589590611687,-0.968027921395089,-2.18006322336634
-1.59010066634653,-1.6261120130086,-0.43926632316957,-0.0227339194386316,3.43701455236366,-0.522597353587215,2.6512255898971,2.03491776763514
-2.39895326484841,0.977145840305511,-0.0338393389470054,4.26988156937672,1.06327638987712,0.027781940722811,0.433667370917176,0.536044962300266
0.00748957040201537,0.698935847965601,-0.1734758750996,-2.68723231340152,-0.390027895888671,0.244693486907282,0.119534077363413,0.170731865956903
-0.453397945160182,1.5155514648038,0.890913194955133,-4.81976351903396,6.76567424071179,0.47577260535455,4.02723791126397,4.08619727353416
1.75658725906422,-2.96057726331627,0.117285334875455,0.0937680656088455,-1.70627991867907,-0.863215084579381,0.611330943988574,-1.15217521875171
1.52762863677198,-2.70182847698482,-0.268622523603719,-0.292367573174739,-5.29658695765044,-0.14438128694677,-3.59568566418391,-3.64706266722373
0.167202392134585,-0.0755177253743168,0.0957586173989759,-2.30965612029107,3.7965471167262,0.332934845798729,2.06654084194548,2.69468725797583
-2.92324311589787,1.27242769347317,-1.31944837301855,3.5384368262756,-5.5546574279083,-1.00806553656209,-3.10865574665513,-3.41216866988875
-2.26275825438528,0.0489585588215363,-0.0023958384337921,-0.298028209556357,-0.818889568094107,0.148670138904263,-0.296100289317053,-0.785114621486761
0.759187470272807,-1.12759663881912,0.540592401892983,1.39019843415871,-4.43188063478692,0.409549643237249,-3.37313246484943,-2.3937905935912
-2.18201114495034,2.02919424436996,-0.0474127638152675,-0.804687572975864,2.81505668095439,0.191195540152828,1.61596875767252,1.12329582334887
1.71744482895439,-1.19887283451508,-0.0947114405033868,2.63192197253194,-1.76596680788552,-0.32169584882144,-0.441449990607711,-1.27412461103288
-2.14771506938501,-0.191149710234864,0.152166880969108,0.065211953919708,2.43876062277511,-0.0850187866145642,1.16005423178661,1.16626477474567
0.352126004196338,3.63870061239353,0.0378487031889665,3.16970963831784,2.13663523507226,-0.336465172547008,2.24254910039801,1.88448936704195
0.111037002660126,1.29014088237664,0.444423016463896,-0.705603055254013,-1.56297865320199,0.596779129541388,-1.69077475803003,-1.02992761926334
0.138633239069597,-2.94727180251591,-0.32473389901884,1.07069149132584,-4.45662817860061,-0.973122646120925,-1.58295075362756,-2.57009207009845
1.0077096740836,3.26523364491396,-0.0531036513366095,3.21989153285679,-1.17373310130591,-0.215203165036645,0.00520266790055596,-0.802695544864692
-0.246969585846064,-0.828016518633801,-0.308982975673638,-1.75098757516237,1.36747872944555,0.287230096362191,1.1542278644468,1.07756482740978
1.23033433044154,-0.384290507740428,-0.959132020429303,2.51098123817535,-3.95950199688513,-1.05360056433818,-2.44505452759617,-2.22167254309336
0.335133113100293,-4.2773266025503,0.462917222790922,-2.74173879868744,1.24207105478258,0.829624186531,-0.255536734375408,1.75064108247505
1.29195789122522,-3.27405487159824,0.215588913670045,-0.719113515666063,-2.91276748851356,0.309646955628878,-1.44841729268199,-1.09310276514328
-2.31857386390653e-06,3.69532500758351,-0.30791931397093,-1.04651352771976,3.76114056333329,-0.571656240731147,2.15055515507655,2.18797105085499
0.293396725526146,-0.116230177663583,-0.0479016617283214,1.50434081841658,-1.96025499310298,1.13235958050719,-2.42247319307138,-1.26419691671545
-1.28294338181898,4.35717191917801,-0.324718462468677,-1.43527053944135,1.72232383175449,-0.220434038022938,1.43775869886642,0.741558272766568
2.38512544292929,4.30540614829801,0.483120184508038,0.370727444700381,0.43412159752386,0.683181185159064,0.491911816576109,0.685614477059253
-0.640216084806839,1.14060903164969,0.0132608771009213,-2.6099874979883,3.8791336614063,-0.650472537982855,3.3587896030486,2.17310731836488
0.133025343194792,-6.25124555990268,-0.782392102299441,3.98278617911777,-11.6189255085394,-1.12416572821386,-5.77080432667042,-5.98799504118429
0.000731170652970786,2.65842243104689,0.199733337609169,-0.29143544416928,4.07742107408483,0.270257028327347,2.46442425455816,2.00941538321277
-0.31287848270631,-0.744734485591583,0.38924499843623,1.92305669144945,0.482410477899342,0.730188506939552,-0.739187353828,-0.254212885932952
-1.08146176601433,0.766697603629316,-0.454301512475902,-1.11561295168358,-0.827417655759168,0.0730756178848394,0.25743699258503,-1.16957406199345
-0.880722570990119,1.10862134180476,0.0651272656530479,-1.76527203254687,2.87818940713856,0.20077014849608,1.39753039955926,1.24447917468283
1.06301522140823,-4.48929784284461,-0.923842417537,-1.71892501483993,-0.285087664008255,-0.227340489004052,-0.276065760568818,-0.796257253429834
-0.00769396516411136,-0.229061699716092,0.0141254913018221,0.540415993134425,-2.62045541899896,-0.284196042146856,-0.820954616361267,-1.32007816480635
0.899695786385327,-1.87640851414255,-0.885854271235829,0.614174234794337,-2.41404354949538,-1.00498242865111,-1.29790852195402,-1.34108482085568
-0.132860326369766,3.43614000109032,0.502984966642338,-2.78820928584917,7.20036475975991,0.549146751390938,3.47025522825859,4.39933996747009
-0.865920916938129,1.71483015915732,0.614893509871168,0.518638271892647,3.46280981565066,0.396172634967426,1.70543445436789,1.61779385348564
1.23544416788808,0.927567234441213,0.0463320128544001,-0.548747628884714,0.399660610654279,1.02023239951636,-0.403618494890201,0.574855706212829
0.310419564506528,0.88749075259168,0.87959601197217,-1.366695339523,-0.288081894150368,0.334279529600904,0.307020427781481,-0.681566048179088
-1.08612703403329,1.84808760216588,-0.822572004015825,-0.154132936039904,1.24654987168609,-1.1317878320861,1.98076143662306,0.204243322028016
0.060689651323568,-4.26687964447443,-0.0883182677785095,0.192458888250492,-1.13472675377795,0.216747166777815,-0.219191714892088,-0.902426614766016
0.132868641868612,-2.89817849737995,-1.12820788251563,0.596850110024089,0.444920685811169,-0.940230674404374,0.858998165885009,0.125683325713504
-0.701529926723798,2.96422494626811,-0.173887164234641,-2.08122709217325,1.54453182209646,-1.09891151001975,2.12734567007426,1.78065151120204
0.564084305229732,0.0941878615767343,-0.414583460961529,2.20931210697226,-2.98637801534899,-0.780431669876849,-0.800101781604406,-2.37859827989129
1.66055135615597,1.99576871367602,0.0940735841375009,1.6658774328629,1.2122074975449,-0.205366416794582,1.47958800993511,0.249138722957915
1.09650466782194,1.63241900944805,0.65343943827143,-0.637424337877273,-0.622567008230346,1.05289938425997,-1.06394487062876,-0.330622427301694
0.107471675583272,-2.69008643419325,0.780908997859907,3.14520794146009,-6.72521498454253,0.684256931398613,-3.97247412207173,-3.69598980005665
1.12503174462883,-1.82343781771082,0.416844560841407,-1.61463638023416,-0.368895845330762,0.368038631662032,-1.11311817975195,-0.57894590789582
0.573772166266179,-1.37749863579646,-0.475404266878556,-4.43507562127717,2.4407007029548,-0.416562465901551,1.916183545784,1.77571293991088
0.522418370176786,2.78732237458074,-0.524844507199781,0.502133990756321,0.647393119713856,0.0724251119928006,0.808833221367761,-0.022536714599113
0.178922638056409,0.75368188617417,-0.154495333341296,1.13498322714297,-0.086808461545995,-0.0210475221384166,-1.0458499633426,-0.123554257023948
-2.24453954229268,-0.295428599371173,0.252003041619179,-1.96846592516746,3.82084993851257,0.288696182613495,1.81343809864986,2.39167847587925
-0.30381853237791,-1.27972732889624,0.733298036512064,-1.77079544579086,7.04831746370392,0.660314230723659,4.26644413406969,4.01841112891
0.684163450131025,1.91270829615815,-0.213589224986906,1.13806118747721,1.64425281613716,-0.487080179183994,0.961936753440197,1.12534461236861
-0.281164478200761,-1.74631529666287,0.285926390315524,-0.973301053523337,-2.23634552744642,0.239773855045042,-0.609093473350939,-1.15248112622211
1.73090490204187,2.56300697546586,-0.399994781835185,1.50831401597607,3.39497373644734,0.27190046782635,1.42083065292019,2.49471407918889
-2.18886475453331,1.00179712831633,0.00742221994484745,0.016085381571693,-2.63414077924655,0.894581341351237,-2.49049144430561,-1.006196662176
-0.760040185832095,0.882364640527361,0.736223455157171,3.59784942776136,-5.09397479729757,0.62511949812179,-2.34987105488215,-3.22923716802424
-1.06940591515723,4.4299443884265,0.546674945450081,2.32579381035659,-1.14978277218447,0.469556502076768,-0.593029915690737,-0.315328265378316
-0.346883348382365,1.1174168275615,0.0423430687875769,5.5080914128788,-5.37366933221319,-0.0876599559981813,-3.05559467294752,-2.60031417039039
0.747870568601501,0.427790170566615,0.359515301759093,2.15790548804627,-0.82947663875968,-0.573606361630452,-0.00426302341111489,-0.193425718462779
2.0382844597751,-1.26299670180241,0.441270028514764,-1.24265866538083,2.12154292103455,0.770719495199103,0.85030759035354,1.490588334904
1.97521640747221,-1.15859191417903,0.32539826587828,-1.72694473141481,0.23615436832059,-0.0828145325751999,0.395957965237478,0.232622465703695
0.301116189990452,-5.40010477564128,-0.0652115333765571,2.65468000680012,-7.42816634674269,0.017264470940866,-3.89470949083107,-5.29634418358277
-0.861299336133017,-0.131157063880823,0.543387220548118,6.19191280635706,-2.12024443500905,-0.357688514620392,-1.22083657637656,-1.92108367095995
1.03735843371074,0.724956333970909,0.176289452617236,0.955258427748095,-0.773916788392382,1.10140693242834,-1.77024289384165,-0.285281230220875
0.75253933384584,2.00259150159857,-0.0825645572124469,3.29037017754731,-0.010052073282339,-0.589218795865492,-0.0523222004669209,-0.913909720169289
-0.703230918291735,1.1858096989142,0.499203610443921,0.835533497120898,-0.0398930929721557,0.185874412173705,-1.20708899747269,0.504733835605078
0.3875387599157,-2.24487017241189,-1.01163878143367,-1.0666170134176,-1.63074078438955,-0.98359062611503,0.678712509273664,-0.794280722054456
1.49113248512638,-3.66438675361152,0.211725320888398,-1.43204234093347,-5.31043759824516,0.291803337571889,-3.2333369757155,-3.10195138330139
-1.495981311073,-1.68711909970827,0.360753286920752,-1.52761130653964,-2.57280195419025,0.166877134007859,-1.17471956872969,-1.35468840931855
1.28870288704108,0.754210294632056,0.169105948024437,-1.7896327925599,-0.744056629039198,0.530917138120468,-1.36328019702467,-0.152881614848933
0.0361752523404164,4.68800897409234,0.486062303537619,-1.62503856862619,7.54563542650683,0.504978287582584,4.35047134495256,4.86662010992652
-1.14156867600785,-0.541211916100127,-0.221033430711096,-1.46451109821792,-0.841012811976003,-0.784056826142866,0.488830886884096,-0.413234157161278
-0.337624755971469,0.662359111329695,-0.0294972062552145,2.94707785858607,-0.571685024891488,-0.435756570606381,-0.239455086000861,-0.53065818359466
-0.995596080927313,-0.693373315598474,0.214383222616429,0.223131699960767,-1.42396222542639,0.00922404538855052,-0.734705959141168,-0.990116748379199
0.481413252254131,-1.30860733938558,0.175574248102069,0.145166124052182,-0.868073093800908,0.217654430197736,0.719722963437599,-0.689687859251003
-0.0981011396898114,-4.73075654757627,-0.332312449188901,-2.6497614533247,0.0399681396778486,-0.147069417270872,-0.19340023631724,-0.399871000457797
-0.286245532551252,5.77174176513027,-0.0569011166589997,-1.55442759073581,6.13820512821761,0.027200582164725,3.15097440397652,3.52437584398273
-0.694285385648845,-4.36905859169646,0.0260681379087878,2.96559039584329,-3.36124035581854,0.268414201899338,-2.90429676354829,-2.8708995866559
1.37243776272208,1.14704565412175,0.191695551349476,1.32032494775347,-0.948519702325258,0.159980847554248,-0.887504062636549,-0.96475597871526
-0.719902804029119,3.92702326822432,-0.648484475722032,0.351819671984785,-2.456555538781,-0.733456095522009,-0.719219376349282,-1.79086258095093
-0.587140168349234,0.672329329288844,-0.592194029142456,1.57097028346178,-2.53569731931625,0.0456772739522051,-1.93973980780601,-1.2374146828776
-0.230109947762853,0.216928249042302,0.30032715657662,1.56502331792533,-1.03501135398724,0.0551463489427708,-0.389886202723892,-1.20257544971845
0.675181636824537,0.633852784307098,0.159444015423815,-1.84055324821792,7.05121602915616,0.512669283941309,4.15281617294669,3.50854895866683
-0.668446907246794,-0.81336586661175,0.0404400157143896,-1.42603918554069,3.8039872379297,-0.214892080523869,1.65583442106722,3.02468761503017
-0.433209536336602,-0.568405883029597,-0.221396362122251,2.85768696396978,-3.24864461023911,-0.2036274371575,-1.88844481470876,-1.59995807359315
-2.13492335426724,-3.08487872161199,0.0198426699666483,1.24711769779592,-6.9681079500598,-0.311820769886337,-4.16825801796294,-4.2334949849954
0.423310684483157,3.1854679092038,-0.488175718039714,-1.05193872775841,0.6912254480483,-0.481256048660667,1.24410771525227,0.419635602001181
1.62988531046895,1.474920999797,0.441959366505279,1.53000510156872,-1.66720386413831,-0.511488610963816,-0.174128798718376,-1.08091146837407
1.23962560589656,-2.66469532499787,0.202295543260579,0.678016715319378,-6.84651924185964,0.544157291523666,-4.5099307211813,-3.91108089998078
-0.683978669626735,3.61741868297127,0.765469067600323,0.319509437823147,0.518751996713404,0.151641988607646,-0.790602997448942,0.19759810527827
0.489465981542354,-0.891644539475354,0.919173756413566,1.37986939344905,-4.51702842164595,1.54346336985635,-3.86626264204696,-1.73986645017529
0.0638014257950989,-0.683667304092353,0.235616077498292,-3.48566533280229,1.25196905990159,0.557385018261906,0.457437133295211,0.699137305827839
-0.384323583298439,2.63762721774418,0.279464427920623,-2.20153143846674,1.89701445432521,-0.0865180607536048,0.626121607437233,0.734260811450149
-0.299980301920964,-0.24817997046215,-0.829775794453183,2.41839193887929,1.20693697307038,-1.36069835608072,1.23840735049159,0.64674845835548
1.34730233128636,-2.08008334676262,-0.49875938246735,-2.59136184320416,0.997233393676607,0.101023868245459,0.821385609311007,1.01820624911967
-1.07159936678614,-0.830554099032839,-0.32607134980532,4.86529022645642,-1.91632608751463,-0.265716349767511,-0.635744449717214,-0.874271676772847
-0.636551228402964,1.56255115061955,0.415941836134055,-0.858570881290814,2.32587558694533,0.668368838100254,0.759215800554998,2.23469917075242
0.192824396799389,-0.400792205309338,-0.158999101413719,-1.35970859405048,3.33858283978081,0.433402850948159,1.61486282607894,2.06581449473136
0.759649011908082,-0.764949010554355,-0.672703812036914,0.489063838715866,-1.04718282136131,0.278062978973031,-0.923047461307453,-0.990062779821744
2.29652207223482,-5.66638947201465,-0.460213364807454,2.21270529849836,-5.91928746744462,-0.152949538721449,-3.97986489124775,-3.7265878103336
-1.42128468965508,1.08380135241442,-0.456746196899739,0.716159906671637,1.52214622938938,-0.122023828948059,1.09914156143012,1.1100673754599
-0.201373978856768,2.81520959952738,-1.05328359571715,-0.562355202554418,3.49953092935395,-0.376420070962828,2.24684098000446,1.64729259595069
0.963849125101912,2.55503411222584,-0.460483406705926,-1.7366970788185,0.993697468570963,-1.0432029339197,1.85763264530785,-0.610699884645427
-0.775701118694995,-1.5567177968199,0.0592476035306974,-2.97017303293004,1.64880189481587,0.902901840471846,0.720040850700782,0.34051810018959
0.158529409681768,-0.701710928523362,-0.377399274870394,3.28583123957886,0.771032633706669,-0.059461378691618,0.488313339850989,-0.226323224674115
-0.34883301611359,-0.0685738799236953,0.348069699068941,0.368464601419832,0.591715127921451,0.335215200821962,-0.151881460282641,0.284096841555242
-0.548380320857653,-0.788111030370962,-0.315090780201522,1.0362544197577,1.48571944087894,-0.168415553784055,1.27803793271047,1.33050984689827
0.774879366234593,4.53727490692831,-0.00439501417999074,-3.34957600789064,6.26235581591887,0.447281306750927,3.28355781129316,3.10434512618981
-0.221839952993007,2.22180742909422,-0.732329028025049,-2.64111214310186,1.33373137314747,-0.617535110523558,1.85300876995851,0.702211987952726
0.0904786011461024,1.94656990020566,-0.505796271857243,-4.72546257959391,4.20115464082933,-0.347248447255938,2.77501233790224,2.45913381408519
1.1926415172647,0.301522515357596,-0.851519305127763,-0.421431482383964,0.609537018022298,-0.385847530052036,1.05368888295415,0.548655201070951
0.141920028187185,-0.163522696958054,0.727923002828821,-1.86513787951965,2.25279543558122,0.224689071032081,1.14537046100522,1.17368796320458
-0.212783489299902,4.13384921761366,0.00951581130070726,1.08606665188069,0.263421433569067,0.497388244981847,-0.173707340811817,0.0691480248109259
1.31841126261809,0.471642339941862,0.0768266195220326,-0.00543468766195234,0.534189936189023,-0.433741494113258,0.449461877493107,0.76999733558006
-1.13366230980486,2.60792250573767,0.996901141329753,0.61278959267579,-3.65716294284935,0.394106761091301,-2.97081299756863,-1.80043695198473
-0.0477079984120235,3.90409306381564,-0.092600471833076,0.39793526622036,3.46235053399476,0.204586830221953,2.19789750695273,2.01934885881844
0.285226933597608,2.87243784293441,-0.499397166192964,-1.38766889939425,1.52850442422291,-0.675277508403032,1.49728185176376,0.357771035626783
-1.28520574337884,-0.0397141496095526,-0.730802802437338,-3.12584447275957,2.11990904889518,-0.711068153861708,1.92676404760241,1.54059868942014
1.47175066956367,0.620991708555938,-0.572373930253166,0.587451137307653,0.0820354422185005,-0.88330423048089,1.26308243429049,0.122394071813323
-1.14229900177666,-1.08312252080649,1.05958104119722,0.06472619792141,-0.909114462569774,0.521033462669224,-0.400042485253649,-0.708398500604343
0.363362619414532,0.0614689712811281,-0.608606376816148,7.59097234467395,-6.6711664043008,-1.21280565741894,-2.77710625191664,-3.52127329956318
-1.19591114464296,-2.75463846268522,0.146086632228085,-0.124666189499265,-2.55368096527595,1.16140331491065,-1.97348797931489,-1.73884519503711
0.00429469904710537,-0.603688414739415,0.271411506566793,0.359102540164706,-1.75129835981587,0.0289953047933204,-0.64313231394874,-1.23759342592963
-0.851913374030671,-0.34725594104887,-0.0532852611786681,1.09406924007986,-0.0190820179642515,0.0838950161816376,0.384641530701974,-0.503769095573035
-2.44355919120544,0.559653647566882,-0.263242129036441,1.31334879533489,1.70228881063812,0.569033009680344,0.22778474125643,0.766656574313657
1.06288889468218,-2.23222285840093,-0.324611453002347,0.146296766044967,-2.17937376219416,-0.0153067171358695,-1.62780764921121,-1.63169621732693
0.790853497921758,-2.15656628949458,-0.286872639336119,3.02046119591428,-6.87645693626192,-0.647121164914568,-3.61532557710145,-4.19985219469887
1.0520929557565,0.670889981588296,-0.0957910361010475,-0.863635044173759,-2.09733033227744,0.099871180796993,-1.51280072522303,-1.89531935040769
-0.996880986754833,-1.62149221073118,-0.793916013310887,1.33755305242793,-5.37079411028173,-0.535657954315305,-2.60385181672752,-2.91393303360536
-0.703760743210831,-4.98946677699854,-0.760810364112526,0.804030474145341,-5.23749560303004,-0.756446221770619,-2.53502500615674,-3.14380008151175
-0.36816362783657,-0.546215622191188,0.0946299638659276,-0.187009616476028,1.83470954999333,-0.217081409433332,0.988752761064555,1.23934282650879
-1.74653969006992,1.5836402357824,0.0796529730284392,-0.523249073665097,0.484267341062184,0.0337896043167882,0.970302371807085,0.868821916219415
-0.0409340753241994,1.05261116304904,-0.168238741331822,-3.0517500590911,0.857195979695171,0.00142846821816642,0.447197077909752,0.728103799128979
-1.23531006967838,-1.19176961185158,0.287312960332668,-3.58590885149015,-2.03597178052656,-0.274519941671487,-1.9504856774027,-0.974629783310512
0.630032316898813,0.0109803321210734,1.13802566540206,-1.98749216886079,0.642724308008185,0.91912538939294,-0.300174874672327,1.0618851954024
1.25689748360431,-0.100503467050267,0.551892490376537,1.02960954366129,2.86238473194662,0.491008206190123,2.28229920578639,1.11912979235129
-0.584670309976436,-3.2761741088323,0.410517888975907,-0.606041675653206,-5.31911543750255,0.259121928123773,-3.87716711711,-3.35438194324422
-0.447074675626157,3.02526111880247,-0.658494727226491,0.709559430523731,2.12628371569662,-0.882713047950994,1.97692839256175,0.652774519924006
-0.500806876855142,3.62927196773758,0.128472360515248,2.96579406253822,1.20933283226738,-0.522829357814306,1.12969125821848,0.420146165176686
-0.00174682525201209,-2.34737751122294,-0.0954622611989346,-0.995440093145882,1.91975682335063,-1.55047774317812,3.00188864408958,1.21733063544484
-0.659014236150546,0.549964452374653,-0.278595101935275,1.66608847770849,-2.11367117027132,-0.361224299792807,-0.902369234729647,-1.41629038468185
1.17995422751661,2.11950040288966,-0.532396651491041,0.215118695995089,-0.655599071090363,0.325614076314766,-0.10644885213967,-0.0992780186092067
0.486130603156898,-2.32770018373189,0.223115331601975,1.67943045052687,0.295990877586485,-0.119961239585239,-0.0326021982033346,-0.297921746623646
0.353934171536806,0.268982792123205,0.595423491372348,-0.770212183985772,0.461950992778911,0.204516700071215,-0.0190307279498684,1.13349889590848
-0.175694972000281,2.27225471762257,-0.145875131113566,0.486657408130969,-0.586693627620487,-0.382472875730378,-0.238718592465368,0.0425816333739893
-0.850998897832246,-0.108383786532066,-0.147585128000478,-0.758340557564862,4.25827053062929,-0.19983104588001,3.17341854090207,2.54397410676117
-0.45453265843652,0.0487834801127925,0.927737332999847,-4.44126905676973,4.01085514030573,1.09128696758686,0.951901897232217,1.86018067006292
-0.099432647104712,0.929612913625602,0.589399937004344,1.06743235429706,-0.661190325899579,0.96161750750763,-1.57352430718463,0.0337181302777902
-0.487937573120802,-3.46601372248159,-0.525724910053481,1.38699183854732,-5.55270261325021,-0.684482389657481,-2.79565276259901,-3.45106549792162
0.082623836599116,-0.525406295904621,0.410585674175618,-1.82233224992291,3.68902078228628,0.257816804189863,2.48647414440393,1.67588179567628
0.749000926236059,2.79786001975162,0.242019381157747,-0.868004103752931,-0.405938878849774,-0.355793357374053,-0.0995199149249128,-0.254460165383979
0.109216740771471,1.97945725610616,0.241927703956129,0.985789274136663,2.47320636552963,0.240714809234672,2.22708646154481,0.181612146429635
-1.5439846497907,1.54432025410044,0.892647480296841,3.57130541876285,-2.50455356168089,1.16227333310534,-2.19338127804204,-1.86226359576272
-1.46686805628036,0.809363065931417,0.217207489319471,2.01226475146479,-6.65044225639933,-0.343714053920762,-3.88222174001775,-4.51020724130424
-0.0703562678495107,3.68476418120714,0.305184438367052,-0.953944203846661,3.21821718046193,0.44913099037073,0.741204877875422,1.86114126800091
-0.776175652149204,-3.38871171506621,0.543463259357799,-0.597488240913378,-1.16884756357299,0.569719841295104,-1.40535650524106,-1.04853585859616
-0.377442951535504,-1.29178187494424,0.260927313977649,-2.608988123845,-0.263346153177622,0.0951644851900613,-0.217662024937831,-0.966235795547061
-0.304468767297761,-0.569653654418447,-0.371916354319492,2.36881343886801,1.76376046658491,-0.459886263756759,1.41125116798998,1.16730631323491
-1.1649669836667,-0.0161017394057047,-0.042619316429204,2.09845026579759,-0.0779382102739654,0.572739566931637,-0.711325483329659,-0.631551617664098
0.264941133155472,0.0529252600048824,-0.127466502861051,0.561956286736421,1.831337615409,0.453826147690008,0.471278189046436,0.572299875852003
1.43822863111879,-1.55629427348369,0.431090124607506,-0.912930047957175,0.0412611166409257,0.465673258793033,-0.467215000983084,-0.667223851534838
0.361104062310244,0.709190433091749,0.0957692653209627,2.71035644624083,-1.59816353315388,0.0265318059876361,-0.637401082785429,-0.850015388008938
1.89007558110913,0.667418934689019,-0.30243967451146,3.49917151741149,-3.19242569728501,-0.0523999858350611,-2.34065874753507,-2.2904273301942
1.48435479609694,1.51752277680703,-0.144093814951703,-2.9817344419177,4.04623504788032,0.13821191325269,2.08577777324435,1.8025203338637
-0.888800869579691,-1.51772270667831,-0.206242011656543,1.03993057321644,-3.09454326648112,-0.481219202267696,-1.48207418718545,-1.56158396212317
-1.15897173462186,2.69273742865807,-0.299712259696631,1.44431240156755,3.51073944099157,0.131232771280357,1.87491310673676,0.929451756610426
-0.919046255033563,2.17839500823689,0.277756490175876,0.973172999935662,5.13516718948658,0.237659018988719,2.8317446397177,3.32166198128656
1.83336147261148,6.64205422653519,0.385088825968407,-0.566828737885394,8.44878087393725,0.268238293591741,5.3600096492437,4.91994436200576
0.839089547999808,-3.71707760255614,0.37177002327469,-0.511142127369644,-2.15196636875312,0.184052754464029,-1.84012500723331,-1.80616212522373
-1.23401655043773,-4.02038312547992,-0.902130308623248,1.48772551490343,-8.05471351513693,-1.20184236957556,-3.47064163745476,-5.1552574387465
2.06486220075111,0.423635209975532,0.329605406660281,0.0607946652264242,-0.113240830165762,-0.0629301358198153,0.0140283237897877,-0.171792209690279
0.503631291442966,0.793649453895606,-0.936247910449161,-5.75477271882542,4.18456130746688,-1.00804770820533,2.84369647768077,2.84506264229019
2.03000682046717,-0.147188106908587,-0.774572086328782,0.596250007556499,-1.6370233963653,-0.593319604752951,-0.164580582769116,-1.79504611312032
-0.438696542108326,4.23976256804024,0.781179858429693,-1.14839863267597,2.50268075359215,-0.0846810775702056,1.48764316508368,1.97170521658841
2.45354367369524,-3.06270717192681,0.180317497056761,1.48404050749217,-2.71759304571166,0.0735382862617163,-1.88991978657676,-2.39381620915533
-0.385368557958056,1.26992418626485,-0.573676239715807,-0.643235744761063,3.7354886198948,-0.0968479669271844,2.16029848878093,2.61632553861421
0.58933370659124,0.907808700191114,0.423429044611622,0.460469369684749,-0.119672169478539,0.716570565578478,-0.372127129632499,0.569522088181366
0.0648401449203449,0.658624510615136,0.379589353248825,1.47980953356878,-0.72038146201534,0.255728964706859,-0.191238033951765,-1.03979078518396
0.397853614876612,-4.90941476895785,-0.391314310923583,2.26011428399594,-10.3058606074301,-0.722007017847994,-6.48294414759199,-6.11768059526064
0.542711144469028,0.434109361842926,0.799079707335234,-0.601104137834084,-0.288018555990889,0.708655742897317,-0.497876310972112,-0.688952462364071
0.659689265824356,1.66728883740126,-0.0681809185143848,1.68392343667365,-2.37317578359785,-0.523154634766022,-0.866831105926956,-0.955576491585975
-2.13458427617588,3.222506161098,-0.0525509601961721,0.639236329132998,-2.61703037689555,-0.73336461211071,-1.63404255791086,-1.00436489037755
0.107332524614873,2.03692682640442,-0.313700488238946,-2.99317104920479,0.434099708916344,0.190851727088471,0.365973103131605,0.198320562821929
0.854067781236303,3.57103027369961,0.238051935582844,-1.28265461356179,1.17991374690099,0.501520150651481,0.549460471599923,1.68262196332525
-0.333970382766357,-1.81724668232404,-0.0357767497422293,1.57328823788741,-7.19439381087031,-0.110021517627344,-4.3365603110446,-4.52012536803958
0.481353352012176,-1.30847573607746,-0.587898091123192,2.98513656602661,-1.82130796392685,-0.634624904567804,0.374914336497229,-0.682179938385815
0.31395554547292,-2.39811207795142,0.352439728088319,-1.81791398105235,1.53611567736443,0.288964141728314,0.985099639705793,0.534714932881608
-0.814685364220945,-0.338801807059205,0.495495519418224,2.11328300811867,-1.69948301935391,1.2618728157304,-2.56214004582657,-0.514076577460162
-0.774215368297694,-4.58894907597088,-0.841387358390959,3.05832298618793,-4.27593902387882,0.177227696462764,-3.03876226042797,-3.18602892057624
-0.268320730270354,0.341211836526142,0.42728360031524,2.17125411628112,-3.41082769210893,-0.108118917452819,-2.06679659756923,-2.30503698814685
-0.146468614098707,0.964044495716393,1.08363028908575,1.45270882992231,-2.30501328316308,1.51416296343739,-2.22635133904215,-1.70560147630636
-1.03501111528737,1.84712852667635,0.725756866558756,-1.37733441199069,-0.861152516203179,-0.229045956678175,-0.21545867601452,-1.01246486656452
-0.177233193060037,-1.51786271109398,0.0761789072686022,-2.49422502630661,3.91367145737956,0.253126946194658,1.99661660601376,2.04598099328047
0.0216929538052409,1.30020917173366,-0.36790145310375,0.643611101824086,-0.207825110136663,-0.704157954149402,0.189494630217145,0.0109546894739142
0.22594337790974,-4.12392287713403,0.55269080124932,3.28595477177532,-5.71766241389833,0.781251136159587,-3.89615266521511,-3.49064806978361
-0.121365361318198,-1.1705302650032,-0.349942673695319,-3.62143945716462,3.13187012317908,-0.277095139702704,2.09486424167171,2.50815067536333
-0.0463711427707462,-3.51908741750435,0.271700842781248,1.23872306269372,-3.19276800904499,-0.402894566214515,-2.26588544229005,-1.672281053671
0.87036592061915,2.21870263138342,0.346375305666702,-0.812544672423973,1.84159501454669,-0.0326081391709948,0.222464853795011,1.41780115137357
-0.966297648107025,8.17529612918057,-0.118733007199597,-1.2190381772583,6.24917302848512,-0.386979678819152,3.77169592585832,3.7576461219348
0.683935589076502,0.481608785779791,-0.340138429117445,-1.58344297106282,4.06542336474528,0.271794793495165,2.90315338650377,1.86765620135528
0.133900635098436,2.20890887516512,-0.0223397184828357,-0.359327469281709,-0.789037767337546,0.0292273732187431,0.205806410538244,0.064287897702725
0.349595664698017,-1.04428399929904,-0.459520826742068,0.839536508328373,-6.07484759725569,-0.539869406337994,-2.4902781364438,-3.28234703289455
-0.658102288118584,1.97396642929224,-0.366158833313663,-1.71301814985296,-4.10425517740092,-0.116468755114655,-2.40266846145173,-3.11095111359047
-0.40444118130698,-2.07666848911736,0.0234800895641766,0.300740744309083,-2.10931578171227,0.482395076408514,-1.82514918835899,-2.13193216215861
-0.43699096475085,-1.68161878008206,0.107836754205582,2.35328770151004,-3.13756994548974,-0.0204988056338046,-1.2589247168232,-1.74438140861026
-1.09009705149624,0.432331529841561,0.67777663714081,-0.468956287010055,1.43097192393491,0.0714686400103189,1.25470006611728,0.849437784163085
1.03179127948476,-1.87667266812674,0.773751945664326,1.25811398915208,-4.99716222259597,1.5341863771766,-4.57456428340542,-2.63759582282795
0.60700647765104,-4.6189250584378,0.274363871973616,-2.16766334198754,2.83719518427848,-0.934562435217853,2.26397270417465,0.73743538424783
-0.901948477511046,2.50158958274261,-0.120464682071288,-2.22649407274601,3.83690594816285,0.468907973287445,2.23957031940186,3.02592725585444
0.15011608757979,4.37441293134971,0.351061030941434,2.13310083349987,0.372645866975785,-0.241126253072241,0.522236590728803,0.760808138142782
0.740837654554006,-1.78725913831203,-0.026602151897352,7.31296088558998,-4.37987298827549,0.729605699142637,-1.94680251563811,-2.16041271200894
-0.162392119104237,3.77193940501285,-0.519800556096088,-5.52258676826591,7.40420828693111,-1.08696548913355,4.79894373839579,3.7919894173154
-0.6333746198419,-3.8018899283789,0.273773165995308,-0.456637009959626,0.164468745047227,-0.346320520466467,0.319909605314855,1.06918012156469
-0.895520843035398,-3.94293598525832,0.0772000674278961,3.85568089270271,-5.34305550915854,0.418345874337198,-3.2850350177156,-3.63973201393743
2.03446530325508,-3.12470262353566,-0.0999239341433033,-1.32197763483893,1.94336122736137,0.535005822438664,0.478022970600923,1.17888638484184
3.00326705675423,0.65264574420135,-0.122318138622015,3.15374052342041,-2.83187674248125,0.132590565941637,-1.39835617751576,-1.59976407331998
-0.501701686364384,-2.12092132298369,-0.63993337773857,-1.87070898901409,5.18025256675069,-0.813688820360022,4.04309781204521,2.61548698184774
0.449888669201071,-4.12050981167069,-0.110793252898193,-5.93215046429667,3.34171500085535,0.370372372758005,1.4795243364169,2.76529418153805
1.31034811961536,3.90337366524641,0.344224549214339,0.212846336168076,2.52782970875905,0.0267769673967167,1.97975148735843,2.18133612855695
0.763481865416505,1.35361606964776,0.0924602174152959,0.886626625938156,0.153819323208979,0.194830014050849,0.018827158295847,0.353366477567347
