1.66028771456686,-1.10117469236181,-2.06727563456671,0.0102236275541908,-2.55333933107492,-2.66730532531606,1.70008694378788,0.700713869521215,0.750179309219372,2.88742859017442
0.558413232556171,0.013348625636306,2.02256231404077,0.092669988879115,-0.958894327780402,-3.76670186683284,-1.8506259901985,0.925142370413123,-0.432704085625045,1.38116715676294
0.527409849396813,1.15868797113112,-1.07708800536831,-0.568371106876602,-0.669429375876687,4.6161026248499,1.78716242888241,3.41320345617237,-1.91027410962349,1.82157139388034
-3.6826493002669,0.873369095095529,1.25101899749813,-1.24574244794558,1.45298716683266,-2.78476803678579,-1.88201947562374,-0.91969814080908,-0.582380161666636,-4.98240578914346
-1.43052561874843,2.41292160129649,-0.538386618499351,0.459982892495116,-0.844833601725005,-1.2230402962711,1.07790418820311,-3.43918088800335,1.20902132897552,-0.768127898047581
0.332183183756904,-0.699163718982438,-0.989239323252675,1.76085909532537,1.64027471966046,5.69425736981667,-0.363948796210671,-1.59340966921716,4.60756497991628,1.06660718824063
-0.269596143067931,-0.690102665616833,-1.11926745204578,-0.780065622937951,-1.88546753612301,-3.14874023214067,1.78353518993024,4.29848577653995,-1.98682493898469,-1.56114623890473
-0.759045166396669,-1.29898752855057,3.03903113962056,3.89695109810245,-1.3092162122276,2.60440658944914,2.65841641046983,0.350034139546145,-0.65348308505757,-3.95795602930687
-1.06163403082052,-2.60573687891927,3.291738718974,3.41451379161938,-1.51956557891578,1.13973848016838,-0.206932250412952,0.194429520554212,4.26779269299693,-2.11522666902175
1.20087357937038,-0.253028199531285,0.794929946834541,-1.78157832645278,-2.05218862823529,-1.41338685598477,1.23012922144465,3.61507647162045,-1.52737628525453,2.29804084942761
-3.09558282027772,-0.050927342343238,1.32978006467974,1.1204417547197,-0.832593010736196,-1.69544922339513,-3.5995447906724,4.75072758703506,-5.80383185513689,-5.55449294110526
0.42774591846344,2.11110318363234,0.19197582560084,2.41869747504364,-0.163178023386386,-1.60272248372688,-0.525410283286018,2.03202506541127,-1.96301218367845,-1.70821540211271
-0.484062400280355,0.142953753303776,-0.73689190564885,2.04399425214388,-1.01875825263105,5.02660739773071,-2.42028375375684,0.182763906544384,-3.32681491218522,0.789920791615732
2.39281626165187,-0.419814523143572,-2.72281204199095,3.14029578451627,0.00466726869189199,6.60576536443779,0.408954505101741,2.42874504335147,1.81375233654482,6.39929776993526
-0.0957052143293311,1.8454694542076,1.10800621271999,-1.26836611769291,1.39633979858526,-2.39416516346287,-0.0279882090238214,1.04086448967026,-0.735600276849164,-4.34403783887479
-1.38929121798814,-0.66189097222724,-0.757661521030287,-1.58019689595814,1.34846590945796,1.59235282331383,-0.470401679637772,-0.539560151515835,0.460544560145309,-0.0198155593340765
0.602104174432459,0.629682795096458,-0.182355683611773,2.18520014765902,-2.4164685699434,0.508319539086245,-0.376637308475908,-0.124163423450005,-1.59084369093026,-0.729376688005601
-3.05574093649403,-0.900310682869617,3.81176669270055,1.63831226023321,0.414928541061355,1.89045553031633,1.90256613768101,-3.73398741387262,-1.19339406337548,-3.03682823623291
-1.48198139975356,0.32208592612867,0.687773715281636,1.66261107768526,-1.62493405437212,0.976647733288091,-0.30802957194699,0.244152315890601,-1.140398183375,-4.10581985853376
0.258816395982256,-0.00419509407772454,-0.0523595455682044,-5.02467068674391,-0.247903011051167,-4.50149360018406,3.70848900950371,-3.13212724103624,2.12504166017436,-0.820240001303156
-2.29617042149044,-0.487452439987746,2.13426692169381,2.07969430762643,0.0497163977110945,-1.76711703697803,-3.80833470877897,1.28250534974919,-1.76206063408668,-2.38418239377768
-2.51170193313577,0.505587334141055,1.3762635588753,-0.728463725457375,-0.942978409647318,-3.35086514341669,0.718599403800924,1.24948542772434,1.88287363926726,-0.8136698900271
0.230145172045054,0.0269646162757862,-0.19748760334412,-0.156161547656491,-1.15355535934989,-2.58574154676068,4.2290698924194,2.54682257322981,-1.43234970076941,0.598368499712362
0.650052919530731,0.473142100060983,-4.18679127713242,-1.06777599536563,0.17236062745476,1.58675302553632,-2.27149797368633,-2.39897022656241,-0.882134860350858,8.12055975852894
-0.473358389307762,0.361909739905008,-0.713350340478898,-3.14857132660505,0.0924245911774421,-0.222102678228411,-1.59251197156868,0.22813150193627,-0.0158211594821717,-3.07403940916237
-1.27881588786888,1.51812164140989,1.20744165310954,2.15366577401938,-2.44143114210584,2.8839677104945,-0.795138900301504,1.63108278352056,-4.90510056290543,-0.0159652950656466
1.63043433425594,-1.85756603841251,-0.512548939059645,2.55889221674488,-1.323119301571,1.87047985125859,0.183448083091164,-1.69899663456342,-1.66479383026201,-1.3681280889787
4.63864898396501,-0.556242367578309,-0.593286484309907,1.27663903634427,1.83657452130056,-0.505499165495269,-0.477388148270553,-3.25510675372695,2.00650658099699,5.66290333060651
-1.6061841383106,1.15001845805683,-0.713087402019975,3.53363457070093,-0.834362881936957,2.80647728058763,-0.923924727398772,-2.69089914817875,0.609014206816605,1.46394110430346
-0.86469917341557,0.245551989440812,-0.299278718422349,-1.71544880867719,0.785302861322611,-1.43452669405751,3.85268121469921,-1.3606606043445,-0.410187213126627,-1.17176779939966
-3.46814274067175,2.49546291907063,1.95698113714316,1.59541758421311,-0.275691707800053,-1.69255196226245,0.244109629645251,3.48653108975911,-1.89300040442981,-4.20087242895169
1.22274896389868,0.0500038853167064,0.164750498215715,1.49165695383164,-0.973156326181411,0.532338136662918,2.18410115301257,-3.9275699433937,1.51203865136809,-0.352447207507702
0.966260861452272,1.79341158960324,3.25581491510273,1.07994687195012,0.116953544649995,1.41159598676405,-5.94451495089483,0.284116768050118,0.474902399627655,-1.8092031536873
1.604497022364,0.66029457871618,0.628778173498955,0.593780772196877,0.237795530223348,0.501558777431456,2.25697810193055,0.795246707605355,-1.0732597552513,-0.464939724236145
2.21991547747783,0.227367960269413,-3.37150467519883,-2.66400634556887,1.13921510902627,1.12396972763867,2.62400025802726,-2.86826700543123,3.91589758954404,4.72680841046491
2.11197519097143,0.442901978718293,-0.341306374352697,-2.14097917431739,-0.300097346957265,0.624745594910667,-0.965215946130079,1.25891576268554,-1.89313373237673,1.05411043815653
1.48013994529611,1.59006839307462,-1.74523072694906,-1.34203107610467,-1.20551722110902,2.1194908427437,-0.449717993307642,-0.912830895534571,0.464200205363252,-0.135144509313081
2.1729010853026,-0.449997991565152,0.669978824833073,1.15238190616716,-1.83377510905774,-3.35338938168628,3.33553062175874,-2.24065660151556,3.05550093313245,0.993140128380947
-1.92066179909116,-1.14226281473715,1.53316042112303,-2.73255732476815,-3.5986940212166,-5.48770963666345,0.0824370646332123,0.864199732377847,2.73347503784304,-1.64286589702654
0.903589647923567,2.55510181874431,0.864876227370522,-0.77927052997693,0.758383352963159,-0.913204497737601,2.07634969110278,2.25211278370372,0.429476358968564,-3.65807612174406
1.47906950264279,0.0446660168162903,0.412551374771998,-0.364574481683294,0.0331854625423637,-0.937709941381758,1.1752858666845,1.18990355664629,-0.687070355812664,0.851312900968149
0.862465388009107,1.75808961242933,-1.43825361037678,-0.00782928268630083,1.48058399658407,-0.593265065326465,-0.316599154291267,-1.08001059304697,0.535715818914191,0.650636670103538
-1.92257591359939,-0.423983338289866,3.5767483916173,0.95552073727122,-0.716164622398527,1.60716847766214,-0.584170829783158,0.50618045415471,2.17450509055094,-2.11598196751001
-1.97255626245605,-1.14079918225023,1.58927917087807,3.28460318112554,0.916356612772205,0.0388230741516703,-2.83979792667843,-1.62628296936712,-1.03466671057616,-1.7782600802302
1.60673457691303,0.667612268222786,0.211413997153234,-1.74937305405025,0.686910102162571,-3.73367963519367,-4.27663605041695,-2.24956823189699,3.18043309016516,5.04790658923578
1.97857382752216,-1.10108498289174,-0.643788273949245,-4.09420650186853,-1.70695790868232,1.04454829740826,-0.0450002098051992,0.337467521228138,-0.00637394230286175,2.54916380992344
-1.02113239868054,0.20757425980397,0.819324882882632,-1.23116527618656,-0.00420049833354743,-2.20314416438566,0.539541907249886,1.99289080388698,-1.14899943796699,0.0186141585346219
-2.37110630913015,0.123911685282291,-0.237091785270297,-2.61745532716671,2.24415859555767,-0.291542898542352,-1.00593879806208,-1.31338212941559,1.02766650327031,-2.78242474042698
1.73419944333936,-1.46498181102736,0.486992221566882,-2.18529433785058,-1.40463121358183,0.0933421122048093,1.26161478073543,6.31356084996045,-3.58019967115275,0.13430933944595
-0.445053240393618,0.965618458615099,-0.119742708402395,-0.551637520056859,0.0848847120650991,-1.85372341541486,0.949130416833102,-1.64476169652951,0.284778190725601,-3.75108887786929
-1.10755572732383,0.781266376714351,0.0882095996027079,-2.24510844136275,0.929724530414792,0.531282250808019,-0.681318123152872,-1.98474254742228,0.42913371080245,-1.60017585791587
-1.01609434277399,-1.88844424640762,-0.405098403751516,1.131776331167,-0.329664431924025,-0.255554517281269,0.0992031190442938,3.02732133114595,1.24737313770557,3.61811571948494
-0.655649385100395,0.720344493737327,1.09809266124248,2.28483310575426,1.05454889633658,1.25454924106426,2.59052638172019,2.47933753625886,-2.30672877099003,-1.84958367426295
3.42905274060032,-1.24392997044321,-2.52841662937574,-2.74823798993136,0.765199711224666,-4.08703956840516,0.629248409916612,0.154150493570317,-1.30474779093029,5.52778950168752
-1.79362613575967,-0.557773506667843,1.34124874186098,-0.192177856229152,-1.18109330023388,-5.02720940002271,1.60314500740467,-3.61444907068921,3.0817989500251,-4.08843370635531
-3.23754092009453,0.495486833376385,1.79869203728314,0.691470453177396,0.190652767069605,-3.20995735623048,0.972117792464916,1.76900472630891,-1.45475600317274,-7.09004164730489
-1.77032581215272,-2.38699818103004,1.45940871542312,-0.805443423855083,-0.402232111496739,-2.45558593981478,3.45112211330166,4.12734503803683,-5.52385435181605,4.69771759300361
3.43322933724026,0.434200435301051,-0.307156831153008,3.29244876389014,0.659992135681281,1.85102691989418,0.204865721501602,-2.8470028219177,0.970108162869932,2.76245643430412
-0.432116094709628,2.04301422418231,-0.10926014731633,-3.17667935856197,-1.5647178361479,-4.61042570365087,-1.97967414987867,0.709782232794294,-1.30784110433978,-0.447882468129546
0.0328054032248354,-0.401576486037345,-1.94355620170902,1.09443869690048,-0.15248325275204,0.629379504295431,-0.920882417997774,1.493873301665,-0.811146921220099,-0.587471855679453
-5.87160614787324,0.196134785681233,3.35410000876482,1.04157130215938,0.0710468923394968,2.60238352775041,0.475322983943177,2.52192100808677,-2.62829374938446,-10.1483222731938
1.33211817680546,0.374054054271841,0.872016339671344,-1.97420869946864,0.439649385185336,-2.97964720144465,-0.538794528341812,-1.29729842140607,-0.95878995733631,1.56770337873857
-1.79974811521165,0.141952954140017,0.861200105852782,-1.70512136519182,0.252985114049373,-3.76331618101717,-0.339108139313281,1.05113006600609,3.21326677422944,-0.60820883224043
-0.638483951341952,1.01999176504998,0.150644997362978,1.88047565818017,-1.49875674506217,1.24841482845757,1.32973794653322,-0.233565998292051,-2.25392865569972,-0.512242289061813
-0.0838210789242416,-0.0217466869448187,-1.19159481034145,3.79537995874398,-1.37692714786111,3.42439412764209,-1.55110183041069,1.22229227201982,-1.33692293858278,1.6105398350555
-0.806260798255748,0.66094475193116,1.28376716601143,2.27240358586402,-0.793849706633105,4.21970399171905,-3.83852226205849,-0.598452594688767,3.50700718048186,-2.22207209284546
3.41858920863049,1.7305747605228,-0.313618230532997,2.00210567448203,-1.81429268364918,2.95981376725081,4.03866507926675,0.498181355324955,-0.545686468391586,6.63152845659178
-2.58631170211607,0.198142382968416,3.27602140142083,1.43493579863141,2.80953007195198,2.53778241169451,0.87042102973803,1.91327303502556,0.724911890098311,-6.63067398308574
-1.71184620282646,1.47256020591064,0.50867618963593,1.36242469874589,0.100670411164182,1.50946855050187,2.1003376643097,4.07983740204573,0.529768795293949,-0.566182850636408
-4.44111612660804,0.39698404842914,2.58427715823951,-1.97044448598498,-0.568646824676243,-3.12459660900545,-0.624229681300801,-0.239525241243167,3.05006457091164,-6.9666414782501
-0.673914594930155,0.878918100407811,0.262981238791746,-3.04293860449735,-0.276854589451994,-1.70961199271684,0.187235234609091,2.75517088736481,-1.6813675214862,-1.03463924310549
0.80815582394666,-1.11232947307017,0.00630760099847254,1.52876763375663,-0.556099571953051,3.03409832006204,-4.30637550117314,-2.55680166162359,1.29859619381952,1.92458845200136
0.142281017965043,0.25201570195334,1.47032780080868,0.621162679011957,-0.127471000843379,-1.01839971942449,0.715986142052976,0.565536611426832,3.25716764734768,-2.34512232027685
1.70195124214974,-1.11018252460524,-2.29422147890863,0.253598968195791,-0.27338430252476,0.566442838116401,0.935729622658951,0.725233982565576,-1.17712293220493,2.93857697078542
2.41238119203078,-0.731676801963461,-1.13282484040489,-1.96057915805696,-0.894201911551553,-2.00361472567009,-1.81337766975268,-0.946588594414685,2.38580229689671,6.32475226281959
-0.406559610221164,2.01880324254397,0.377019165574113,-0.373579422845521,-0.52564053335904,2.76294037533423,-1.0586998310535,-1.50504407117147,2.50126087105467,-2.40395166933759
-0.256921703191763,-0.315820076505207,0.0949260998203115,2.41116672845749,-1.03604136451789,4.48936995596369,2.68715343371029,-1.15109802343925,1.27414964114217,0.275580301394085
0.781626479430918,0.750726714284303,-2.05761229484618,3.18401638574797,-1.15016274531896,3.65873149474435,0.938868113246961,-1.0192704278051,6.53338801508315,-3.33476830026127
-1.16083896274485,-0.337229660858922,0.000361202042669272,-1.73355932686617,0.831207123842378,-0.807813651800957,-0.506210175500848,5.54745182454141,-3.24473579060496,0.698082733669584
1.0768909875297,-0.268672757825269,-1.70565304612902,-1.30453675598683,-0.752536179035049,1.95730788049911,0.738207430656851,0.982151920017566,-3.49081627212955,1.16262355509483
1.81556617792509,0.569719379968455,-1.76362658153748,-0.147439849773617,2.07909384409345,-1.51112679606617,-2.69341438090155,1.80587463430967,-3.68798938428904,2.17345965586099
-0.517134104623069,-1.32190181339672,1.74858484124074,2.80487580839768,0.178256052916645,-0.846459964915479,2.3438708512412,-0.277748671644783,0.410140216635211,1.85678639698284
-1.38450750917704,-0.465223588014258,2.00724770451045,-2.0124138465782,1.24113539357954,-2.01140627323198,-3.81747268985259,-3.99721431833207,2.94679606860173,-3.77479686260616
2.43304826121578,0.198017743283848,-2.3711785906646,1.66175373691813,-0.675236834653681,0.869382935595179,-2.00878162124798,-2.08795254318112,4.57212662310649,5.55773978759623
-1.96281627728962,0.386973807223078,1.19559321215424,-1.24885111329057,-3.17198367442747,-0.279332077506776,1.35337502731822,-0.14401570810717,1.644457396583,-1.49613420739833
-0.63947904129717,1.85998574201626,0.574783133474704,2.52345552401947,0.0220882726104025,-0.196983501173083,2.30464348843405,0.0647809308269894,3.17845786129694,-1.36782420264
-2.80728779866651,-0.255789559354895,2.2055819465206,-2.9700384374641,1.60112674600993,-3.93354997091825,-3.46551983512661,-0.699634987028483,-0.990505876812222,-1.35996324618277
0.0796258076549351,-0.677588433583754,-0.279771908811537,1.32014419886438,-0.106639002073704,1.03052279500885,1.20261771317213,0.349661615526447,1.90975299130254,0.872101223719078
-1.30336842154085,-2.56466287606606,1.04180020277074,-1.66794244254024,-0.627507636505166,-1.62500795570217,0.683300628149003,0.405300880394567,1.61659307684978,-0.0899080427810103
-1.58429959276422,-0.41001929882556,0.239425340834274,0.309369418960947,0.367806384214842,-1.18348539580498,-0.0705620181314393,1.09598298606047,-1.97293582677335,-0.0911668357586664
3.96719971075995,1.57346205816359,0.300793489923416,-1.13370709544839,0.0188681231770133,-3.99682551274944,-1.25233003959146,-0.928538090664999,-1.67495792885936,3.22222303901241
-1.96678372390065,-0.368905099679427,1.13886362210577,-1.67432919892567,-1.36313855514394,-3.38903138789708,-1.71194241949217,-0.0609961228440066,-0.522332187518058,-3.45139701940382
-0.312203661715702,1.67564031402649,2.54188545607873,2.07561194700941,2.34378691847916,-2.20928281988662,0.303555683947587,-0.439314963051502,4.67500664218978,-4.21332758114537
-1.27231635071173,-0.0658298192432594,1.60053350264119,-0.124908054683279,-0.318291277195359,-1.04790564490025,2.41274538769227,2.52729223616566,-1.98831695412182,-2.00954011246323
-2.53486128003325,-0.812519363943726,3.64821227094079,-0.614331836606669,-2.14758926895481,-1.82214959786906,-2.97715576640534,4.1675445133897,-4.72116242196338,-4.95809899921751
-2.45755309805285,-0.484417867505591,1.11638933594074,3.77457992605256,-1.88880035976937,3.40326677051839,-2.10074824613752,-4.50722036769814,-0.310763516392744,-3.35451524183181
4.00067606594664,0.108014282278841,-2.78078379479166,-4.08960108266386,0.748866832580411,-0.755829582609785,3.27574823381718,1.36973681751997,-1.9842330378709,4.59230866187704
-0.512236004991059,-0.341315285185018,-0.9188506823896,0.659300110835255,1.97036880141392,-2.81168823205767,-2.41466836240655,1.41149876916288,-0.600146591788355,4.2072873325215
1.97071468635752,1.20554788130123,-2.46807255055961,2.16788052688692,1.59329232540048,3.13109655971188,-5.25231016920553,-2.77114712976654,1.35130741346002,3.0252462014763
0.183113454352932,-1.49443441183239,-0.272308707219102,0.669362392087456,-0.016064539168859,-0.746001523611021,0.0349265323020383,0.72999738232627,-2.22801905348308,2.61967517246539
2.77800962638331,0.729967227990268,0.0629120708163979,1.70647681202115,1.3298370585461,-0.703409383934547,0.688388054736526,0.91883912167148,-0.594645749903608,2.27162423422179
-1.4136164374034,0.761526627495227,1.1496222061391,1.32089124786428,1.114195495569,2.8455884989054,0.0254396746642511,-2.30445257424834,3.79959319686848,-0.440727495236049
0.137092414870088,-0.213387264051317,-3.54537469029812,-4.62666580245589,0.122954467976536,-0.479553352192126,-1.74690026637792,0.198833119801125,2.0193135574169,4.02004810152667
1.06732459623627,1.59384693330257,-0.871696657805651,-0.60592053193814,0.0463875774876326,0.742335057561683,0.685600568682437,-1.04493453920648,1.2267706811078,-2.01806589179876
1.97573536342024,0.119949180425384,-1.07581729157479,-0.0852803365807703,2.19607193162615,0.579947635305424,-0.354775508564955,0.173917044450805,-0.369824074509476,1.89780927241066
-4.04285182137839,-1.00034682098384,1.86157494896598,-0.439090446456172,-3.40101114244509,-4.14795203200041,1.84286650918121,3.09641712129251,-1.95883381915048,-4.99362253220168
-2.27732821516865,-0.0908076213074766,0.678301077401217,-1.4712509582592,0.236639344061406,2.84375145607433,0.601888804419087,2.54151191799387,-3.61841450214404,-3.696705876554
-1.84644579003801,-0.0296715840973126,1.74995813720686,1.61691734345453,-0.57010722019284,0.920821159504054,1.3867735054196,-1.06705676109282,-1.5193436383237,-3.9105385999129
0.0249480393265452,0.563656260764282,1.48114063625495,0.997477379488022,-2.46899583258894,-1.06360690307512,0.650943812557549,-4.31839673978723,4.21728189095434,-1.04070169396689
-2.5042981004764,-1.09479128666601,3.44529777322098,-0.217015197321214,-0.981242352493391,-4.52272659028875,0.816102045457749,0.500036951312628,1.12945274810147,-4.39525042703799
0.599544682129771,0.0335036101966629,-1.31415664766715,0.994900929454474,-0.197517806912451,0.206906336889453,1.51968451178203,0.588200552764105,0.984618827280282,2.41039199957329
1.89803102932237,-1.09019981457313,-1.76284969405259,-2.80428282080094,-0.64804635109474,0.199553679814067,-4.57430704090083,0.23510301329296,1.34578153734621,0.971773191794541
-1.33588072360975,0.748858803977144,1.89599030331643,-2.17629762648136,1.39158158896599,-2.24171495290345,1.03567652317691,1.24218570784074,-0.533199132579858,-5.08615235577097
0.998156370391012,-1.9597331478049,-0.430609784938047,-2.02622523289509,0.971883584943863,0.754349458606266,-2.69447251657217,3.58503711891181,-2.56275871684497,2.69958253973762
0.680995061394899,2.47964326945724,-1.40114710736228,5.70653505913164,-1.57063176717331,1.09051654206965,0.726319717736655,-4.92291920503073,6.21252016974298,-0.848096432194521
-0.269185715196716,-0.26356436381504,0.542558381041632,-1.39870015185361,0.765919352426896,-0.465346703151232,2.62950512931654,2.27404032348227,0.0281328392743904,2.90075954691883
-2.06272019014754,0.0742332957279258,-2.81873976635985,0.478672577265224,1.10333827817858,2.56827134513754,-0.896611821815588,-1.00628420391173,-1.74652541817907,0.233448176517815
-0.819326829845145,1.35145902605411,-0.733576740805414,1.40231403197307,-1.68600974858685,1.05410647757583,-1.6163289365185,3.82502815744072,-3.8043706114964,1.01340965156339
-0.988687968013359,-1.01706073906581,0.45920668078038,0.909199563810721,-0.349688540242752,-1.11008474405528,-0.17253699807916,-0.0327300156480692,-0.906909497598224,-1.65039021228752
-0.411728039159516,0.459413385812342,-0.400370099531245,2.80776728563176,2.33921095850863,3.80383951647485,3.17084854504168,1.20193210979493,-0.0684899826871545,-1.04233642999905
0.165734177296544,0.0497055949826362,-0.579537685720601,1.12949080709869,0.711405842149174,0.512475673307488,0.202114896373374,0.292938332327013,-0.7131846448665,2.08990141982724
-2.90856275739886,-0.0127666677739433,1.2691758695552,0.963147722841214,1.2870098141129,-1.60509630814975,0.297524423305937,2.41963871382933,-4.73658856712269,-4.76657208916666
-0.563926878117939,1.22914640944898,-2.52950304287473,-1.05006497539044,2.4836696607821,3.09638958284594,-1.09286933628808,-2.90087948581561,4.40265580183189,-0.988358995836062
1.04119030367419,-0.00946042806499641,-0.675882479066969,0.594307734456202,0.179657529701289,1.66107080257733,-1.05535117452823,-2.57168525847795,4.55034247084354,-0.658811816365361
0.0193727953819078,0.216018056721591,-2.46725028756827,-2.79752545690907,0.37613409461278,-2.30003334952131,-0.279743118984097,-1.14702686103873,1.6835205661655,0.767897094726565
-1.625753979251,-0.522856941291237,1.44463089388506,1.50261751740265,1.52740478197412,1.90088316992491,-3.1788228288997,1.60377387007938,-2.84099950565882,-3.5277628391099
-1.6831693123337,-1.31525150599891,0.0393321731357594,0.398261635915725,0.0132495558825537,0.627370305219876,2.46820833137535,-2.18129518416552,1.07214823659552,0.865738556709989
-2.59334059678548,0.214461176220119,0.915900184078677,2.36892360006111,0.543369479756033,6.62865508906723,-0.67090969666421,1.75121479733891,0.306366310711501,-1.41229096952683
0.505294779254925,-1.79604903836142,-0.468704989456601,2.85342819328304,-0.753737430388581,1.63884629827206,-4.00200501361974,0.581831476302582,-0.746893373910397,2.17956573480157
-1.23748249276552,0.365165640962025,-2.58095275661556,-0.442786506547381,-1.16325809813757,2.24405198925131,-0.0349168054767367,-1.96326897547807,3.53193051856813,0.221438621475407
-1.51675465734363,-0.558366943551356,-0.00193893806330212,-2.7096179139314,-0.0659800808412944,-3.31828543730652,-0.481933791687229,3.53568220358258,-1.98660296160375,2.20368126635962
-1.31140154257193,-1.76861192721512,1.64242660136852,4.21074355049941,-0.795933019848561,1.77559178483776,-3.58397879784505,2.75446896136981,0.0411311283093544,3.32261318118241
-0.648554950069388,1.37847158633758,2.13616599475559,2.15495036496901,1.11283192298913,0.62838494817668,4.09938302245402,2.9503589255663,-0.61099147462827,-2.09803630794164
2.3208296819718,-0.20232504789532,-0.99091071563605,2.87949984102368,-0.91579767164283,5.44461598669259,-2.23443522302176,-0.394100222751202,-0.196355081112277,3.96405767785396
0.413810880188897,0.917780862466815,-0.0561288522016064,-2.64649552712623,-1.10313252093197,0.4812963927856,-2.70709908963528,3.34730605721155,-3.34483406731,-1.83256485190693
1.2559806336099,-2.75447072267514,-3.72480897376365,-1.32857867913607,-1.27494915645636,-0.279786818761449,0.902604622061838,3.00337738281856,-0.475701663211771,6.31767274675688
-0.761515947805454,-1.86843569154101,-0.223630916995192,3.62097792392706,1.59600274618391,2.1472095635411,2.066454849701,-2.66377362411345,0.750569916191673,0.491372813188048
1.16732487332471,-0.799278592901731,0.338603775748616,0.759131276847864,-0.542813066573972,1.93356536954548,-0.391771390227776,-2.30090870360015,0.101827233280386,1.50113877510274
0.897583826722976,-0.467423438915679,-0.16685608273411,-1.3343885810378,-0.839025449661752,-2.30559492054941,0.454620773561491,1.75122894232389,-2.28868158169694,4.27285963657106
-0.00524665284483285,-0.95191741707045,0.840255353083012,2.82713477295594,-0.176813319304082,0.621077321204395,-2.20439949997498,-1.58995831045974,0.918511901700522,0.0884040379613539
3.34110328466379,-0.947743987301924,-1.34320602970209,-0.349679304957692,-0.682629959058013,1.52931674165242,1.9105547370827,6.47065762262216,-4.29740601384962,7.61115593067377
-0.214713203797254,-0.144630541428432,2.89172994311882,1.33576803395863,2.36321506801685,-4.03911487272612,0.62566089182502,1.96896442157203,0.118400120674322,-3.32875728829673
2.46642023132443,1.97443951652132,-4.12549502353434,0.0547203185778832,0.970146681693012,6.84391314521022,0.202011426398261,-4.18210226192337,-0.287730198656625,2.97915865472709
1.9816514739163,-2.64763804207541,-0.513878246759557,-2.51208806468384,-1.02905760500832,-1.4621510807839,1.49623082858048,-0.776540281485483,-2.87680836899061,2.2014061409078
3.91141259764137,-1.68811497617099,-0.741934987007688,-2.06410847676051,0.427221254663513,0.795280349563077,1.99792178958722,1.00492179614407,0.550501633705003,3.69875218203737
0.497740454978434,-0.675981289469941,-0.387266113478233,2.13416524667493,0.36438090250949,1.62156526755122,-1.46503061802632,3.07094825462717,-3.60479269729018,2.72470206861578
-1.9924554956528,0.812079511591832,3.33214358448024,-0.679399025315828,1.59095578535438,-0.313112516019526,0.961790480221575,0.993718828239698,3.69721576074892,-8.76261014345207
0.395730368613233,1.5623192394381,-0.830320878528694,0.637270917182739,-0.438556751315277,0.696467357408098,-1.97890061651471,3.30309539123846,-4.36481492402163,-1.0059365491671
1.27712290369593,-0.178717933504314,-2.66188793787035,0.506916183802017,1.16614902863584,-0.757404315740259,4.4591180966915,2.59970904057909,0.60549006593242,5.53705989312306
2.02184231857473,-0.110175865217882,-2.43302993275989,1.54181741283554,1.66154948027377,3.70137895572719,0.913473199177744,-1.77740545766256,-2.11394001838263,5.06728298195588
0.469739786405102,1.61084303058996,-0.44566073980569,4.62862006889045,2.79489320684151,2.13769810029942,-0.0716308871693145,-1.2962687772085,-0.660284913376818,-4.33397381687618
1.14417967628606,-0.563262581809164,0.690345569660965,-1.71996943162815,-0.051055650498891,1.64858680342583,-0.98088541283952,1.55011713838107,-1.8882624211319,-0.738264507856823
0.153297847928011,-1.15369115236675,-0.0251206906277365,-1.4347877657268,0.100647128033642,-0.942834509127758,-0.44113322236163,-3.57819821750091,4.1048641246184,2.21414001552761
1.40411628111199,-0.96995565123104,-3.25772014382029,1.50832500402615,1.74449779758293,4.19564513838479,-2.20241872156998,1.46670501408608,-4.10810807958111,0.808276824200892
3.38805414668551,-0.810564360643816,-1.08821514717201,-0.513409918280757,0.404158705232938,3.79703010809191,0.126940942714102,-1.74775405709268,-0.276672465320319,4.32407224348697
-1.49247269862858,-1.31278948105348,-1.32718934962884,1.90205002851044,0.305189554820969,4.68035813517049,1.16705186617428,4.26423010443382,-7.60039138932634,3.63687836494884
-1.27297814930656,0.560931656153781,1.64862157296186,-0.402292246164115,1.9449968092306,-1.8572654727452,-1.02671769238952,-1.74987731523077,-1.17610640894462,-3.21594328031986
1.94270648772045,0.101500672072796,-0.769131744989056,1.79715149087122,1.25381499695061,0.372910355458418,-1.62510424385517,-1.59724979390559,0.736801824231947,1.77001847834345
1.60293127698433,0.330409864520791,-1.42836839088818,0.857964262701513,0.0247696546327496,2.04689470898021,-3.25863981102913,2.82079557371931,-1.95988328921237,5.17356872776146
-2.01678136424038,0.81351108252842,4.11965006918964,2.09085547824405,-2.31062589724305,-2.46354347789745,1.13781141302355,-2.02756813666882,1.14170677605015,-6.48027385895791
-1.22644354093809,-0.400155129597332,-0.197260446182359,1.88029706790147,-0.141946682943196,0.269815539948887,0.667566613409911,0.483719105294108,1.50822635756262,-2.17450737497887
1.86319294839691,0.604483231846253,-0.0150257314236034,-0.664351239160883,1.59755227859705,-1.95083240551962,-0.422645118737892,-1.24781830842166,2.63815876851908,1.39525934090958
-2.26266820197904,0.345366631146237,0.673672612480671,0.0997116531488017,-0.72292276613487,-2.33754573372675,-1.10219586079848,1.8425131327833,-1.76110779976355,-3.34456096807445
-1.41125204625462,1.20498018792058,-0.391614476791352,-2.53012081690078,-3.26408256963423,0.452664431692727,0.516722257882269,-0.80090392157959,-4.00470724147112,-4.28691142565477
-0.850658463751239,-0.0997564587676304,-0.581460979746553,4.98709290638475,0.388495039089918,8.28880036796663,-2.75042089282199,0.786854062018335,-5.78707519882331,-0.795409182252296
-4.14373842841389,1.36256697641079,3.10765073871622,3.64810683277968,-0.87988812636984,-2.08984189796437,-2.9455082982054,0.693005541520609,-0.68120045697625,-8.08646148561004
0.584681572675635,-0.788158823028579,-1.26873912715426,-2.19272574871457,-0.157697294019871,-0.700960044076554,-2.89041934569173,4.18030486405431,-1.94586411914915,1.06240300929263
4.61676759445736,0.247592164514987,-1.57381388486852,1.88060736792756,-0.161368312014779,2.6191363848338,-0.722576849242341,-0.0794062067527292,2.40118288956158,3.48584482499265
-0.356900943365466,-0.0149549963004669,-0.54345557423824,0.181838294342437,-1.67631011830819,3.98274446098629,1.58141992946126,-0.245608762357277,0.0880029967321004,-1.14166217263053
-1.63821475822608,0.827526116958644,0.15763839870941,0.515595419018578,-0.248313832251391,0.70928710248628,1.42931569264798,-2.20103071827068,6.32160216054022,-0.627604441510968
-4.07431082156268,-0.266974291657426,3.15702562249572,-2.39137983396725,-0.737178287396186,-1.32342740603541,-1.13030703459602,1.76572726988792,-2.93457692979024,-8.43977258543014
-0.501345893220809,0.459043940213107,-0.0214770659609419,0.927402373921743,-0.312675757702434,0.815066440450479,2.83602860685824,-1.96793589295092,2.88322348388453,-0.80731410659409
1.31738815075632,-1.97840557578259,1.31590949824035,-0.382530757308328,-0.781887383244096,-2.07397218769226,-2.29151356198,2.58866197065929,-0.128736440220224,-1.62536368271948
2.77352114405408,-0.668838613401405,-2.23830223684981,-3.91812097599839,-0.620146856405464,-2.51709737690368,-0.985635645904757,1.079286613086,-4.46569537548099,-0.407819109492468
1.47309034463537,-0.310966513680245,-0.1578879276729,0.327332449589456,-0.802736637360025,-2.76410248359313,-1.46610454731198,-1.11226309178588,1.29097808965726,2.28572984905469
-1.39855063217905,-0.391604472877978,1.00824014828284,-3.58561316872379,2.57064834051609,-1.52849022521591,0.318464160709061,1.40412272343244,-4.16282694756655,2.40567014371719
-0.509732163576058,-0.534843225592872,1.73577640276438,1.49234950237561,0.845383813352015,-1.19841072999737,-3.50238591843895,1.13777853286241,-2.99397753005918,-2.91650741861455
-1.45147864237959,0.836854380633924,1.46930260267881,-2.58294955592549,0.429529055429412,-4.89896255944619,2.36966173410489,-0.610101616093919,-3.02837893475911,-7.49974583286801
-1.20447416593472,0.575949748740772,2.64342035824238,0.381237784081524,2.42956201532592,1.21986251068588,2.41406320204153,-0.213538956706744,0.607822472195977,-4.44532396267295
-5.54399994535475,-2.26930494072289,1.208166022845,-0.393246515938083,-1.2624209613905,-1.38778104913773,1.95529865306101,2.75441870910959,-1.69874032743702,-2.80382015159744
2.81938618765637,0.392066840204947,-2.60961103530037,-2.22113292005817,0.811100625770399,-3.5587256817774,-0.163983488086389,-1.88270200042483,2.5704965135956,6.10745738874912
-2.47808812352671,0.972851711188303,0.966062623268069,-1.39192656649473,-1.43168808718077,-0.848757431561277,2.31252684519579,1.65221779204986,-3.15864265126054,-3.20383965769667
-0.374726273806502,-1.05690707344713,0.902046012277236,1.5268847451756,-0.681686854725218,-0.290821851833218,0.973592673505025,0.329208865371326,0.995721152986341,-0.676541696678396
1.11850628871308,-0.89745756492147,-1.6880334136509,1.98719675955402,0.723236949149152,3.25494506263241,1.91769732559012,1.27620009187276,1.37448146088165,5.02692259779107
-1.053104560854,0.85475743315413,1.20604337184661,-2.20759232337968,-0.79179983765648,-1.94843285924389,0.355584742377557,2.87257079764695,-1.85715606624933,-0.643513077689073
1.55725805179986,0.402321318680419,-0.25015891568476,-4.28744366568859,-0.682561134916222,-3.79038244160472,0.584501762068117,1.60679226213352,-0.44122960688076,2.21707804851044
-3.96661105741852,-0.2406815254564,3.32687560865856,0.278433225383321,2.08303201188089,-3.89876074186898,-4.22668136930673,2.67148803038731,-0.532184177614957,-2.84799963058347
2.07453411444969,0.24067358020452,0.715847906001838,-0.192607910942047,2.2545710252784,2.4771169968596,-1.07609582164218,-2.69783606086051,1.59604126382292,2.43003812478604
0.0307164699060261,-0.791975931151607,-2.2390540835621,-1.31583348284086,-1.03360596796469,-5.21737165262317,2.02805116950634,-2.64790299137399,3.75838005750217,3.84738537585508
0.963179192564566,0.358439502154339,-1.97851669124527,2.77691509392558,-0.0541491396755065,2.29074939847534,0.202539282947704,2.78004632597363,-1.83077793729217,2.39021850943605
0.345058517838669,-2.30236150850988,-1.04820087025954,-3.67554366376406,1.40256377638477,-1.04456376957693,-2.43741474309617,-2.20767711197858,1.82507505983712,1.11185912266511
0.578528684204838,0.266878873038047,-0.140447780541772,-0.17713966254163,-2.63932281571656,0.662985846687658,-1.91675358558231,0.929094336912435,0.35987995545414,-2.84312268895404
1.10633789276773,-1.17407541953087,-1.06503287834237,2.09770972169574,-0.618482467909365,3.24529039408956,-1.11159496921197,3.35339169719779,-4.7474608404274,1.24589370708946
-3.78927304230298,-2.60092383856158,2.17913218816705,-2.40227293808878,1.3238177139124,-3.65801528953739,4.24375182328657,2.4125544339908,-1.06324902084106,0.12111625961636
0.0180358484926302,-0.11590116731399,-1.98650486218298,2.74643526087846,0.541904260390896,6.14391357354184,-0.359179975121903,-2.83481670839262,-0.274150319039049,2.6071533524509
1.2818054193914,0.182127217393366,-3.00842766303063,-0.718523536568123,-0.426717274830949,3.11397363833177,-1.28947081648548,0.131271484616153,0.606531826878461,2.41050972906406
-1.59909897249165,-0.645946075596836,1.1852660155449,-1.29115975167019,-1.42022875014555,-1.8450575135548,-4.18516754351308,5.19120135165974,-5.1981426816309,-5.65973312710365
1.93166823622371,0.242280271968383,-2.19041226255046,0.962555457871737,1.14522511260326,2.49751963284573,-3.80374167539771,-0.34305747398328,1.83798089566085,2.40591636542855
0.354510217575382,1.20897429535973,1.0795038479638,2.74733850264382,2.06426649207023,2.81457389968554,2.44450055264319,0.530735991764218,2.69617319873884,-3.4934893325987
-0.670992622316214,-0.119797788911463,-2.27297103647039,0.246460138449323,-3.09886124644273,2.39977524546294,-1.70244088276032,0.42108894295012,-0.801220676589493,0.240219182755957
-0.983545284145963,1.20510821559056,-1.008756094853,2.10025421186611,-0.573236169302346,2.76285409250875,3.24240576591514,1.04495289575869,-1.81672749625282,-3.70042050222651
-2.77742836607445,-1.13498602868382,2.70981603514706,-5.29769861575447,2.74452397223411,-5.71700378448095,-0.658205603929034,-2.30485381281373,5.47296896551958,-3.5569485264135
-4.66271710724603,0.0105689927581533,1.13487652576942,3.76239158290367,0.685844449636037,0.708313702468672,-4.65281905488022,-0.0590376695653399,-0.361033794111697,-6.6796994177802
-1.80307660519463,-1.38262537748198,-0.248575530850893,6.711361949631,-0.28580869079821,3.164318819829,4.38599599907301,1.62442847044636,1.04978615375347,0.37578063017132
4.25539289142746,-0.400698556810879,-2.96315407354287,0.251312558148736,-1.6541046065545,1.62884840136478,-2.16495995279386,4.19479335579329,-1.16783253072711,8.37469417764716
-4.78956090033243,0.17384894765432,3.19248796841694,-4.15190381835205,-0.523041363539808,-4.68168773076096,-1.01272193472013,1.5897576134726,-3.71876215132535,-7.36937169474678
1.03512172595894,-0.320311116678454,0.260651917646858,1.11671427341089,1.07451074750781,-1.34059008510678,0.191837913666074,1.3028955843109,-4.55163737885807,-3.5718252745406
0.392918882626804,-0.184986535898059,1.61494574665295,0.935700655164727,0.279716013576516,-0.798041366791678,-0.240330515883127,2.18002883865078,-0.0293876364845913,-2.16755799376797
-0.563912012207119,-0.0370673619567964,0.824284986289019,1.08770461601896,-0.643094187231046,-2.88948633390009,-3.03733525934912,-1.44862945701223,3.8742230790759,1.95013910914449
-1.4003554801395,-0.80450158317847,1.64258697857751,-2.38448861941549,-1.30192045606784,-3.74956978881301,-3.0211701256859,-2.09777029746168,4.83626809135914,0.580613186490346
-1.88998244991241,0.0536455748327578,-0.101236876597862,3.41273090687772,-0.152321044307624,3.27102933449095,2.79120985646059,-3.67954662781232,3.10384577127554,-0.0870752686002753
0.429685497415068,-0.300301210374875,2.47518834517627,-2.2004430927862,-1.70223578745329,-3.33498138276863,-1.41684388815992,-1.96095841223369,3.29844191293269,0.373984862069154
-1.5400530631528,-0.140354408952499,1.15456824990617,-1.61285941560291,3.78283864623313,1.30703899017053,1.65587670621998,1.58240941720229,0.223737047904987,3.05012648591671
2.07447506370428,-1.54251243281557,-1.24257946507755,0.780393016801781,2.223801452088,3.09141493601864,3.41551167442714,1.61672570320228,-3.27248452130652,4.41093236756619
0.222353083523795,1.99152948394659,1.43465431534169,-3.61260679167084,0.959429626652816,-3.55107488475016,-1.55833311374315,0.923876197343942,-0.543951793338763,-2.80670293353678
-0.350749472686919,-0.695922156620431,3.74147046338666,-0.285427973029248,0.164632281185391,-5.3363198499083,-1.41379813734397,1.39807450118428,-7.65968761401381,-4.01352616709249
0.629075131955256,0.631244442342123,1.27467642562082,-0.685272225293337,-0.659466346105302,-2.95161231843205,-3.98580502103072,1.85212734208224,0.134519406276371,3.44401840032108
2.01811316763498,1.12224436694662,-0.139115565465208,1.8371746923974,2.61096816114242,2.12162041262254,3.79975306582186,-4.30790718587794,3.00489398649251,4.73388370747781
-2.94262940967756,1.07519829527925,-0.832935773226134,-0.95751782815791,-1.82630836749461,-3.18430563873266,-1.51241387174533,-1.99539798458852,-0.883785129111292,-0.885015956290413
-0.517522978849689,0.0116391387392552,-1.87577662591162,-2.83314157195779,1.35868525835793,0.734254846371017,-0.755911559448447,-0.354014535826556,3.66981876985415,-0.410313416965943
2.91761019316908,-1.22494377468221,-2.81732601051781,-0.459387923121967,0.328862481993982,4.95781421018408,-2.72790960297148,0.0157485781908944,1.75634839622851,4.55389180230076
1.54038646357523,-0.633332749700128,-0.540402756390451,-2.00855763354752,1.21982981672604,-4.43615223093515,1.48391631861522,0.649619316492511,-2.33888866214454,1.22795924320124
1.4188788017308,1.2141988850608,-0.145736048929276,0.922253138724346,1.99606060519563,0.0565348526228756,3.22195199202765,-3.35892391060789,3.94591119679872,2.63927071728063
0.535855230668898,-0.559097848754769,-0.944489216964347,-1.43822459522202,-0.0184057748231323,1.64006416308285,0.454774893790663,1.13437631382066,0.488369565730284,0.556625995588567
3.16055489397656,0.315388604505471,-2.25792060742135,-0.373606539428234,0.286044511696355,0.474207136654664,-0.801031347834723,2.83860889448803,-1.55838106172902,3.63065933626634
-5.76545085449618,-1.14571852931949,2.67461907744496,-1.4799501936805,-3.94001981579277,-3.39795924649015,-3.33916079928613,-0.175359514529492,0.13334929880204,-4.22061522559434
-0.778214232693463,1.1228033029751,-0.868378899187691,1.43290303362156,-0.223446260427864,1.8928209823577,2.9814021946042,1.76367288008841,-4.22342191926698,0.81913065500153
2.85230994445516,2.18609590090797,-4.79688188063593,0.453665617685524,1.17611373164492,2.38280525013617,1.3829748663968,-1.87853409917253,1.80963551659562,4.18193859934316
2.46878128433448,-0.54353852680378,-0.793961444585571,-3.39438874669161,3.09505094813982,-6.6983587234185,-0.0819549533295914,-0.344162111799875,1.55629740294038,0.77681527435936
0.690193147950087,0.192374639698496,0.521666106930975,-0.0443748457249063,-1.62082106156714,-0.201346825941671,2.40868970535683,0.377314182154261,-1.01020086838331,-1.44268730554179
1.55732619431614,-0.324311359573135,-2.64819987046921,0.251249534028599,0.32703703149411,2.38601714287553,2.59702992714068,-0.305295337517948,-1.94912735915774,2.3173016768139
5.32955408584901,-0.602050563286995,-3.76434561389663,0.311960034647093,0.0320296142170392,2.53615177288962,-0.924434041519835,-2.58488813840015,1.59010190936679,10.3795249164904
0.771768044103024,-0.834600218756889,0.933621626011377,1.33060564696061,1.95038376928238,-0.794068042477043,-2.45154749564437,1.73416585551013,-2.61597246221637,3.78774240670707
-2.52502385783759,1.44690094779967,2.18178303625264,0.0050090095166069,-0.34825398591352,0.870913990470434,1.92653350821152,1.6172975088661,-2.4147412927731,-1.2637480450435
-1.63728849760976,-0.294667810308673,-2.79037856842438,1.0052075213639,-0.00724833294789526,2.67734200643037,1.38642245592176,-1.26350602308245,0.658036327278215,-1.5148480935547
0.56633405418784,-1.68876669393017,-0.896496950356725,-0.987001295845153,-1.36189165833961,-1.98242934660454,-1.00278633185228,0.543735057486347,-1.24189944696427,0.812913149416118
-1.84703480808229,-1.80365387592845,0.386264509808298,-1.57695674967516,-0.0273982351487286,-0.367821449065666,6.30794283396743,-1.31954002022467,2.4067965136764,-1.74472644536986
1.89371120283581,-0.688486927082467,-1.51826994424189,0.134940845057235,-1.6386039130844,0.471945637667591,-5.09821379003388,0.892922975181487,-0.104026120451748,4.66652407229299
0.605788546677483,-0.599030155869165,1.99698811564186,1.66399434925992,-0.222136744250453,-2.01049906196076,-0.0162761696581733,-0.101938997176263,4.19352270628567,-4.68918926509031
-1.58398010425064,-0.9437381020105,-0.314090366718844,1.90705804934752,-0.849547792769526,4.10311929971774,2.2775612819426,2.03541030897742,3.14585735184396,-1.47398765713269
-2.13868042585367,-1.08443280937839,1.85589119151313,-0.559541646554348,-0.231933499900327,-0.982736094041092,2.96469293589282,4.30373791227951,-5.09563607174923,-1.52936865392849
-1.36851194201138,-0.736306507295652,-0.0916651327612089,-4.95135153126403,-0.96703537462109,-6.50132420184347,1.95169001792766,1.21092166057978,-3.94400036767893,-1.58326315698217
0.465106189231408,0.66765559477406,0.39509883700892,1.34862429351025,2.35180689740123,3.42963574739848,0.296700586566441,-1.30782216502926,3.69076281204369,-2.98050579657036
-0.214013460017527,1.06079637384969,-0.279950441614734,1.90507721227935,-0.808463486300583,3.59791538864102,1.57781751461545,-2.44350217603449,0.810029548327346,2.99708512755545
-0.887751524428744,0.192301293812428,1.22929945136441,2.22718717434517,-0.0501461618970766,0.78048456006031,1.11516243941541,3.27594159166574,-1.23200097885443,-6.0033771205343
3.15313626941972,-1.97914418163244,-1.52770981209525,-0.921824789443276,-0.561530904515478,5.42275820059074,-0.0547887860858126,1.27770861786503,-3.93596423467942,6.31422539015791
1.17360466943062,-0.652758642680792,-2.69523527314951,-3.39935699196495,1.01078754517053,-1.52714528310858,-1.75414991760048,-1.36689815179353,2.76208637991069,2.22871374971661
0.419575333889728,0.323826241161712,2.30354076847478,-0.278114355963436,1.79245147808735,1.39514460777174,2.43248694145681,3.51182708007997,-0.518327167507113,1.66484504882228
-0.364373772898242,0.10195069947219,0.782120516863033,0.580962862544192,-0.504572069015708,0.858511808112951,-0.702499624549844,-2.19616756962146,4.94063872907199,1.00077976812721
-2.71461078524173,-0.0415921712566743,2.2075044342728,1.75913122709418,-1.45002563153169,1.33116598443247,-0.588786234747082,-2.91562429387383,4.34586544110347,-4.09017178977194
-2.64316364300138,-2.67496216545334,-0.195814139887744,-2.56311909983843,0.579426736254267,1.20522453418686,0.506275618917924,3.12841597542398,-3.07145843586655,0.0618794721901391
-2.36213472535326,0.0862749274833441,0.13541238262117,-1.00882259035421,0.749185776922183,-3.41916543243355,0.0229959716529027,3.25644412770489,-0.812086469149257,0.655660564497179
2.34580018264413,0.13739778443863,1.60994859187348,-3.25444319102605,-0.513539781900313,-4.91517135711764,-3.95156792445013,1.10708963281825,-3.71145348240469,2.60315926538005
3.89468594823218,-2.00739529487311,0.419423799779401,-1.71789292029675,0.964139238470075,-2.62802945042572,-0.852653447723138,-0.412872258777137,2.10097054354316,0.988451971445916
-2.65973741549227,-0.580662876742121,1.97666078187667,2.23209197255339,0.287666247982382,0.297778383134051,1.22460512022032,3.63550508462452,-2.14336444720939,-2.02131156441118
-2.93954228453021,0.0996644980860254,1.34136769448874,1.01190477100251,-1.81663232228498,-1.04840135990843,2.46162821767141,2.77147807799943,-5.38333602268913,-3.89094780108261
1.7878132656903,-0.187712698517905,-3.94872174298133,0.0456366692123817,0.863513829534302,2.19835860911657,-2.54161561605937,-2.75518033844238,5.34565146313388,9.53690409641777
-1.71389353188478,-0.775951708185045,0.107485829696502,-0.200400388948256,-1.69180734342287,-0.895462707114881,-1.30111132700719,-1.7486620592617,2.40483090939361,-1.8679143158748
-0.110972222266218,-0.629017046284179,-0.902211336399999,-0.869551701083099,1.87044906369542,-1.13867952876001,-4.88633247437073,-1.23053427197333,2.08191310801629,-1.83438101465002
-0.537095398846079,0.953662719744951,-0.632155085092867,0.0822751887710004,0.529333870233647,4.89657340766906,1.99309718903693,2.33324007289696,-0.789046509458029,0.0763771521122231
-1.50515569006116,0.449034963921633,0.609634475895459,-0.29305760766575,2.31555061537202,-0.196963743764202,0.0102270568180029,-0.153517269068664,-0.144181172949834,-4.09516601372175
-1.50360762598387,0.00733399327276007,-2.92815499418241,4.13908835905292,-0.135190075147037,0.807391599029232,1.58204952767547,-1.20147423163836,1.39721311902048,0.722169489528723
-1.68531330579021,-0.949789201676193,-2.11026042916577,-0.223602362638884,-2.20621855112124,3.47544978214318,-1.12638307358229,1.68867982315296,-3.42742840640632,-0.201912423432583
-2.85542609264021,0.448469152027279,0.893539479773537,-0.266352459652823,-1.96666780843531,0.951775117958787,0.427652405397793,-0.743709344216667,-0.946808429370059,-3.32434122600203
-4.74052189516038,1.30447543698014,4.4287333260742,-1.07273404688419,1.81843943119574,-0.779690018095674,1.95416532820445,-2.72746254165677,-1.21963725553003,-4.61674972147646
-1.75431412338349,0.218659812222562,-0.704846624867382,-1.710653356684,-0.858529948608866,0.52474635781019,-0.468322205271642,-3.60841881221548,3.59582136525021,-1.01742475962474
2.16469826436785,0.760527992852346,-2.29962046686652,-0.512991854546167,-1.38583298115338,-1.18234115774734,1.69732110790954,0.842436248263194,2.8611160077995,0.840747446606705
1.59308913061214,-1.47941960398823,-0.724349563156355,0.751746257515283,0.427697639632439,3.36690209035054,1.30794178113069,-2.20113380411758,3.08402722427406,3.76321669943848
-0.369447852112518,0.534553305175045,1.28740553431959,1.4715603235375,-0.363307231766526,2.58803506371712,-3.18114005254776,-1.66594366187418,-0.626508292225837,1.26861254576829
0.579030563090797,0.396383703221088,-3.01744216094413,-3.10381692002797,-1.51065253797614,-1.75013292782481,0.618846265827823,1.19727372566538,-3.15817366755708,4.65779278834323
1.3488550523172,-0.0596332889103748,0.87448361056812,1.08636019815082,-3.57992346541033,-3.2982141878671,-4.97196437977121,-0.995598727545676,-1.88582453134334,2.58505825882657
-0.6266262345844,1.20181411840754,-0.95658926014851,-0.24306749735382,-0.6377074018193,-2.95132565234501,-0.556878214592224,1.07228079120525,-5.21294990112912,-0.880131426973278
3.82336099276854,-1.06137429431265,-0.703558217919523,-0.938518328311209,0.501213168918703,-3.32874142794659,-1.10486751866708,-0.494128084073814,2.97906595804307,4.11379788246961
-4.96626502270782,1.93207686229512,3.94387846811229,3.71497495013978,-0.49352997466603,-3.84685906531783,1.75208414558054,-2.67288644798914,3.24478813483766,-8.91900993678866
-0.304432751272787,0.457975169190316,-0.555331146158947,-3.4851021266284,-0.206586795170849,-4.72742478602984,0.58696738888299,0.863155830551467,0.360633415616274,1.59739338379404
-0.601226563087794,1.0143876573936,2.49761472272393,-2.30139493478718,-0.640050717256984,-4.38917458169692,-1.19444409374379,0.921735084873003,-2.87524833006369,-2.48417111887553
3.26660776100905,0.904228059824517,-2.8738638906496,2.89264863738263,0.332204704259663,1.22127123021914,-0.314407206615109,-3.41785607838754,1.56432337729896,8.87682292659956
1.00658122594387,-0.341931755873882,0.997232901068444,-0.470122149233189,0.991728251142193,-3.02959170689602,0.368370120556724,-0.892792603632069,-0.107411608336257,-2.67973166108467
2.6464871691639,0.334398180587887,-1.52318048638988,-0.279080900366133,1.8760933295973,2.30579688850799,-2.02606402859759,-0.248594224705629,-1.54630237469802,4.24483629797235
-1.37982984075954,0.322730295135972,0.326244779544789,-0.483206827341694,-2.2247434092416,-1.05891270038544,-1.35968680947966,-2.90567484769939,2.04106661602803,-3.70077902233063
-1.84927700188252,0.748115806010462,1.28715892695714,1.6934752790507,0.308698737792372,3.36817950953023,-2.48538722899951,1.23856416879777,-1.87214195995754,-2.41033738361668
1.65785956004368,-1.06541528465695,-1.00816841294577,-1.89581640576883,-0.358270310492983,-0.512397211676362,-3.07003747295858,-0.789351522942252,3.56440590880348,1.37365250557838
-0.837273701642425,2.29957605103383,1.62069163529656,-3.66620158622009,1.48903113459823,-6.94649837234867,-1.04908002622082,1.44410158009286,-2.02776465024904,-2.47452248899552
3.67783957967115,0.254756521753561,-1.69267247697663,-2.99571497212347,3.14385962670987,-3.69226622063634,-0.0370547709163441,-2.91713264896116,-0.578658079122598,3.32615716699025
1.18198944102421,0.966496190445232,-1.75125202826113,0.662926613719728,-0.0111076049500981,-0.066101316726927,-3.13629434231794,0.648369715423313,3.61888717150412,1.81451455119307
2.23714179934356,-0.765818043956221,-0.92792179411286,1.75527888110655,0.605992889288117,1.04309988659489,0.935703348390784,3.53480912185965,-2.37025009518708,3.31291365981733
1.16000944413567,1.35990688675445,-1.69330311077519,0.092682605286989,1.49388820756159,0.423891716960087,-1.3356577279629,2.04755318095779,2.80653576820398,2.1818241310318
-0.555861365918853,-0.600699664139242,0.461544437153613,-3.03932687405906,2.15201048305188,-3.50269943530411,0.622164719175044,-0.085042656312479,-0.455653987135945,-2.8146219835401
-0.541919232719337,1.11143153862678,-0.850357126299684,-5.01034230998259,1.69647369017984,-2.50370745442491,0.285102008337087,1.20332624899805,3.22535579314812,-0.801243329164555
-1.98870719356324,1.157738439452,1.3305022303972,-0.27625799064582,-2.91173033536446,-2.91401064270906,-0.748069441461625,1.56695664909846,-1.75238095884722,-2.54629289245803
0.796492341507444,-1.78843562568714,0.642294171124019,-2.57755735637426,-1.63571804296119,-1.1065742687647,-3.88985275207152,-0.274693160658034,-0.496293355968589,2.77953160930754
-0.954541545273928,-1.57314741124185,1.70887639186787,2.07493931592797,-0.430041515728864,-1.72749496865623,-3.19536262814078,-3.22364331922492,2.74867871059889,-0.295920207073073
1.12101155305466,-0.646589545300976,1.77193995116571,-0.246515838803088,2.6857716828782,-1.72374133906785,-5.08131572195832,-1.91989982537116,-0.698759811463388,-0.274644497238687
3.39036262374667,0.753823813671471,-3.1800910654382,-2.53014870765029,0.20059186793331,0.141804676563997,2.72409449908193,-0.202006785828522,2.79990491010821,4.97535539631269
-2.23304590080261,0.0792181789178998,1.76781957718589,-5.98777809591421,0.130564826251417,-11.0824786389093,-0.721332006703664,1.81547677457094,0.441113191836711,-2.15523846192826
-0.243300068695479,0.49004389120049,-0.458575694281996,-0.385476150228571,0.139730138094351,0.104722841158483,3.87279462172817,2.98751237890027,-1.64963091211969,-0.825990582490324
-2.16023227728363,1.25127544152506,1.45355285639201,-0.217951519105429,0.838588013216927,0.973183052181922,-2.91176759506291,0.808814906851112,0.50861779293259,-2.88465229790022
-1.59423639839128,-1.33353903317704,3.86855713179997,-1.09248141795849,1.80289944638841,-2.11727126415421,2.96381141659456,2.35149840281011,-2.77801945758773,-1.66102266606406
-0.641676495287317,-0.200860395545885,-0.233609632774578,0.58575204429536,1.4240986474331,1.01451471828315,2.1522392720958,4.58838265917497,-6.15494067409788,-0.0538301251666626
-0.946716518086918,-0.722221425989252,0.794883959073589,-2.29856708714088,-3.34013154339496,0.113436359530059,-1.51497680273195,0.300669311139401,4.37431763177792,2.67750669260482
-2.42957693783932,0.7202826319543,1.61301852926473,-0.704191490209294,-2.97559042424596,-2.17238851292223,1.42817108886486,1.30042988989781,-2.99702940221129,-1.8996948548145
2.63000687323931,-1.49864367799102,-1.404750909405,-2.27150746256237,-0.119415445856242,-0.932628472792271,1.16276925846579,2.26582713508348,-4.98037052956509,4.46535915078808
-4.75562837937207,0.517341510570944,2.95967291505099,1.60844596949399,1.06961132182132,-1.35629257568886,-0.293447804852067,-1.18680459417763,2.74708518867298,-6.71728458207748
0.699674723339536,-1.73261681715321,0.363950331169245,3.1751431917668,-2.23547007874742,2.65188872351979,3.01396355490258,-0.638366920326672,-0.474511436141205,0.325214173736289
-2.77176138840094,0.0991854454701396,2.27048849694062,-3.93845510403034,1.00019682135509,-5.43606624824827,-0.559065286490352,-0.435829146516881,-2.4341987082875,-3.79970677069388
-1.24032550029197,1.2170535448011,0.42329888546027,-1.60176306772299,-1.4792499529364,-2.57346012143957,4.05547746659742,-0.710945206347367,-1.11614904414669,-6.14371546401882
0.104210953932437,-0.749693021308307,0.736908727236276,0.972060504608208,0.366481189617003,2.27242565325126,-2.39148039165849,1.26909389404204,-0.660437156251822,-1.34689742496297
-2.13965417619235,-0.925312307459239,0.721895902429112,1.41689368487948,-0.00238269248673027,1.5767324911294,2.62463578334757,0.479821902765882,3.88035849268462,-2.66398817370764
0.315754079415996,-1.25674256762426,-2.23899002621323,1.58902647864352,-1.66248310353435,2.51082228954022,-1.04801502554224,0.542750365954681,2.96333329409563,3.0941614967041
-1.99842821761619,0.0021289379319376,-1.49393305283636,-2.52023717826168,2.46727765771792,-1.054279204398,0.708499018282603,1.61993291408784,-5.06287338703396,-0.747762464630203
-1.77659537849685,-1.14857537593863,2.72814567600014,-1.71506564922233,1.01579354867685,1.10276027093359,-0.143348975364988,-0.386590062008978,0.998987638408277,-4.00425100117513
2.32706867594383,-0.981975791280378,-0.121251072832073,-3.79703392251653,4.04768109105275,-2.12048382309314,-0.266288612570056,1.07459714459818,3.32038933457008,-0.392501834843064
0.0908689106078389,-0.566341350872038,-1.08410712619356,-1.16415955191311,1.01538574633142,0.718439900284473,-0.176154768738605,0.473190642180588,2.70433510783514,1.73044861945229
-0.0178138157792094,-2.66931958984196,0.0933925931363392,-1.58670761304139,-0.465660745233249,1.68757722356097,1.83557786262127,5.07995823370527,-5.20926569116169,2.96185887373546
1.08612309492798,0.122830208499522,-0.278966780012971,-0.319952982109759,-0.184525927279594,0.274706724439994,0.0628785287395039,0.624921696093875,-0.416526858987883,-0.548657709164479
-1.81378434892445,1.50759273592337,0.858853983089837,0.299474953159656,-0.774038891429804,-1.19770406486267,2.71786116425573,-1.90706509752672,5.77104312589158,-4.04384873796455
2.09366696339381,-0.401187639512454,0.0307003743808289,2.0193158276516,-1.81268280117134,0.173030109981736,0.226989690198407,-0.100732477483354,2.77430380127384,1.35992452371742
0.141705322938158,1.57439355346107,-1.36234956099179,-4.21652186210192,-3.06956691336418,-0.982121475169401,0.348613092680173,2.61383775343784,-4.32805651364058,0.919585348577571
2.59547623150998,-0.690276344910844,-0.623270527046702,3.77794321137397,0.000796507110234357,4.30039380497858,-0.10696080936971,1.86329852373646,-4.67349518680665,3.18099670368195
-0.517874867496232,1.32095186912601,0.105829286043972,-2.84751694954725,2.18354801566279,-2.6364470613788,-0.849516068086304,-1.13823609693933,0.981372061647149,-0.863268678265161
-4.2006364888439,-1.1701241068655,4.15168002535158,0.257268665358609,0.549555035268275,-1.03265647535975,0.415823104199837,-1.32192310305554,-1.51591502197536,-2.84451363718723
-0.614389849911908,-0.436398161955851,3.05817985375207,-0.59226285449997,-0.445233951337424,-4.51526260306842,1.98584583557824,-0.608284051385374,3.01750152804361,-4.41385778377327
-2.54938066174162,0.20666023946279,1.81449483521686,0.298124339325191,1.11840723711442,-1.34172331387986,1.62771577690262,-0.60458936096997,0.638877008365422,-1.81949677414918
4.79087318727028,1.63400695864558,-1.33998892111095,4.59357903449029,0.266700299841962,4.7713150867812,1.99201116766702,-2.75192788391108,-1.57418690822578,4.73548024798476
-0.189335273892463,1.14760068884432,-0.936915908043786,0.378417826429778,0.826384286150244,-2.393721236447,3.46548854183936,-1.53426142107091,-0.383546106921765,-1.89219676318891
-0.157617213785516,1.10791029634645,0.749397223598783,2.37770543407995,0.728309220004595,-0.268039045794052,0.714084068863446,0.157681637001762,0.699857670524585,-2.17963568782986
3.48291245408409,-0.286287008419985,-1.00482458425888,-1.23185783024273,-0.240747721401923,-2.29622658689999,0.311452669164299,3.24734013907591,-2.33064035213393,0.97078532596959
-0.734987803345759,1.78593460572094,-1.17633342184871,-0.651410935846305,1.47248215283024,2.59310661111582,3.10557731252492,-3.47041665408342,6.03204958975639,-2.194347302655
-1.02280375090806,1.81345712589682,-2.95803149429998,2.85373304691762,0.454178058286462,5.25582595984116,-0.128139235691052,1.05923364029357,-4.32008420427336,1.23421851079178
-3.57143110505689,-0.296020756366441,2.35679096858741,2.41673809631021,-2.20276849446755,0.209574575767266,-2.01643751632736,-0.814757111466097,-0.6121262361942,-1.2805086807588
1.0362105398542,-0.707341014723702,-1.44829594345694,0.88351740517691,0.885874398667037,1.74585522415114,-1.78579104731408,4.33758679973377,0.994871964195781,-0.29276081846043
1.3346269590147,-0.946725429156096,-2.95409792309047,1.76236364127641,2.79116271355873,4.2297261388058,-1.30902924244029,-1.37019991363667,5.49409128604647,4.47011271932513
1.21555265020106,2.11208470391377,-3.0185946518318,-0.62077678841584,0.429190144433376,1.48716428861173,-2.86756565704241,-1.31341321514913,2.71901071274805,-0.506915702861924
-2.37855468088081,1.48441545440463,2.67122611736825,-0.282035730931332,2.81366733955638,-0.240884835144509,2.83636870639654,0.813072168068841,-1.46053863984362,-4.94381556643511
0.618470276981507,-0.786130060592735,0.494708720671534,0.63827767662503,0.679283612463604,1.61290242876838,-1.18777133058666,-0.397986044251814,0.463373160095294,0.931478733105446
-0.198648118692893,1.24830961136218,2.44355990350897,0.710508581579342,0.77097008466729,-2.66372684714071,2.23794359608437,-1.04462148400711,3.45045236374361,-1.61677763355516
-2.39968240492017,-0.132727582479515,2.24012210600761,1.02431197090533,-0.329005022400096,1.53772807366389,4.76816312658226,-3.94797956986195,5.30499679933549,-3.84276360064546
3.51751967897494,1.61302305638139,-0.0225837704573328,-1.98759615462333,-2.90779941505922,-1.26355491924579,-0.806572988309581,-1.1111190490965,0.326043105865851,-0.898779728592526
0.177126322835188,-0.123770807079997,0.307355492938824,0.896378759888162,-1.62261311763271,0.151342757374721,0.740217116887493,1.41865582768721,-2.75858507191031,1.83142948590563
1.2969046637184,-0.761873099572076,0.21298117170587,0.851007789883151,-0.254631519923468,0.620244522836255,-1.15058602746883,1.65985182819635,-2.38493688102936,1.98688333473878
-2.53331347005813,-0.304454080068969,0.741291538910635,1.71066945881241,-1.55607993302507,4.14265482067339,5.83845761429897,-2.23448169227943,5.64242844882371,-4.60985928953633
1.41371330109407,0.417768626686078,-3.40025061050782,0.43401072462695,-2.21877897367678,2.34521283460065,-2.15782957904376,0.963043500428879,-6.73459173982928,2.49407544900315
-0.0577669952861567,1.75531012665001,0.848241148711455,1.37353326025161,-0.0683676250081044,0.504025492582232,2.35698265856096,-2.87640522833236,8.95370386592105,-1.25390427552423
-0.723723869317137,-1.35948434848708,-0.353466894706202,-1.15694426872863,-0.845544319687069,-1.43535500341863,1.73920554635807,0.634493516979652,-0.502775044894348,2.52344913509253
5.07669108951714,-0.732442083853131,-1.56828913648508,-1.85554114788682,3.41863399721641,0.843290697686245,1.86233261959701,1.21792189321285,-0.796439609293483,9.07829855360842
3.39216650312287,-0.43674498195478,-3.92149430692252,-2.16532080974175,0.154970428194965,-0.329363221376415,2.04936245519805,0.464333376915136,0.876454120145857,4.67433110552119
-2.61202322100848,-0.725533947062765,2.0634874131119,0.85344817622159,0.636328235395334,1.53637795938204,1.22595011220994,-2.27911970280603,1.78675307278614,-3.65453524572532
0.942197143078053,1.01750123991318,-0.58405082797167,1.4917685338461,0.694059147530971,1.88542758342556,1.21638016295664,-1.75727621491297,-0.109417422323063,-0.665178544879155
-1.39094729679021,-1.07923904534568,-0.876423624345049,-1.62892212607481,0.07102114968465,-0.285950898267036,-1.78578342047947,2.1130695203272,-5.54779720050664,-3.8944002141851
-2.33188963408163,0.648489424952143,2.06260061380011,0.538572204456504,0.925870470227069,-0.329258777073666,0.904071212634148,0.0499892172019406,1.2950592678708,-8.20721282324209
-1.98864305790271,1.28929689836085,3.0669164091381,0.409513011096994,0.75205428293441,2.38638076868857,-0.749424614043481,-0.0349426301720048,1.58319737030798,-6.84878522030611
-1.91703154243987,-0.0925480172533822,0.143050858520502,-3.80287354830402,1.08996070983093,-1.39243149354244,5.68037029007584,-2.44906696274623,0.694797758722301,-1.6991280530987
-0.151871661421387,1.56492277867787,-0.0278358325183415,0.777680768916044,1.40449178573462,-1.4658571973693,1.46478690647008,1.60398144332063,-2.59356551957322,-1.38388676603097
0.343051903582636,0.624455974514985,0.840434449111394,-1.27397650835096,1.47574612562862,-0.717882757508169,1.68103785649207,2.26905525978131,-6.92221589827835,1.77153366089981
-1.08719887535576,0.791729051095156,2.39847027816338,1.69075823578519,0.0817751762045714,0.0144131645077076,-4.4393042346976,0.972456162954015,-0.499516046948649,-7.22448448830973
-1.67272200821471,-0.435378036922288,1.00904087164297,-0.528853171673419,-1.78649937774218,0.417010468526585,-2.65492756414419,0.991343003885504,-2.69754100993543,-2.16209385294863
3.03394687006453,-0.272574166106306,-1.56900369517918,3.25578871567971,-3.75279432452427,3.74787339137642,-1.95332139629029,0.368266242188428,-2.48292506276906,2.19049199041263
-0.782275426746843,-1.68339912059096,-0.282143740099202,0.734416408265107,-0.635597155167707,2.50028420856033,-1.17415174405915,1.88939100450049,-2.12335392088916,-0.182489481515149
3.60952618670151,-0.427485367684807,-2.99656626181162,1.38066777291646,-2.14593526259377,1.71796202369704,-1.13602563055187,1.93386023564721,-0.110563028963239,6.49251898308137
1.68628609599966,0.599272523498703,-0.182398497042528,1.30532998702726,-0.449806452484858,2.11135442018172,1.28728191345241,-1.38043659370223,-2.04484392297745,-0.91968392826529
2.72817033324779,-0.388800357650129,-4.15777576116777,3.71497183955646,-0.343169228463777,5.34281788630462,-0.474614215112388,-1.88295346879585,1.56517773767166,8.18206468079331
-1.91791423365277,-0.836130076453886,3.08444400024706,1.52889834562364,0.413998147348951,1.06461557007584,-0.597156051413376,0.521102411025841,3.87181047894275,-5.5731586825875
-0.828931983752258,0.834846687822301,-1.49166960506381,0.71460706735724,2.36444219146922,5.20543900114627,2.37912511845947,1.95053320665161,-1.51385509931358,0.768734788739326
1.24271075966559,1.07310538922656,-0.119736185096991,2.14760639352727,2.40121544379041,2.18872935474284,-4.2178824077161,3.44780402465296,1.23259269475314,0.512916989851529
2.14258522262308,0.484960627639515,1.19768737811884,-2.10096260128027,1.29920075650538,-3.71600430044854,-0.146564007990924,-2.16744324160817,-0.178004215171964,2.39873603205611
-2.18155251751442,-0.485984699011712,-0.353725860941971,0.355704969643769,0.328542805368782,0.69889704137264,1.72680573854747,-2.14387090930541,3.53860801754528,-2.85617170133608
-1.5083130275548,-1.04133052647651,2.71900433431403,4.86124881125201,0.597093579156017,-0.480082700974065,2.14941492290174,-0.931336733818341,-0.830572560755388,-2.07541314600879
0.394764367152188,2.1654446377422,1.68654985958978,2.27837354976104,-0.0676909961014558,2.11548098504908,-0.411705260431997,4.14898633272285,-3.25159953446759,-3.68767928534902
1.20216382131835,-0.775296789385305,-0.693803976983413,0.048335591555372,-2.25356710145803,1.47453065010963,-0.867227664916135,1.11525164582498,1.58217818166874,1.53919386358257
0.939999209327195,1.05933185646187,-3.16846217640814,-1.72975793340723,2.75648019529216,4.60777541523733,-0.364447568816278,0.713494505110087,0.0582125221576857,3.68818390813431
1.20336162306802,0.356379363193479,-1.32499088372111,1.00266052419203,1.67819710900331,-0.858425562309328,-0.862157345956918,-1.05454589956257,5.60926909551492,1.25175037155441
-0.0097415551007898,-1.0814063032272,1.08149420922359,1.1514443666802,1.66049906327378,-0.222656549756925,-0.849219220863849,0.515404130521928,1.57407764989857,-1.08446967427884
0.357894161330746,0.848809230478662,-3.06723400987238,-3.65509318801732,-0.715364612168134,0.763870646552251,-2.7076393528616,-0.585725790030604,-2.61923766903641,3.00927702984331
0.552938561697136,-0.419561237711041,-0.597699655629985,-1.46851519043043,0.817780680786968,-1.31271372394092,-0.393189897964431,0.431726040357338,-1.27566909510859,0.580512177607301
0.815773546928456,-0.679957875947357,-1.41396464136478,-1.87888791709488,0.696065640013512,-0.105293976331632,0.468232273614707,1.98446812208627,-0.459056961255415,5.61342723682974
-0.224782836889671,-1.22490696263189,-0.447686242019995,-1.15577205324785,-2.21650338090905,-0.0598912843862996,-1.11441258803822,-2.88872067979851,-1.29209312557149,0.054265453850447
-0.366617426311503,-1.07998748029961,0.358853040677862,-1.60071098065608,-0.237615735396498,-2.74781995980316,-2.22665054986846,0.0691023655914791,0.676141453753654,1.0333851505994
0.257603640268077,-0.875671244043975,0.553813281510303,1.40831599878163,0.534015777661767,-0.294708751440353,-3.26127085172047,-2.0078271146494,1.90785264237058,0.893519458551436
-2.45968627358884,0.161631830614938,0.338958758824407,-3.46104022791327,0.570065154845271,-0.421241660098598,-0.77564776292143,-1.00478589160896,0.46193258712321,2.82036498326377
-1.9759462600743,0.732876681832042,3.18871490827654,-0.437256697383303,-0.887418110903354,-2.24996620465421,3.44526403327124,-0.635958706428726,-1.73869363276933,-6.18390851188061
-1.7012301389252,2.31421100147568,0.616661695168399,1.50781728619388,2.66248160588814,-0.181592312597029,-1.11700060032168,1.97154435886834,-2.02075767010952,-3.08699788835313
-3.3601478542035,-0.58396855459531,3.32764188891689,2.37487990036188,2.62414159650644,0.684701833216034,-1.27332169217457,-0.746043145565635,1.75915791236852,-3.54507851042858
1.59318593257946,-0.447573552862014,0.324692143487866,1.83763448979276,0.984717853115318,2.90605902454671,5.56277426771172,0.764919221844807,0.294952689049311,2.91610582335222
-1.04688004341183,0.501908943220813,-0.150320257535734,0.641991681543059,-0.908212618542151,1.66829020548035,-3.91451175278691,0.114289875062907,0.729637991573859,-1.2873828153806
-3.1213716015298,-0.357849177908041,2.36081838029752,-0.676264269397671,-1.32595954573219,-3.33844573804222,0.285055792717999,-1.32772561905881,3.03824013089349,-2.15990075529115
-0.953609299724818,0.901338768071978,-1.94898462104737,0.168596045239825,-1.83764374845507,-0.0413993467882468,1.32899759784724,-2.31087373805391,4.6857141324838,-0.0905316167022218
3.92413276953824,2.3895810887331,-5.28434333232208,1.49693004385147,-0.925738015077907,4.51064429701129,-0.957254984969833,0.852997622204068,-2.82515908634772,5.23933571427475
-1.6123349188101,-0.0174866498812723,1.65557183804774,-0.651945789952597,-2.59964670243405,2.82838460649059,2.36737916624395,-1.57707570320425,4.79739788277807,-1.5937211428722
4.42949909516602,-0.0092284214953392,-1.84674677995241,-0.249258733003097,0.703647179463237,-1.28709169659078,1.61087458264482,2.66234131090801,-1.28951213761021,8.12163373875201
2.0464901998312,-0.253252736386275,-0.914898985340355,0.501002648695778,-2.06967503637497,1.879937987902,0.106635515800691,-0.354435122385427,0.710226624313816,2.1260761089042
-4.02741933568577,-2.03279116966968,2.78258816059009,0.617998666299207,-1.69446284841934,1.45176521848951,-2.33469283049881,-0.676215623158194,0.335469308812279,-4.8663575101476
-2.7007169462448,0.271119385791728,0.668979375225338,-0.954977251611475,0.963225142892603,0.902306034852888,0.646700311735035,0.542996406094187,-0.620223268495386,-2.0808168991298
-0.456142679531888,1.89217174350427,3.04154329369901,-1.18666636368379,0.57646100143734,-1.34457328264349,-0.641566044868303,-1.22086854023696,4.14732185251339,-3.5847785689915
-0.619941862382248,-0.693403941179274,2.2149740429438,-0.641727703998667,1.60982392362692,-2.59738749782895,-1.77190052820222,0.506708897426381,-2.00755906973045,0.876601294721401
-1.56222750176813,0.327400240500306,0.0670002498996739,0.225703136579402,0.709543455315017,0.364220801160998,0.302556343676085,-0.159549537858446,2.24837405805012,1.2186744590302
3.50582711651716,0.371215422373444,-2.21876321006659,-0.580102758101543,-0.0948127094124152,1.49416402553051,1.15872694409088,0.812717326093838,0.50294773108794,1.75114737404838
-3.07129614248277,0.249400781234182,2.50784110407333,-0.207260375997352,0.622329689358836,0.707405818260581,-0.15833365235294,-0.760972873839167,-3.83818777934649,-6.43200143821814
0.183446902031367,0.48587198292267,-2.44774398210344,-2.67567060337051,-2.15237805844516,-1.22092303736376,1.69753527061032,-2.77890844835746,2.45189713624236,-0.606351858373045
1.14712604164269,-1.55212418917481,-0.822058468427483,1.12221134585203,0.155028436896911,0.265781842911799,-5.02206697426473,2.04215749615394,-6.06738510922597,2.71299712651133
0.0578591727744465,0.425964285325165,1.84449607299041,-0.517613006189957,0.26734936454645,-3.50787201206282,1.47695422875475,2.16786457846039,-0.409292543273324,-2.2591107522904
-1.57436605262179,1.97775083787286,1.54772214017355,-2.1843795030407,1.10455905642808,-5.48715963951008,-1.14198857062437,1.37748375080839,-4.56623276724084,-1.61203421346397
-2.65792206230917,0.911694130909415,2.82180176193359,-2.15070562816643,-0.0657740986835404,-2.53387692496837,0.57307803272401,-0.798971667434868,0.152295262346966,-6.43348238484223
1.59279544467627,0.180414092649316,-1.45296859668655,0.967239793254959,0.135433477841528,1.27344671889424,2.29523971177482,-0.701272580715619,0.468522381199532,1.19697817478912
1.56373921197909,0.685157759272435,-1.00880929441168,-0.127287376632684,-1.8883397830173,3.15163047875523,0.279117404146155,3.18739657384132,-1.83302881306786,-0.490648091468571
0.460259596602415,0.52654101414665,-1.57134321730461,0.819758069159509,0.776100472184685,1.94665156657713,0.17785321759752,-0.471786242043772,2.00280958476232,0.37947372494651
0.972878528886831,1.43380732206396,-0.79549020367024,1.89545392394628,-2.69442123186376,2.33587735995083,-5.26031863398633,1.61053316950632,-2.5944078261838,0.00357797772131867
1.01032904634258,1.35866696001977,-2.42035037666954,-1.93365703652997,0.2888875819078,0.446755888906854,-2.43444166424371,-1.89025151903707,1.071887878979,0.456580014951658
0.57308258603952,-0.0852142133188743,-0.695318315983647,2.03369080960122,0.577054267861088,3.90681497154828,1.49830515770036,0.171473131006887,0.964530985853168,-0.990780554185811
-3.78242325655964,-1.19630195272293,0.0133778677866333,2.04111190600499,2.01773066896348,1.60412133160625,-2.83186584822473,-1.30416749442973,1.66872734531312,-7.10382481804447
2.01099189659392,-0.469104183867106,-1.2763999332728,1.58838931207953,1.30853047487204,2.31972429013778,-0.224765323675344,-1.34273157777271,-4.25703933353853,1.02503509991885
0.687018310609817,-1.88060240215709,-1.77703598279211,-1.2006025128579,1.44861319988421,-2.14115296540291,0.608064012085795,0.909741934318347,0.956093344692291,2.03658161548381
-2.31771222777476,0.189098939964713,1.1154875760353,0.260543384792363,-2.5429569731854,-1.66507952313878,-0.708025609896097,1.29871026076274,-0.771802899919092,-1.20743509568869
-2.70115298341113,0.896838393575265,1.97038053483036,2.05577078400646,2.26602533166413,-1.64364220462081,-1.70248497905891,1.93618271015496,-3.92926418881667,-3.40424044228361
1.64348240760896,-0.179069911705486,-0.838665442056683,-0.656271377283406,-0.615795755536724,-0.356638380531391,-2.92234615033873,-0.077100924234477,0.492497454898385,3.29973449704952
0.355978411883042,-1.42093370877778,-0.0608945058749268,0.128107046307057,3.74359305898533,2.03331417147263,0.528503692427736,-3.77710881893964,3.77053402267423,1.59839851995248
-1.27151149200978,-0.714584724369957,-0.785944541373177,-2.0159720459187,-0.952825442372491,0.580259314525798,-3.81471588803453,3.3486546734261,-0.0447934377631612,-2.71523021742132
-2.80105193460244,2.03374037175475,0.716338590997831,-1.72962309431744,-1.66709399445301,-1.01457570342883,-1.85046253246131,0.459123082337535,-0.401991959635991,-3.19961927143816
0.221445689513976,-0.51602281841105,1.06125780793154,-2.06192336533785,1.00911294315181,-1.58515279010378,-0.223142585889521,0.415031903185217,2.73981409039591,2.69818057026738
1.9734424227443,1.56819133762541,-3.49723889076798,-2.26395906583404,-0.0171134896343507,-0.389935369738739,-1.93046885086536,1.46110629511707,1.11816343806713,5.78593066687928
-3.60985078391747,-1.69255282727553,2.89156373124226,-1.8635009299731,1.78172474867064,-5.83362878301542,-0.325797847706746,-4.0175208439981,4.21342172995839,-3.50394195164675
-3.0848341085939,-1.84501132867888,1.47745855295593,-2.47433734951693,-0.674547057520742,-4.10430703616145,1.72036810988861,-1.99473746114998,1.2794500762059,-3.6415173102375
0.307893390556173,-1.78977782883088,-0.967047545571715,-1.45187975757689,-1.33320888979204,1.14716020651492,0.0361975499546217,-3.53694129437536,5.88655377401446,2.88151813181612
0.71394846130533,-0.607096234521517,0.554695797012508,-1.09400869441418,1.07575767717224,-5.1493665543974,0.27452491167302,-1.0048007025474,0.564423963896244,2.74169583495063
4.0388958630408,1.01513855394228,-2.46116183508105,-4.25641665700161,-0.353484693066924,-0.81025046267159,3.19777214249595,3.1290499734575,-1.92669018752415,7.45959363795352
-0.0240469480320352,-0.250665574094905,2.34612216924733,-2.05774056462658,1.52574295641249,-3.7973934440762,-0.2226016973609,-0.504538896541427,1.16149158040152,-0.0862383199471966
-3.23996718058262,0.552997143976922,4.51110353442509,1.32401065183637,0.909119033058337,-2.71334850806008,0.570911747132223,2.10590634597499,-1.87251506605949,-4.09997395919756
4.32899734357862,-0.371298677509699,-3.04427388894236,4.69379688847978,-0.321867446241104,3.13563453600144,-3.96781979213344,-0.313659632111906,-3.80497516153861,3.56666145082849
0.319809554183783,-0.251988867070668,1.18926689890446,1.3839332516391,0.248830203661716,0.132361934172148,0.0614804362147429,-0.437698160938101,-0.972271128468837,4.47952843955961
1.71099684023391,-0.236655148470539,-1.09301452687802,1.93380458626183,0.5213071336376,1.65358854714639,-1.52000977252438,-1.23615602842558,2.49475735838417,1.22485391549798
1.12122800511843,0.349349964709915,-1.48986001246359,-1.12212035135174,-1.65314415427405,0.956719181231976,-2.44802643503153,-0.085214041860782,1.16917966058001,2.21130076486697
2.43053399064622,0.671898567511038,-2.1815296718433,1.9669485329792,-0.819441349265129,4.15267137900208,2.00473330506276,-2.42553400838585,1.26178802604023,6.9250646919595
-1.57703025350251,-1.00424593566757,2.42686456440404,-1.1213046017262,0.42050192273511,-2.91026295392164,-0.0430828457176797,-1.48517104644665,2.25989861497544,0.552008120923374
4.47929330118167,-2.75498945140649,-1.25506629457597,-3.19966592363199,2.61975754046387,-2.20305920859761,1.89064267856846,-0.129808547512055,-0.70095387466377,6.94767001359703
1.63029738403997,-1.33139101291128,-0.307964393384942,-1.38260919482415,1.14086539538417,-2.20215300754029,-1.81698243239442,4.88421721896388,-5.26299801189608,0.318298538828318
-2.52590246511319,0.995204342246348,1.0202561232942,-2.09212344898837,0.690401324067818,-2.06782580193527,-4.80440445375348,-0.984517915609657,2.17278517431057,-0.361214362256719
-0.669980520249157,0.690221379090253,0.0535328338997431,-0.898823227859942,1.31027076561512,0.833204112916371,0.325876095053651,-3.56649616789961,5.3235179586782,1.17710750252657
-0.4713136003176,0.658426707417062,1.68998904283892,-3.59592806956913,0.648148069478201,-6.2552763298113,1.88641786126911,1.1388390594914,0.979310208501008,-0.620325841291959
1.68067798209388,-0.830306775801944,0.598641684243165,0.195997286447168,-0.921987139406794,0.2354782327551,5.08920972046222,2.06221679706345,-3.43736396216531,-0.5584221297302
0.785395306226427,0.274774678491349,-1.93488364266555,-3.29276538471199,1.71940716333494,-1.3080452421616,1.77438186698671,0.705752417425657,-0.833391334185942,3.25620309004696
-0.197130334514452,0.296628816173427,0.205812379204855,-4.58673629935453,-1.53655486097099,-3.37295796761323,2.12087353297183,1.56674579423472,-2.27308077958589,-1.32560371481488
0.675096273056296,-0.658942743902602,-0.892933491607598,1.05119850737894,-1.3790048941731,-0.439168185457075,-1.23149577800174,0.237342127973235,0.012143740466728,1.72280323575314
-4.5390518932214,1.13794125275569,3.02056391759566,3.92809919032923,0.442686056834276,4.90532730743599,0.705709762833065,-0.578260792807971,2.02047577098209,-8.8144193343387
1.05524416230695,-0.0327162365860471,0.160931478361847,0.677921333839526,2.39218889765707,0.667933234800175,-0.950656256616952,-0.445303374471174,2.78945900768061,-0.719562195119643
-0.220610351725328,1.28950789757945,-1.39388070559655,-1.28488973303172,-0.809478200377041,-2.45907719951977,0.844112739627351,-0.0352483416120693,0.815104457806936,-3.92453815129614
-0.138075352230493,0.263519970675097,0.737471498809471,0.753380199791682,1.48671053747437,3.38676865024625,-2.3671183084428,1.80269413978947,-2.11138300153806,-2.35985744131245
4.95071160468971,-0.896934949660295,-5.67441919056274,2.21222591664835,-0.256332964398237,7.86179442097733,-0.767499166984188,-1.46838175945678,1.90707147745593,7.66794208424234
2.02244410451975,0.103208542061859,-2.1413362821489,-0.641773194897492,0.686808624595522,-0.132362489227159,-2.91933161138568,-0.993938762083889,4.13709305971493,5.69568188594833
-0.0741535571692277,1.19185521457648,-2.08375887176038,4.17667523994714,-2.03071566842148,6.89675405379095,0.0915464489298713,-3.06931489455644,5.95539061861783,-2.16995263835225
0.255201127618837,1.14693145315782,0.193601899551359,-1.10994004570539,-1.50181144560352,-0.502885681489089,0.904912227662291,0.462808268529559,-1.4477305003217,-0.952691470689903
4.02444450187544,-0.400434083342539,-1.94760451789034,2.34707739557816,2.67654997993165,3.62548748370009,0.115131740752918,-0.374380926061675,1.43782052328567,8.13079480906737
-0.167825477107919,1.46114573983629,3.30779132967391,1.74381999449049,0.0346350750982235,-0.50548428940407,-1.27738770629736,-2.83029136965375,2.34220232529593,-3.59449864334852
0.816607953880957,0.680715452412493,-3.23324379061229,-0.689997974917521,0.095959657681123,1.02644931657611,-0.47736263661092,-0.241862401157965,-0.57898067733361,1.06584780746775
0.932371256071812,-1.58272950526184,-1.48722644794852,0.70220178159191,-3.63794633313599,0.681433667435223,-3.28580524313769,-3.50509212209805,-0.500670517740372,2.5693826424411
1.89619962386837,1.09063234642434,-2.94192418935411,-1.41988477843657,1.72576134300745,2.73775557439327,-0.445149141913238,-1.21320909665507,-0.0564504651355867,5.22171024739018
2.34443986920881,0.543132594117331,-1.91704863484153,-0.669533496151788,-0.189078869338824,2.57470435561217,-3.55113690146775,0.740875357561737,0.021958701619177,4.89323784259531
-0.0730021637715772,-0.604555608438279,1.84650797619738,1.51354030173505,0.642934103929581,0.859393731808506,-0.0309318055698417,2.15843097561346,2.06247213206534,0.000411707023669178
-1.19339794965355,1.65192836526979,0.999704497900202,0.171277167378454,0.511493319412171,-1.8186499489111,3.50209374891781,-3.88141152989926,0.813766141085224,-0.886900773964007
4.79987134057031,0.041144738843659,-2.06826341696496,-0.021044617352715,0.553546931452807,-0.689377521887692,1.40841301109996,-0.499119266812574,1.12036702510423,8.60497228818758
1.76215276524986,0.655812828185161,-2.56498706417068,-0.454035954478879,-0.568553489750977,-0.230162567715931,2.96203864843432,-0.0758756854409664,-1.71535266640461,3.67599047289201
-0.41115233416838,0.513243997564889,2.22426737286345,1.704071042176,2.66578920893765,-6.66990447031623,2.70577582431845,3.47320904354669,-5.63877586396633,1.1951772726965
1.09748710845474,-0.0816440541145734,-0.0229450196171049,-1.29813212227707,0.192034940695547,2.55668012448245,-0.659915671335403,2.16469952073507,-1.37075361168008,0.905068621930728
-3.26139346900538,-0.338502881115778,2.54064619772745,-1.85043389464668,-0.239198822493476,-4.54020088773532,0.726997481026542,-1.08791154614985,-0.807740316567871,-6.90481950349194
-1.64127758729791,1.00715733547089,-0.396154058228441,-1.18970582190959,2.29360752502772,-3.29242133687875,-3.65532546622774,3.10604535537632,-6.86712243872664,-4.57461993438832
-2.59206405746091,-0.199908283715914,1.34815917080093,0.796645548552447,-0.527523370012342,0.916741950254748,1.78755548810507,-3.6976610571729,5.38396228489563,-1.91528516461545
0.941223193810624,1.06518360319823,-0.565094501153946,0.0109812272770903,-1.90418768820799,2.51243469450586,-1.43824986851685,0.767442968695876,-4.79146014583749,-1.87171931203809
1.88063245620413,2.73940693552025,-0.871721776414868,-2.11625570272525,-2.95384062878689,-5.35625384789636,1.88101903965287,0.107006391733311,-4.06844585887151,-0.0654503681055029
1.19642805869414,-0.641259901831965,1.67636883746474,1.71708634882391,-0.143710038062249,3.09726473123665,-3.74231518188779,-2.84949813171946,3.27116443014513,2.45176030688461
0.472305188655565,0.256660850720167,0.790055359562045,-1.32811818837023,-0.840602885755105,-3.34082656290536,2.29400543436099,3.20221755133317,-5.64420656980004,-1.63741196914571
-1.54005898528663,0.653046405741641,1.15585313782541,-0.564375746128268,-0.305318914862698,-1.50082601520903,-1.00598218974145,-3.01244764185036,0.59702271559442,-6.10723568934708
-2.83527170116779,0.712815718287401,1.93737503888188,3.26172725377191,0.106433710530659,-0.386447334286531,2.85179673666406,-0.673678902153981,-1.68332754852977,-3.83989806453742
-0.223510801331344,-0.878035604409489,-1.90757521996881,2.89871699476189,3.06449527560975,4.4611281899151,-0.0386799111416997,-0.692762624882771,1.15728195289057,1.31843751453638
1.20398584953171,-2.09103576307185,-1.28324424226146,2.64933496444424,0.912740455293763,5.1830554464175,-1.2761474528394,-2.99332810818911,1.10600878315034,5.00617135876961
-0.501283239434436,-0.00419991932094316,0.604536962567963,5.06790636709446,-0.279070510965523,3.33005907153563,0.996542000784144,3.12494333046515,-1.30355641998234,-0.941542285024625
-0.296408614808287,1.20591518959058,1.33070670149591,-1.6198167303185,1.80125211044644,3.13817804461082,-0.116493470381306,-1.13973476026672,-3.28968500018563,-2.91353836516948
-3.5089213856164,0.862894739547026,1.25525077405275,-2.20064468547373,-0.434643300522477,-4.15819780412147,-1.2524335555504,3.85159550946163,-8.08372817868603,-2.98277841478302
0.278914352283011,-0.90812525686907,-2.19417191407628,0.324837068530926,0.738249923139601,3.96668621561345,-1.78924152152262,1.87411467087996,-2.1596425728501,4.22620709323798
-1.38260516659007,-0.337992091798589,-1.11694361482511,-2.7519460394407,1.64421114605505,-4.6244424957888,4.8201204298898,-1.82259941351775,0.122332369156109,0.561387449726695
0.169175441364278,-0.164686891728061,0.791478197485253,2.32216564736567,-0.131308146107979,-1.27787489030477,-1.8992945011443,-1.07966314607308,1.0708221005027,-0.662749987898749
-2.53120532306374,-1.58751654949002,2.74579474423907,0.304071462737779,-2.68976091408867,0.872943138176716,1.11830300114006,-4.29697034960027,4.3221752559834,-4.57824837478286
-0.177729565355933,0.37725465322134,-0.959053762398712,-0.961354560072224,-0.697583752167859,1.46719802520655,-0.422829379359163,0.631623901960149,0.65818213706003,-0.767000798720195
1.26878071921925,1.22089067820757,-0.315280720700882,-0.568709116784504,2.63565904994339,2.8645616351133,-2.03570960361506,-0.261064159586005,1.47731739540784,-0.0145086718953675
-0.218707461364362,-2.50741066619867,-0.621232871218592,0.598437182282707,-0.30095736818906,3.2246611873468,-2.78038197845453,0.773122523379014,0.790195360992612,4.5053624113468
1.37553755296497,1.00967112412824,-1.05845962819831,-1.65873005720949,1.60748001783489,1.70297846724905,-2.97725861826961,1.21522108767972,-0.914005958712485,1.11751386741615
0.667733363144132,0.347586302376029,-1.79037853546838,-1.47488110812846,0.626128135702665,1.15828358322418,-2.81208926705114,1.09858602067707,3.41546048894534,0.476985355804076
-4.97463039162488,-0.935777889212282,3.42907500464385,-3.61876900235335,0.098859864070971,-4.21290323133903,-2.99247096442741,-0.848987826284798,1.08132828894136,-6.6697532501445
-3.89259796441831,0.135152954200685,3.65847150618706,-4.09356944972304,-3.71355954608398,-3.40267072405715,1.37229184820411,0.0125355848418459,0.470184498960864,-7.90775242472385
0.140847026297341,-0.296361104716259,-1.22957569751987,-2.32099155168249,1.01316216023798,-0.831286147138315,-0.473523261361652,-0.364752248569492,-3.15604222096309,0.900139332232387
1.18503984109453,-0.333825039236789,-1.61240161612756,-0.72948970612503,-0.855050097449719,1.85990295217341,3.99828485841592,-0.312589362204673,-0.354866938794997,3.64122249174994
1.17102572524151,0.457564884382867,-2.61673858794082,4.28930011776582,-0.524085622615859,3.36395987071069,1.26647736579112,-0.22429892022802,2.63578698494307,7.11892961548165
-0.720547086176992,0.648915399772723,0.631692821303364,-1.74306187376686,-0.754721035618398,-1.26071904491549,3.29639509381558,-1.02853015413982,1.71684414228616,-1.40925058123129
2.66531424414614,0.762724299361852,-1.65458662005251,-0.124594025180709,2.56281877507803,0.627182087337839,1.00543728677937,2.71446569438025,0.11595712068712,3.70502987678495
-3.19077550237394,-1.0090671867825,5.17918666742923,0.222385185035525,-1.6918365115078,-2.62411878380308,1.6909348247124,3.35744412499474,-0.113910306625212,-7.50545102238505
0.797286977688513,-1.27784080339687,-1.53219842240106,0.973473755292299,-3.80673439552311,2.17601135956359,0.934494791458461,-1.73273075419304,0.656263296891047,2.63791421359176
1.01214834814201,1.14982121812591,1.88404860618945,-0.906682307847416,0.772886599552699,-2.98062913903027,-0.804110127393251,-3.99114309641271,1.03976977191589,1.27719478079364
-4.45911865155298,2.10772782046815,5.47674369248594,-4.59866554527103,1.08742615620699,-8.10008460192306,1.84705340650679,1.07367923654992,1.15878188504641,-12.0225167337462
2.30363455461742,-0.751053986016771,-0.497330561120769,-0.0950502378196664,-0.264115412579808,1.75247203594269,-0.0161112814235626,2.61008706443239,0.649466790563127,3.94009902124544
0.361728959029564,-0.75961030887311,1.10440308118778,2.21947005131838,-0.324363676775837,-0.611077766040802,2.0675684752285,2.60736932608555,-1.37644987042112,-1.33908106290707
1.935926960882,0.5848190982624,-2.52785631488304,-2.14450220297823,2.30543063371938,-2.11993244833629,-1.5982539634534,0.456255780911518,-1.18687341565066,5.22223511555595
-1.71212031377503,-0.15673901755714,1.07318057744582,3.30965290042908,-3.06130770989671,1.36702060126465,2.00846604190667,2.69226219306814,-3.46685190625698,-1.57256559103958
-0.291193493478206,-0.73150211793381,-0.8348528701804,3.06427982115353,-1.5242054893826,2.59067714886265,-0.623946712385383,1.65501836646056,-1.36712686169832,3.03044350904889
