0.0104852394925832332,-0.392681867879742075,0.705340153329078956,0.650304695704887581,-0.735825021859183748,-0.560276562209909734,0.750499252671583683,2.58716608639265111,-0.011308370260426432,-0.795446311806864093,0.0400961779930406534,-2.416967093675495,1.26934248507676917,0.485701371231919754,0.365351462767076474,1.84380090007537212,1.06130383265387218,0.346751117813300147,0.179941851214612397,0.186702544250842206
-0.032721587804956917,0.316263810943741008,0.291968303240919158,0.429710391735176278,1.49667690735861636,0.844762603403470314,1.42787045475587449,-5.59749709438862375,-1.37934059220041716,-0.45577127953149732,2.98770384571709124,1.86717265076409933,-0.986553662028277101,-0.651507881501367514,0.617951668484100769,1.39755580166320681,2.35995452479450174,0.068708277337753268,-2.25633921801076731,0.571190928499009654
0.331333015965605437,-0.746865215554704309,-0.716550554694310393,1.50486058300984382,1.10126206930970993,-0.830056317937261201,0.574653676700583538,-1.09121302430205147,0.0793222283239248122,0.395345444455685757,0.452631113279526431,-1.75223183301005303,-2.98804988568142837,-0.885692621318031836,-1.57409814946883242,-3.79941824808712836,-0.395213601153794558,-2.48036839822327204,0.553864550984318305,-1.33399295580676358
0.701306003176550674,0.448478406768997251,-0.368119782854682276,-1.22712136008065675,0.400443563850793494,-0.334288897327776946,1.68355672566399339,0.667414560438933657,0.0317358299128919358,0.226416191518559545,1.72764921117145609,-2.0538459600353125,-0.363336807378111581,-0.255329577593500112,-1.21352834631779061,1.61228593401407272,-1.95706286271858754,0.625224429155931571,-0.830889387020326442,1.63624334775230085
-2.13788509128471604,-0.31145153413303367,-1.98808971766442588,0.912598166247223896,-0.345205888424704344,0.663439960696322939,-1.40335347550731182,2.98674557639729565,-0.885125755487005783,-1.01795740784999666,1.23614329602128126,-2.21667022683743919,1.36759891414429058,-1.06358677696779758,0.350049539161902734,1.33351784463677769,-2.81477761236114254,1.33617591080711895,0.285910102698155255,0.272057048590394146
1.08418928624964117,0.016383657249827082,0.352253353567617278,1.47719401014386587,-0.194156673748357433,-1.96148072645162519,0.978705275943550723,1.93387063267924408,-1.44430186541145122,-1.58846880783402633,-0.971380912341208491,1.24107922236158674,1.36013492937903013,-0.0341802626439161039,-0.230176938116653906,-1.44920510125690649,-0.0785655315878823757,-2.18490234065214484,-0.941232002156070391,-3.05555531562342297
-1.76191051395080289,-0.567143565708638997,-2.0887298944240893,-1.3133213112182438,-0.716025513131424374,1.40819255716962344,-1.9943432915842485,2.55821274201310001,0.229421382205224539,-2.00684270153839606,-0.491100605035115767,1.14412567864885695,-0.153823376432057402,0.177844868806497219,0.0816750156781123893,0.738526691911219113,-5.16862960127038829,8.58787876706715458,-0.30693492497419772,0.715609236661916337
2.05790764910770418,0.837804761932879782,1.64565772259650545,-0.996564943005058046,0.794670724293697228,-3.37356335060329027,2.99294574972714233,1.41681912871983684,-0.529833224713584849,-0.784049375808669402,1.17562343919325851,-0.0999721435670486158,-0.682242010612259198,0.393447025026219976,-0.61814757599757153,1.10267304857487236,-0.0381058350413794322,-3.8024675018424765,0.994617904335386993,-2.54392717523886347
-1.02854069341618559,1.80389096144519279,-0.593658097844961818,-0.676022309898525076,-0.146350442616089066,1.13103851723826021,0.0802661549936419111,1.40054857578812286,0.977506630928614784,2.76182917518797,-0.102276050544734307,0.429383815000138835,2.06316223179614822,1.68326417179304877,0.833594366941632803,0.640911749998906544,-1.20258912189365863,2.96660126028185633,-0.192153723446071678,1.57741531544658709
-0.0994449725076106683,-1.45670720615954852,-1.1365017581741752,-1.23417825640113077,-1.65044660247404074,1.08132253468862571,-1.51130380498044992,0.935759539383187899,-0.54889985756869486,-0.761948627969492365,-0.647627138369787803,5.32589897400477952,0.41826275123415857,-0.042012428634710032,-2.64822943735059058,1.87482582156134914,-1.66627738518738644,1.89922278317498705,2.99474480713748825,-0.0528280250989980049
-2.09449215888451379,-0.477557396827892722,-0.754071565452977932,-1.20329284301773654,0.871556670535929001,2.07003244780368645,-1.05643010637190526,2.89131461231974907,-0.621270427813826687,-2.07353483298727159,0.707458241694277068,0.691460600242501999,3.94556132349083155,0.134452343900737042,0.987689910470947452,8.78535503448754262,-1.12629234298731173,0.685593746865730713,0.622567244258852348,2.08863081202206624
0.66376724150938049,0.344382243786617526,0.844072605516926311,-1.84769670506247108,-0.541826448337223487,-0.765058862566959763,0.429800185509840893,-0.174583665620433953,-0.658965841546659492,-2.43584070416186327,0.506798086401695991,-0.253444150560855286,-0.618210216435100879,-0.42363762431619495,-0.708709568655546018,1.92781464067438746,-0.662230562076636886,-2.10037610959687049,2.23037593781089782,0.0778211184245593962
0.621923389665478332,-0.29705391908324924,-0.297776882135937282,0.0280897652436470496,0.0804049896974105283,-0.536373137333998606,-0.632620582246171237,1.68999454996059328,0.862979203247952409,-2.648329218667548,-0.479096631788633986,-2.97818261954884234,-0.549770366990267267,-0.683782507250879856,-1.66086375772155703,0.0216516772447175043,0.557379670701276475,2.25104479784599087,0.824713922100947516,-0.699563619242857371
1.4546463443847033,-0.706991755377793574,-1.18594396819145653,-0.170556150759722719,-0.448431675178016464,-3.79883571799410813,1.63143146722834853,0.0856739068106296964,-2.42587024894943637,0.363961151142733919,-0.882986640641787779,-1.91194480176475312,-1.92566912593870798,0.703841577951282105,0.348151888790203645,1.0889912150794907,-3.52084174107155645,-1.96715863434911276,-3.42414540660267974,-2.20530059407806922
-0.901261577384431911,0.79320069543450622,0.16607591008940728,-1.51240319139519364,-1.34780537365112796,2.03883773302907745,-1.79808380433485371,-1.10572376331642031,-0.337622693166721222,0.00822259720964713288,-1.23498658308724218,0.901356145768367201,1.81217725260697082,-0.135622151768269722,0.811203742334524858,0.260383926618419581,-0.795601354339416367,1.69564331877109686,-0.863849866318325943,2.64985967673082135
-0.0390810465616344069,2.14353124177221943,-0.439155083804391555,1.3248240040249768,-1.93371425575124967,-1.94798810077678741,0.941748887985866312,-0.296780257225855604,-0.173720350105256716,1.6477932735370755,-0.424286039249546942,-1.30103439602053506,-1.39583190323391615,0.368988315991148841,-0.96617075046420986,-1.02772534802248283,-1.10998109906634324,-0.915213697279387728,0.892836716586794199,-0.234910781417535519
-1.40972452443800722,-1.02377220682608505,0.575264189375523816,0.541339848559650783,-0.0215630555296384072,-0.613594795671119186,-0.994587216928080164,-1.51039753571747148,-0.283308288514433515,-1.20694025765590962,1.60523065552217381,-0.713003606497569553,-1.33192299598758845,-0.642153606745130001,-1.86033024397743851,-0.45824032404249021,-2.44143181791500297,0.742641914329468356,1.47477959836177264,0.146470742936693099
1.92224136378522181,-0.647897599680164582,-1.16590314944920892,0.452327627932974319,2.26625815684285836,-0.23201919401773638,1.81175506691933563,0.935532694275075238,-0.329059760538963797,0.422266244798820967,-0.00775848628583809471,-0.918818100096496559,-0.273424006071603887,-0.879904863437268703,-2.53710063850065648,-1.87378068126029484,-2.55842808215760842,-3.94002928125793739,-0.459766410385845092,-0.550703760551330301
-1.31590357930847546,0.0395690609572487487,-0.407443840224957665,1.22282289601743988,2.25997909521003892,0.271103784410962168,-1.20623606005927009,2.33335708278548326,-2.13923071190816438,1.26544545298836497,2.99612188495765608,-0.0950153697279947917,3.50869150929621831,1.3651382237529075,0.672110157404773201,1.46786681672864128,-1.00008621201269232,-0.904774744897178795,-1.47277242977754708,0.932228074432914666
-0.453508032470826439,-0.223756449456380235,-0.760408407462735414,-0.284983752350900454,-1.03719829180624346,-0.310099883074753613,-0.0420084174210939021,0.821352914326007766,-0.570777007802107716,-0.0754171101948459821,0.962074050888994448,1.83661273527281055,0.704025762837646063,0.195243168185244842,0.751421274596990374,4.32961601692492781,0.750286569994459751,-2.93018616096968554,0.284600385220450225,-1.1038158277053649
1.9601887574144814,-0.0988565668015652654,-0.340578747139854643,-0.007766285320658671,-1.03206582563501126,-1.53289609336383537,2.12825879120130423,-2.39278865859173617,0.676185105412094756,1.74492562394094608,-3.21683479401308725,3.68623658432965362,-3.27979285444351865,1.18760460815751334,2.5308493311959781,-2.82994863547222364,-1.42765766412370931,-3.73164728313385519,0.360524318775186869,-0.568907258555325757
-0.540007083975781788,0.179054002464499068,0.0528114912106662088,0.71803367152286468,0.680277241152188794,1.12242892375484771,-0.20857755970804942,0.0863897551719090273,-0.315025168037965209,1.73752370350458007,2.08620109968696577,1.14065091227580617,-0.0104947871942092617,0.195418123716243369,-1.74069420254541818,-0.544332318078174615,-0.450832340258867981,-0.427648434524105336,-0.194582638473517505,-1.63562477253149985
0.297587063914554917,-0.451333898592550908,0.621562087522366968,3.11092354769361235,0.377408763387414414,-1.80424079910016499,-1.22570136427809984,0.000356632679014540297,1.29856632990755783,-0.57314912477528912,1.28785652823054009,2.55121233390328239,-1.33909351005894517,0.788211654654826122,-1.25538871547282316,-2.94530701268640538,1.98816706749317085,-0.136223994741562715,0.532993987642398359,0.137200940697980028
-2.17685667249891335,-0.122869093592032755,1.49717459909208306,-0.0251408860533611812,1.19096901130140775,2.70769039614940965,-1.82279645152151537,-0.000743937647901681161,-0.487130469931861154,0.095777048471736792,0.61251342202644754,1.32599144987224404,3.48150866608946563,-0.262733162269296161,1.87204060062791644,2.80476030033028412,3.46767205616863317,3.94622512800136249,1.68151413851244991,2.36191515486962356
1.28831632047968458,0.195933015725612225,-0.781934904382016183,-1.0093404294114301,-0.218409805273538593,-0.203026720184060344,1.5768675806133241,3.3824712167982276,2.05756187622408016,1.71813258273066105,-1.66833631979884989,0.732461140137773969,-0.335227686445573214,-0.174140364479832277,-1.7269655930681842,0.250626360526318204,2.71509522826821392,0.932460753803903808,-0.300070776577979093,-2.57961255501378783
2.47106090616420371,-1.27588261848938145,-0.0784875687567663932,0.816156852566349955,0.82383846733517585,0.0735671543778148446,1.89093096984042641,1.41486303848108275,0.548439608573211945,-1.03792174727950592,-1.84464398844342559,-1.99847840343516348,0.235225226828372991,0.837834005025439588,-1.30281371161770809,1.61349419822417661,-2.41222764166669945,-8.81614167499772705,1.42570014262246381,-1.86687362933544732
0.206571212642062213,-0.440931934768280909,-1.01647889530983648,-3.50181958545768346,0.763219350342344338,-1.1743499959575272,-2.73746958110759531,3.8200483122234572,0.576546142674975615,0.295955296523666422,-1.82964115296085272,2.85608421705738191,1.46184467994228595,-0.270531548224202389,-0.393462378871475282,3.77602753913227529,-2.82938121629792949,3.28452621867892081,-0.670844083725692597,-0.691767606009757619
0.511443758776793378,-0.362492701532114048,0.750940713582043617,1.43423442135079959,0.752550466446527344,-0.504867214072497461,1.02434085447412504,1.58341932759663395,-1.26952565797270256,1.0021262810989886,-1.59304688002410133,1.39290764036991743,2.71908594242747181,-0.968410323214218494,0.0034962341029054966,0.3575754915038864,-1.92039038381345839,-1.97485894017512131,1.65201267694780052,1.37744173222934618
0.705391777751319227,1.41470040500595462,-1.43118573853047959,-1.87190131113627811,-2.5333559615061203,-0.216620549048162359,1.14256106750462472,0.415058025050203838,1.21910771169338084,-0.926481532405050823,0.562184851272773844,1.7295894773437499,-1.89957873892906126,-0.0363291954838113676,0.367178230357034674,1.60561002015153953,2.91576831934220371,-3.80226558593774344,-0.971427522266193999,-2.33280274398220744
-1.24141185434869805,-0.15066559687675346,1.00115750282590965,-0.86391981012254615,0.480674717943703256,1.65796891012938685,-2.03302804970030149,-0.900753905235882169,-2.92961539143044281,-1.5843345874152428,-4.34530670205962455,-0.518850317599601096,2.58649084960247544,1.49351819492281201,0.504144289585692462,-1.80997538752008102,1.83063723353627905,1.04196772183588693,1.57558903489068558,2.24678094900446457
1.57056422561589981,0.190170035329577602,1.53607357945735123,-1.84253080888694143,1.9135321765233857,-1.25040400369037985,0.894482233512343128,1.39306134137742266,0.925962581713775656,-0.12523941576738673,3.07358075502612138,0.716841019216038045,0.671959120531169463,-0.129430299425084022,-0.790278878768728821,-2.35769352530081022,4.08120108841252094,-3.89106809619426919,1.55556519183751862,0.710384615055656421
-1.86176817903502534,0.185290260946590013,-0.982413400705812956,1.44668825382106458,-2.27482102994482283,1.23957710332491944,-1.34487495638217402,2.02096930773606687,0.483529636275759456,-0.666654002515229105,-0.464316139018219776,-1.26272415438232022,1.53873312349567359,-0.957820901717860163,5.00125255636950961,6.73973124383069511,0.194551901503212915,2.24632106968467049,0.498759802763827587,1.90662477652888707
1.02635414776815592,0.0186083385229431665,-0.0715219908711081792,0.612494943554509952,0.80558827543876188,0.583769063418086986,-0.0667150142849344124,-1.36110377642726266,-3.70920393232632772,-3.21657648417651254,0.245702695521660353,2.05976830072203265,1.36655545352034324,0.406665553008918879,-1.12234289829789824,2.05438546909737729,0.230564293474893628,0.755614736791982766,0.584179568858064435,1.04697878632739361
-1.92523622991620358,1.65858194019923921,0.180716969425614882,0.981208379490196014,-0.660145330452563184,0.189522992818107666,-1.03976505106183392,-4.54193509431407527,0.852249015614209293,2.54625337904896076,-3.04378338502378165,-1.38636936271510836,-3.40397542781847839,-0.790667867251749534,2.89423321654594323,-3.39760654818014762,-0.565442678931577403,0.762413928623736248,1.61494292865196853,1.02502227143800506
0.501854288245803914,0.0657301946140261828,-0.271146612482559335,-2.20252971654860019,-1.39056044416955404,-0.334390889164557559,2.71985532319996093,1.87556669720900659,-0.00211346065952595745,-1.51415062119316968,-1.50495647102673735,2.76199893282297548,-0.249510455039344603,0.312062353973639406,1.67570738500273575,-2.08240682385338483,-2.17584763475767984,-3.75720306947859628,-1.08109768345319091,-3.14402380569735396
-0.240771333490673534,0.584536122082132792,-1.43436903847651509,0.0831058149794860618,-2.26569589174709396,0.827319949837343471,-0.00674517380853666398,-0.885341007552419512,0.333489166946769444,-1.30419953599439653,-1.55337340785730027,-3.70681220764331254,-0.461055024791676538,0.576863788495122654,-3.82301960706376898,-2.34357448973421478,-7.92713412289360342,-1.68054468827979564,-0.3025677917582138,2.31279466855151394
0.25523797742197446,-0.639634181872327345,0.526467185031523788,1.89171947867514878,0.0340518988750661,2.1425707353372605,0.774478904584211314,0.261218643454056987,-2.72018687607195453,-0.832410836411453081,1.79489146211650241,1.93517360030425856,4.01822715896308136,1.15951267997947727,0.0302928799605075051,5.03189757589818143,-0.329868375967408978,-0.0675246184648249093,0.638900363070810662,-0.279487949328670715
-0.224028284149685231,0.631170667489825754,-1.31855120398870529,-1.59262393001136005,-0.60134489227157073,0.97273181202455572,0.536618228800022079,0.991341322492247157,1.43091493958991323,1.85698610762152438,-1.68091282722281821,-2.00949024281810251,-0.669794846435007862,0.617071832522371855,-1.39401311224421343,-2.12787170967952655,-1.06128857792387987,0.792468386523169199,-0.349136998155623546,0.103130766684391195
0.129095988024107988,0.446995634785466112,-1.991884648325986,-2.86630833704687005,-1.25727183039094248,0.59548356357468657,1.2664300917266389,0.180951937513707417,0.600906161707546183,0.169050617394947367,1.29615118197512036,-1.55477521029363985,-3.82195259625887074,0.0727269541223904969,1.48711462380334414,-0.582730487556973431,0.736770124174416341,-1.71113024272529679,1.64893217270422054,0.708305551346964934
1.88999444991693055,-0.0322325825047202197,-1.28519239945312802,1.62305768302271503,0.356789808300373379,0.0611185436139067423,1.77636992980855912,0.092579922570219006,-0.368733244525509485,-2.75745508913923665,-1.72083754974966618,1.36364777424473926,0.187592496313448903,-1.7901369515964265,-1.95884361613059088,3.89293033447956827,0.0518995771917522275,-2.63722732228464407,-1.51121126277857765,0.228372008796055348
0.890861392840481936,0.854274892268310104,-1.23612682702852283,2.35449207153978213,0.0513640349451664133,-1.36616392335679215,0.835563808026016819,1.50962225255671734,-1.12832558996621146,-0.201613525919112385,-1.80188374186465272,-3.29512314897660863,-0.535265399123664776,0.0397181356397223045,-1.57399178138240803,-2.28249229568984946,-5.54704967872389432,-1.23687600087854355,-0.339772025523613186,-0.168962163777757163
0.364060087393334342,-0.409637424162236807,-1.67975623662894802,0.239387702655378065,1.74028552116256474,-0.224350223144131417,0.381391998535543841,2.11978342774750939,0.236496206798314512,-0.388911087179575565,0.234457363192308837,-0.700001649895592548,-0.336133101342687979,-0.533853626930500424,-1.15779333009992147,1.42240965303244238,-0.726565947141296298,-0.443411525454949329,-1.40697094999871464,-1.4440622276965398
2.92930912096234808,0.716837843642205041,0.75787180767871376,-2.34526805168372876,-0.913094073213642221,-1.13527156992406164,0.695393921312496333,1.83438296818678359,-0.514432723311082696,1.76185843367733019,-0.682479884312442886,1.39177952390077264,1.53252196807292296,0.414837082476033014,-0.378675103821918213,-2.3207040664281724,-0.0796302801713094227,-5.57574571564726984,-1.38491090815194084,-3.18525861863248405
-5.01564046310243317,-0.663328777399529557,-0.6504005454960049,1.65723795036362209,1.74813878748045326,3.93465334013399781,-3.12684570830269015,3.24028929740489824,0.449257474842900462,-0.933168541215310898,1.92785315658159284,1.05317351583112506,5.99387821712418933,-0.228764705446314137,3.38527294128271583,7.2308902641850592,-0.13949499395384074,9.77405185935499254,1.13131462604615129,5.29206940060431652
1.92709501053250265,0.806066416726349266,-0.971271400393839413,1.69906096540111573,0.798090674242575959,-0.464861000322309814,2.77014831970156727,0.772758300695636446,1.57614459399073414,1.93048735745866273,0.487976109226706922,-0.272734863387950555,-2.95162929033482646,-2.12218782698185082,-1.56516169652454207,-3.37587417393448952,0.623834862550186386,-3.85043847205949996,0.557055148993209515,2.49141831685859261
2.23802366693245469,1.07415059926933143,0.270289529342873591,0.904288429065970512,-2.40804332270192534,-3.31622077188578634,2.16278930026863669,-0.449704380380105406,-1.8873115526372366,-0.745412487343307117,-1.9423350366937997,1.52611285167061705,-0.342247253487037717,0.14035245449380504,-3.83253117219245709,-1.13745946836191369,-2.067818323116974,-1.50651514052221369,1.32277107413559358,-2.55926242623373756
-0.734630041684407487,-0.170799372818070477,-0.453745845145348048,-0.618220083912211171,-0.0766279444717470754,1.13967913971982093,-1.45380983661692387,1.29507366844176275,1.17799139473631809,-0.182604659178898954,-0.375567125869503027,-2.42337328304266597,-1.53103853110965793,0.808353301904663146,2.63619080964863528,-0.73912454312989484,2.44453749606753545,-0.668076098125546136,0.933013574982692995,1.44012195939136256
-1.74659167572292984,0.447451119963158617,0.752560374559833822,0.734154098243096631,1.05146530799870042,0.090684690788962366,-1.64586935596926387,2.06354973311728562,1.39861850402703047,1.07157230853244068,-2.96850639184910481,0.140651463144302685,1.32349817067836062,-0.669318446929628941,1.29877163282748698,1.5095411250079771,-3.18578850416344483,1.83937051708666766,0.542192574960649654,-0.112058862237787826
2.76333691450132735,-0.53689774183826966,0.650909946248917959,-0.655209885913247914,-0.856373473522340389,-1.58709270069932007,-0.0373414047990151751,-1.35700471077854057,-0.748781361393795586,0.26614909257062952,-1.61947765216207928,-1.17887352926662592,-1.54444869030190057,-0.879235550650702247,-0.448263767324545703,-2.43469532105269648,0.686216580382107089,1.94817007593684011,1.10354234607527624,-0.563362401531599444
0.378733998186955079,1.87656127568296593,-0.240998911281658706,1.4559858109128907,-0.777304570575537368,-1.29579883283559938,0.237659387418215157,0.469977693162994647,0.343689990996391526,-1.26817231551595921,1.34276807784159113,0.502642434764477786,-1.67966657911657213,0.361760124831527752,-2.49944876991160791,-4.96656491984820914,1.63871948265124567,0.0131791992535278801,0.235708514831127591,1.87228179802667993
0.121876603688429022,1.17175440205619297,-0.890418079464779577,0.481873132102576318,-0.953406432940155146,0.451725057965851051,-0.0613804825250735819,-2.91391236463648484,-4.08436109612926401,2.57074112683360978,-1.265031436070712,1.45117707143489216,0.716321451536109932,1.35343390682579301,0.218135348482409314,2.97581420929391705,0.280081454658428042,-1.99810615098261679,2.12902302898843798,1.5592192185476188
-4.05656270117658568,-1.13899059970913852,0.433431397956106079,1.59764146640636162,1.0609810604168719,5.16571743213554324,-1.47935357756015629,0.121956191262210328,0.99858873867873954,0.634562574048283867,-0.815093977267236869,0.81914752055969553,3.78300336773655932,-0.469153765540211376,1.28858920643825736,5.34985457037034795,0.0103821043879102227,6.49540088410212313,0.278224327064280463,1.48752515220921322
-1.10411299036232347,0.85587392594657552,-1.85504040525175351,-0.0841446461833919579,1.33221808103304129,-0.620207218504552293,-2.40845455639571826,-1.62913375006641425,-0.399467270086667603,0.681237132236739318,-1.74483219330948414,-5.38822792612610968,-2.94100954620877175,-0.822073514741127886,2.17932237673397688,-6.02958618643280087,-0.712818097567743947,2.4278293112565823,-0.180604017061138516,-0.392283451001801786
3.45883892224164535,1.01149277589478448,-0.854680666481653195,-1.07317390153037695,-0.00216204196142749964,-2.12937376793816702,2.33647661741331758,3.88326439858688532,1.91981776284859906,0.475230459315344245,1.64974349233774187,0.352525745062713003,-0.871312662225162238,-0.151709841391858502,-1.09270708958174367,-2.02768737189040937,-2.92962003071064903,-5.15389045197102824,1.5580290763106277,-0.785621488494343434
0.907956703600654502,1.29250165670821504,-0.881335161416129442,0.586558905396546315,1.11745577745229063,-0.503093897491618369,-0.260812854745555434,-0.105216345546153695,-0.314931091792173268,2.66688488954535607,-0.338850782554871721,-0.463668310819003837,-1.36536143267146293,1.72848180710582167,-1.748264601894159,-3.16768109855017777,-1.6164715481236136,2.54216386197316124,-0.495624470607344991,-0.114363094254780764
1.84780537094768382,0.482509122358346421,-0.266160659328025684,0.245173316236169142,-1.20569898664271946,-1.36928852608321661,-0.219804805217576366,0.66824558432335146,-1.09224401936343818,2.10903597053004477,2.89882926222605652,-0.410190540513334201,-0.342890569074086382,0.215292693356091108,-2.00784059265343151,-1.17896785397634107,1.65269461279511209,0.948167010257441212,-1.43493937287263251,-1.28932733563569868
-1.76149383153865235,-1.05759718005903247,0.638646377693063427,-0.305532394008229347,-0.115109122526520863,1.15066941771578835,0.44222563926271391,0.697271793070474266,0.558464903398592227,0.716613664535113881,-1.4632511810970763,-0.0537557875783367736,1.40028879381619653,-0.865777942342321194,0.327856150214739628,1.66181739925479666,0.794411708833382524,-1.27960736439820333,-0.102715544715836646,0.881172177320484806
-0.0553216689946190235,-0.352705386043518143,-1.18461031359522373,0.877183369596973406,-0.489721592267184425,-0.756233754049500217,-0.184991191564834984,0.0538927318100575689,-1.12191725770720319,0.51214605979262795,-0.0148045078033207968,0.490251533724366584,-3.16191530952078725,-2.18191000626562692,2.33069894794645105,-1.54899653938898885,1.48699108007957959,1.86114477996841621,1.7705554450597123,-1.2651188308761383
1.3919781272078986,0.395055039591975854,-0.200987068778890915,0.499820417003019379,-2.03156688701765775,-2.43164682530922072,2.08006238916489128,3.02125261949829715,1.4881387047471033,-1.03195062521771952,-2.34598596873967047,1.10433886377946022,-0.565879020064372185,-0.889738380596026501,1.76816865168415061,-0.572257027158909248,-2.67060091018973589,-4.19383974396052306,0.522910626139957091,0.0391729030768736136
-4.50712548111112365,2.36568763958890704,-0.0490647930453807363,-1.21134884727020253,-0.253449976276495736,3.32621282369235605,-1.79525717414932573,-1.94056086652092041,0.366713698183884551,2.54770991935032143,-0.811588383063563623,-5.30106088996818947,1.84460607892422535,-1.5517049408111192,2.34740061606905126,1.99289628652645034,1.59398369282064989,10.0706769277107746,-0.724457074728344086,2.83098275209926031
-1.33427221204419788,-0.749094385396558149,0.694701714810496473,-0.343182847319803142,0.618861873016483988,0.0356816830964129181,-1.30850463725233301,-1.87333824055506892,0.16845466697663472,-0.215296242467045373,-0.968173046321961328,-2.62537747359478546,-1.0607236050799782,1.20347322682914681,0.925521050389650157,-2.11983857046052648,-0.181987109301813971,-1.58128762991545613,-0.0660739881500143067,-0.31396126133687613
2.24396590382071714,-0.825290677464680211,0.335754242027614891,2.95343009940054868,1.57952771917962242,0.0434223570709326503,1.34769261853737965,0.683271278623647116,0.363729870966103541,-0.606628766835069944,2.36485695679199459,2.73044806550157038,0.362291356703367928,1.66797827304975788,-2.29873613727379844,1.3347048451136625,1.16969114829412546,-0.766231703481012438,1.47014103565306287,0.186989982897439899
2.58465242587904864,-1.84333478368859072,0.0453887399023095439,-3.1789206917644397,0.947923738412593142,-1.65372509327580097,0.733317150142200225,-0.394392305632634388,0.863988382703192115,0.565137505900057846,0.861886381311690708,-0.297694358903800471,-0.227772763446370291,0.357588046343915056,-1.95076590447441389,-1.36174859082870769,0.460186721964121193,-4.13773203091384989,-1.36462913332074542,-0.779879589074869317
-1.09137786692342553,-0.266172206429281966,-0.997936592976383596,0.64998766413963005,0.0488922050003436012,0.833600475832176002,-2.58021882253171908,1.84735916981005155,0.445765195478696974,-0.19730252435459969,0.056439264335969401,-2.06186743519260718,0.500218093068735659,-2.50675163811762314,-0.354119275575667136,1.47648256804880362,-1.44977774551467276,1.55845347703467962,0.108898793945818154,2.00113826452407384
-3.11248671290833778,-0.089732308600852323,-1.43497145187084962,0.139967112393346887,1.29924012769066577,3.38008007251659892,-4.61009637625264901,-3.66255818203302885,0.292238718393704078,1.63392284554768286,0.258088038077927517,1.05360107299023253,0.498030507113020993,-0.747770899596253202,1.35973768718737142,4.1672552188054377,-2.99645624598654914,5.23831955581228481,-0.873724225714156533,-0.388492011980730301
0.160028873065717864,0.689263086914891576,1.80185770192056194,-0.648138836694570619,-1.92529556119749756,0.872175540078808709,0.634934783120769231,-1.22782099428885827,0.276688645180264259,2.73012858147422266,1.45593661291383736,0.709922728426733096,1.01721430723720019,1.41302305332277611,-0.434704422978800853,-1.68054299901739479,0.689273698401352775,1.10220595336001548,-0.834383463876823606,-1.14767033349828229
0.0174008462335554885,1.1945452314174847,-1.56464110827610958,1.52524931263585284,-1.97347573053290559,-0.847995850066816215,-2.21864713969027072,1.36277563121635392,-1.8397014349424583,0.420500302077798371,-0.663397331036096771,-4.76638036176017899,0.705176504148011585,0.911870012253185203,1.08206293889501826,1.2487754815143628,-0.183824316001072269,0.0325075599643864094,1.39288858921346415,1.71370014687755212
-1.67497208511037909,-1.41226338133786378,0.65725544123341062,0.506418496761264714,0.564283301965029183,2.6950801790974217,-0.741866027969420028,1.42149420844282615,1.2335486572837755,-2.08784798280778938,-2.17399541229481441,0.448152843152139102,3.45204215412028104,1.22657710293129973,1.58726038237504774,3.73122901087115721,-0.908047179649477121,3.56870038497725695,-0.995697665084693928,3.3922672325758958
-1.1426402658796746,0.148070700882682788,1.82605321313360558,0.111366215786108794,3.54023076686236049,2.57134664641729538,1.25959658623446225,2.41330537161066738,-2.21024880796612733,0.454202424085044965,3.3105635311652053,-0.97683295729114139,5.41104223249893224,-0.785155251402775534,-0.719342186860110755,5.12305991651182602,2.34189244185312351,-1.10328482342406042,0.233111736111834639,1.16048207979449103
-1.1626991397404276,2.15493859166054458,-1.29446722744071785,0.0481088713894408868,2.57465649592415735,1.9684657636502314,-1.78724181316753494,-0.321092503508571825,-0.210066237780646758,1.42575306250796841,-1.07813378330485232,-0.51508648454949002,0.612604353717411843,0.00699946152644174112,0.96562116799351172,3.2100276482000023,-0.803875832800352463,2.1233254706590543,1.06756119282474637,5.11760101235335352
0.434929108462911773,-0.252923241675255761,1.10772025677387531,2.07769026639562027,-1.74613119306989328,-1.23168594362849637,-0.59455110098571573,-0.269726576455802558,-0.423598541334934409,-0.957544783890672102,-2.66471010401825081,-3.52070141340465526,0.720049105016490554,0.0242204493033685991,2.41234865955408972,1.03560679639762321,5.67180532035439722,3.15657399796693605,0.268350318288802459,-3.4442455614145655
-0.622865657778999493,0.302407319967462396,-2.56437467519453355,1.00282184852596123,1.45398595599939884,0.230004964632363973,1.49168896305882126,0.716198725911055711,1.38495435978836778,0.837710053410676059,-1.69653248637179854,1.09929782308302793,-3.4291091748565008,-0.694716769613659801,0.21732574067429572,-0.91751886814136896,-1.94907112370534197,-0.269429749139619812,1.34392303041511485,0.869384427982968333
0.0113820718834580486,-2.21693115527833795,-0.0104172532954934956,2.13310410319418109,2.28510579923422164,-0.474975737092559747,-1.31517633261684219,-2.12147319481534691,0.189209780556277046,-0.0776439534840738937,-0.741982454084936016,1.80808134355586358,-1.68844435947135452,2.74234873339787066,-0.962636929271950659,-4.35114832855024236,-0.537019725346062904,2.89199761424083546,-0.781765275698575124,-0.0683292303366934833
-2.30109730976970139,-0.427296755347247537,-0.450477243998933408,0.818945350642648617,-2.18124619272863018,1.53596836267690406,-1.49403331195133759,-0.128976936260407044,-0.286073478422697869,-3.26390717751515469,0.231956777833366434,0.755919227625681756,-0.610089111502791104,1.10193307516283445,3.14483280099690488,1.17573284324862093,-1.87053158250824691,3.29764340188061178,1.00862532463588717,1.90558691975172323
1.82612834883691577,1.17021263305305134,-0.241024453727561649,-1.42802069253291086,1.68390679557096723,-1.7127633438644938,1.5614160074785024,0.58495290763637664,0.759783885715928475,0.846476951665158128,-1.53307227543222013,-0.421643702876864424,-1.58757576669480205,2.03404693550237026,-2.7693344829760389,-0.252601904584252301,0.145613455839828182,-6.04376656001168477,1.01236154469444961,-2.92846324745400155
1.23970275052089995,-1.17282793262811658,1.25863553798680905,2.616165232510542,0.234123114364907403,-0.702951349044303342,0.394320826511991795,0.983620613788854126,0.528057982954592831,-0.209900984229567961,1.69763649498182478,5.28386548950859058,2.63614070888702878,0.459698784351149137,-0.544113084783217404,2.94707006819727146,4.93336634859146006,1.19441145821326145,-0.79327779340272786,-2.83566817717920827
1.10408271430286775,-0.717206594534319009,-1.04660448145836193,-2.41325798977817074,1.59239462236202445,0.113447561436624475,-0.13497524866231983,-0.141976638606364447,-1.34946533110458122,-0.245370699629922834,0.464127348869001755,-1.14863390397717713,0.391643642070243825,-1.13488557112445498,-0.553168898132832654,-0.0652401040831972201,-0.480613289142464262,0.734629717531277482,-1.81384462320754691,0.588694824463224631
-0.606986055793779733,-1.28112794677671182,-0.431187567010749173,0.0654534604831021605,-1.16633614550357989,0.117250077925253368,-0.839449864821224412,0.735849335916992753,-0.877325906184784232,0.0341701954335663152,-1.43518524796369951,2.41952097258046317,1.99395425326367559,-1.39523806901220859,-0.363714389654643977,2.80272405194774787,-1.25533621909316118,-3.34441474013203655,-1.42468630549578323,-0.704383819156473301
-2.15480736283717134,-1.73389860237799964,-0.916836184708207935,-1.3375717641444671,3.44767221249844402,1.94249325711742782,-0.903984368789374271,4.26580030107038777,-0.218783216120586238,-1.42373187430515413,0.134222895029983608,-0.666832774855674604,2.06972319033808549,0.198835219569048233,-0.515353802428271335,0.516694945606995359,-2.59492796551692217,6.4381406896776312,-1.56257046595702653,0.490659492557364407
0.982023806858303372,-1.33812795853083744,1.32533440960029392,0.00523403855313357962,0.56161188883344193,-0.779029026160347526,2.02896901214924474,1.21263848758278514,0.688169174754461155,-0.866906885833633511,-0.357513042332732234,1.01967054195047058,1.39484382286730901,1.35935880438552514,1.50328449031100475,-0.573212082569425907,-0.366371680888557205,-0.0738569577769428443,1.18812744144835869,-1.75472728818520229
2.14053189409818945,-0.836721931493597748,0.409071623484500546,0.753421701258349064,-0.463325056322902662,-0.41183429433604124,-0.292460914525518645,-0.113024874399646466,-0.000978895609145208042,-4.0579017798496988,-1.40224690137307895,-0.66496439280081221,0.348817100505063982,2.21829528313345481,-0.816025809800190571,0.879734494077311191,-1.34257344149050728,-1.64526702149328252,1.95374417685017066,-0.602605794269451378
0.436186266932333144,-0.535403946756983995,0.422254951232545639,1.76202586788515392,-2.81319439159990603,-1.23460215187557543,1.73995303440499138,1.91338338461469193,-0.0355002551946329362,1.43104512808971518,-1.69424861210163913,-2.10656800096001051,-0.682393044725866371,0.528049815924727106,-0.556063335004413073,-2.91234533218230274,1.46953272748398134,-1.03425859462872083,-0.40778361580266842,-0.853087500361562001
2.54692204533583366,1.04057081885357317,-1.90884741696839377,3.97768144933113055,-2.25330602564044291,-2.66207116161532742,0.247762739272663457,-0.579095103896609453,-0.224566960018626,0.175559175850880017,0.428072280543450423,-0.118992802455403862,-3.20906869910283188,1.27983734524555315,-2.69784840326390274,-3.6777864960098543,-0.327591993059955566,-0.433811798814045912,1.76662120135859535,-1.52880513954430342
-1.3265018267755273,0.579581602443641097,-0.178762561125211744,-2.95984931511876193,-2.28364500302309503,0.303610277509176629,-0.0519814592133894249,0.382937750608295602,-0.167354866534876939,0.413936128929504266,-1.16472093277439015,0.0616959919566451784,0.417382819077035561,-1.47511750137051956,0.100268442410487754,-0.085873989194801173,-1.61336865711896404,1.79326414372149157,-0.745607572969345322,1.60719374689662109
-0.829387879438750586,1.48254122903113239,-0.349670482460205378,-1.48928728162565904,0.280613162849054187,-0.341329296238947089,0.199767675653151844,3.12258711231466135,-0.429240508856124692,-0.372795576229333736,-0.736884243391572769,1.33108361842393141,1.83071958954511627,-0.220616568441975025,2.46635019767753461,3.26747518207846044,2.2840960843482967,4.34461459696247054,-0.935700497303851964,-2.56957384528855348
0.581760048693585774,1.27329798400277272,-1.22273435125643593,2.66603724762651817,1.75247808889081069,-1.90830260932509987,0.548020262153986804,2.01784325804626707,3.77761065590353118,-1.4336419921358019,-0.164753345197069911,-1.09791297156463741,-3.9187994204309673,-0.240408706630616226,1.13030611646091006,-7.37735154664902737,-3.60257697631566254,-0.155632476436356415,2.05664883402512855,0.642195261214461688
-1.75850163272212878,0.396198036543177257,-0.432442789729058641,-1.37014449163236574,-0.860468125396630756,0.542697415178715281,-0.954672633410046934,3.0721155098920625,0.247564728398713824,-0.251920482512678401,-0.416998033283127678,-0.683174796720727673,1.95593947784181532,-1.29153465568804449,1.15450138033594829,5.20812159118431062,-0.814349628709593154,3.37017350435847796,-1.28272488699476295,-0.812219838588954191
1.6740003367475047,0.228558992458039123,0.443554952934200941,-1.26833901854418851,0.948698259156371737,-1.82845106808611413,0.548413323804789243,2.07559719258789288,-1.16813695757843306,-1.15872475262881025,-0.0634635224811323923,-1.63170418964470421,1.16245130593208756,-0.706793440335535483,-1.52299686330574824,0.584855569596136271,-1.12881541663183804,0.514782774609358618,-0.400749871330935259,-2.23740421464404848
3.28648942874081307,-0.643175558452028451,0.389593639165979111,-0.0567856019764540546,-2.83156661259601483,-3.26207177152190964,0.75402579931635727,0.286856736040008165,0.694747154257062127,-2.19251412784062483,-0.424307244222976221,3.16461603407794456,-3.67015562698726372,-1.34405964119898402,-3.96972089550799323,-0.442475137814297981,-0.332555907002481554,-4.34520935125606211,-1.67424419819133186,-1.74952667482627744
-0.450039479606747672,-0.557335522256199756,0.0621627514735085679,0.36767379139033457,0.673916655654202224,0.680803664224739702,-0.758665879125978382,4.64768298617731723,-0.904333655897389455,-0.134758726722360722,0.389180189152227074,2.63073107715053389,4.36668591561009034,0.00867457246910729486,2.27730971607848254,6.99468957757819609,1.24380122587670527,-1.95146049945795164,1.11629910823865353,1.20418050716180547
-1.50514977593543109,-0.513685838271295436,1.77680452020595503,0.662886099272053109,-1.32872019855992751,1.12038048884885644,-0.148918665778562082,-1.38586550122076746,0.632080158781627488,0.0913563822875436693,-0.803081263755611618,-1.37593045757314436,1.24076825409552471,1.750857292617227,-2.24046812929281769,-0.474038878958011278,2.58441489281792558,-0.192986116124909041,-1.49031022303758176,0.0152125354065983636
3.00249275057013199,1.27971652098529542,0.678763161681579019,1.25086172326278988,1.64907469995589584,-2.18534645684618933,1.83779862487614398,-0.813485959347302168,-0.0544087427139875388,1.44464847261657336,1.06187741541401182,4.85672194499580279,-1.32159521295913018,0.047816063374712052,-3.04681108819278812,2.27518381399205039,2.63934649711944758,-3.6008758089589783,0.423814658420426593,-0.723427623664166353
1.21881820798153151,-0.12998385769090437,-0.834684994507304712,1.21707765954950453,-0.40070749561517266,-0.924601254835923037,-0.388002225556501712,-1.24073480438354355,-1.7631292695125278,0.358451919122326323,-1.82116956931959928,-3.44069523626621798,0.0648180988494240079,-0.556007300807352611,-0.109565789607939945,-1.13429553382114801,-0.140098399148952668,0.757803368652941844,-2.05681420056051278,-1.22951038480607888
-0.0988521344023766402,1.21326711131309994,0.495938547752191761,-0.884293879860993726,0.431110879201160535,-0.380751970276770269,-2.78312245624924204,-0.624348254418606863,-0.047788550490987021,-0.121252019637643219,0.157688665480770263,4.00589500317988723,0.864870745310391653,1.43190403131310706,1.86719994649887577,-1.88625474931172032,1.43106400597811056,3.54244187053569215,-0.71648617973196016,0.151174896715885576
-2.00824081603700844,-1.97115052350974418,0.761519908210567587,0.661092529860421552,0.20163564019007682,2.5284510859997158,-0.348185975094061184,0.103058779534802317,-1.10741776569556416,0.0300337881090719273,-2.10709628140801231,-0.661241576603480041,4.9436144653205405,1.03993664484335135,3.30146048216480237,4.48783012392850011,1.58966111936627708,3.64206216431994223,0.252700290811259221,2.00514858127673934
3.40561047246349746,-0.0578337245859534346,1.19710450192862883,0.467798924263018445,0.475576447469483854,-2.15795250960381413,2.68459816692341846,0.534037271187928431,0.581574358175465655,-1.21103438101626182,-0.463877397363531452,1.68884720209587735,-2.07613279098046277,2.72541746444939914,-1.72161973963572246,-1.36469073104254934,2.96324971839709006,0.129567480928803352,-0.559220653221726316,-2.24786555070483773
-0.804538939979650758,-1.25114130912228827,1.56323077370993202,-0.566063313136781265,1.75145951793291998,0.822559383958034407,-1.04847476895514169,0.935079871140336416,0.72628653090819062,0.106719943354638039,0.238002313619976952,1.54957703312695649,0.252199240497781807,1.28878052109828523,-2.53172360797580787,-0.251267264451597971,1.06935659088288437,2.72601901439232464,-1.55096939578949655,0.385541721674335425
1.05076995875877799,-1.83752180017682587,0.421908506107209202,0.738198241289933055,-0.33175012293508982,-1.02684206790729737,-0.0208137570398160658,0.683212709980702715,2.74705791403322941,0.579245163018206832,0.447992501421591027,-0.129418205134756409,-3.23723062205838374,0.0250770673515193186,0.0573436250871679695,1.45541112866224065,-0.0823197180481941709,1.50623604426817415,-0.612237515692631962,1.19680551364082755
1.15158657335619896,-0.144207256884803348,-0.355867149316723252,0.912761057047904223,0.737880730829342801,1.05621446784537287,1.38102240993955405,1.2127612840130011,-0.271389845024583798,-0.329269041158908815,-0.551090276480134422,-1.13807394920870686,3.06902581569361033,-1.33597882365784493,0.78464790657487149,2.66183686861067104,0.508063641956061018,-1.63210533393643198,0.283840257022076714,-3.38204572181553731
-0.189802396007267948,-0.308445925665837617,-0.814157163198600875,0.0496928724547510484,-1.07024248043644832,-0.21206786362257482,-1.23874786349903654,1.48950718427543949,-0.740705095717368422,-0.473453518874799528,2.3476138386387575,-2.3126039656123889,1.23587165328771276,0.216050602896466271,0.416532877982225325,-0.270781189435919445,-0.611189822157616747,1.68154718668544256,1.19754504800291017,0.116858925266721633
