0.205948596802594,1.44268972440274,-0.601812994702625,0.125349440769375,0.355076115932949,-0.796260195991606,-0.800025560972211,0.570582169254305,-0.574885576071974
0.1051065146446,-0.366821967254863,-0.462161757586886,0.382186577535176,0.191533932806242,0.338476913508904,0.302376709016004,-1.39750523198415,0.488865073773399
0.287673420797383,-0.408275440745395,-0.381367929138478,0.203505756050109,3.32392761563746,-0.261169709706142,-2.59763131331512,-1.56996248386848,3.55442151974354
0.408394615249576,0.29697162493922,0.167623278214063,0.977245286750471,2.20741213829734,0.0800533290308237,-0.959570208932684,-0.794057037551406,1.04214425123473
0.44197493683383,0.145221715678778,-0.149154821323416,-0.713120537215189,-0.528670132273072,-0.753776795460351,-0.0253024700446992,1.28027742204203,-0.788632077955094
0.0504194588042299,0.650459854090602,-0.467293548782136,-0.349395953393619,-0.149491500004759,-1.51893866438536,-0.999174654766472,2.41110948482253,-1.7344887158747
-0.666370587421149,0.111275327715217,0.247467946907515,-0.760506052443398,3.06174773779357,-0.296180838467319,-3.64379013834048,0.106820001489516,2.85016577565836
-0.19822099016209,0.594019522371878,-0.801811702575127,0.515346713919431,1.16565493454346,-0.00381900972232985,-0.816185986070884,-0.990823175573368,0.356245603310594
0.609258816770383,-0.212665659397273,0.642571680366,-1.62919646858364,3.28997059739659,-0.646725816614765,-4.95849984143023,-0.145652435894693,4.26630304529952
0.467443634086161,2.09924346738567,-0.742127744349745,-2.37830325457512,0.423108635108524,-1.18921916167983,-1.05824822750505,-1.58348458702245,-0.238427144709066
0.104617332181533,-0.632700548727233,0.70434368924563,0.595979628713634,-2.43413845533879,1.16451016540767,3.09050342987917,-0.358385551450711,-3.2752607375786
-1.14147602191342,0.092633577462137,0.0686391935788843,-0.093095508425677,-0.196903228020168,-0.395788841037735,1.49287250610729,0.642749457977627,-3.31485940688951
-0.790995064545708,0.950813916065571,-0.737304468058294,-0.536438204821607,2.20619961624269,-0.708745968032687,-0.972455850591939,-0.473690904621948,-1.0982858281308
-0.294968945170767,0.852489585815991,-0.298526797626579,-0.997803493460795,-3.23218086717773,0.0321159398292892,1.96885729796685,0.495844299317176,-2.15463784763955
0.165796924844875,0.717737989806942,-0.152083290919033,-0.809762484431319,-2.67227482746541,-0.893683394821266,0.0882194369652543,1.54709613953633,-1.76094429864728
-0.265109710381709,-0.71404610089983,0.895224888478157,-0.787702486672118,0.756207348913105,-0.652173822933152,-0.822442314533002,2.3147467433778,-0.534716906432891
0.447090861514721,1.34887446422871,-1.24771486411925,0.664210474273149,1.75558634959231,-0.370086187503963,-2.01934794916823,-0.849537888780985,3.00401002015636
-0.0922067297627207,0.904315276896603,0.632083376731208,0.296102658103829,-0.176462272189707,0.027987039295554,-1.12331781934709,0.62724852192059,0.95807945517531
-1.40572530921784,-1.35109556254603,1.04088691805939,0.00733176575174985,-1.70915105767805,0.524054609938788,1.68706111293628,1.82665171447503,-2.52814997527346
-0.36601275781206,-0.183538608419998,-0.101939306243403,-0.735803714307921,-1.31271691941955,-0.475928099849991,0.264293137177813,0.821182649174759,-1.46791793185418
0.767226158610687,-0.840179231249306,1.48861457515735,0.509998434087979,0.61903751140829,1.28066066105662,-0.192726408915215,-1.95578486723467,2.06258934408232
-0.192791563144909,1.09940033735799,-0.940911140182155,0.851758033395788,3.70964981302742,0.303425356824022,-3.73470002430411,-2.45782017822971,7.30305399979227
0.0996108712323057,0.117625480819419,0.384261924353681,0.871795579332217,2.15149320670206,0.57688897197184,-0.303186261748101,-0.970457965100233,1.93556139581364
0.757386466630744,-0.546177479705342,0.259042493408079,-1.29186212766009,5.14983921622665,-0.967989053897445,-4.09145003843352,-2.76471818854632,5.19560320818953
-0.747835232478359,-1.25025660735508,0.524948809839948,0.279511121448706,3.37350858018052,0.139438779402204,-1.85974768746463,-1.4038765616364,3.38838919007489
-0.0483113737065892,-1.02207059169101,0.535716171444772,-0.46613903331401,1.75918215840221,-0.4112176909253,-1.31703447891036,0.556397982917215,0.346842551200105
-0.249252402569,0.20464147330502,-0.122435871972866,-1.3532684770822,1.13699508860756,-0.697462983822551,-3.39925364170377,0.795601980189642,1.55021078311687
-0.758147822869432,0.265994610166387,0.654474440116146,1.93603944756868,2.4463452553056,2.09928887790875,0.912879390802222,-3.71062804788383,2.31946172548065
0.652209402322679,-1.39536319705316,0.34471674843433,0.418443624531521,-0.472715078284082,0.869405823879177,1.30190066714031,-1.06778088163479,1.31752883644221
-0.175417114920484,-0.0895170325451653,0.329923484107586,-0.979093327188644,-1.02471109627914,-0.993730924280246,-2.12661567689498,1.21000579056399,1.5796253276843
0.0824707596830256,1.19517329247782,-1.4106189707897,-0.323094000823047,4.48214103056625,-1.75455130796592,-4.94025110952176,-3.28355783702409,3.22833155634005
-0.314568949453644,0.860382591347393,-0.355836045012849,-0.453118120337084,-0.145527614554348,-0.568254361876239,0.251381449245591,-1.31150460618784,0.120682459699412
0.58987500332573,0.799087918047402,0.181846974834344,0.935422599613223,-1.59834258990049,0.213341435905473,2.41762186249645,0.0108994501408047,-3.25114769065431
0.249896379715721,-1.35056032332388,0.572811997883389,0.216304425739532,-1.31537821099137,0.780103732327551,2.2254223305712,-0.559707250992112,1.06665871006202
-0.26908542075401,-1.36129441125592,0.678587015250197,-2.23487540331556,2.61149116381811,-1.02126289037247,-4.16384898269158,-1.2347387448897,3.11749563030771
-0.256014378364042,-0.176210447462039,0.611309682983672,-0.61585421887783,2.36993195718114,-0.316193365535319,-4.47577005143183,-0.10131422363491,4.13482406010695
0.231246634927532,0.343770594961105,-0.176740177168772,-0.880915993043436,-0.573557508608434,-1.00506976261365,0.21355055904288,1.25700055898204,-1.02040663961172
0.443530558291143,-0.08750535920914,-0.245901510586587,2.35708574442996,4.13669488642802,1.85022036046958,-0.886424573361352,-4.72368586837705,4.92021036963717
0.0091760909437867,-0.783312769054093,0.44689303335989,1.60829305039845,1.03840990293728,1.10827885747952,0.25743946915579,-1.95859084626026,0.345509708211087
0.259068406077478,-0.795231956502488,0.669972751415661,1.65716157339724,2.19850876618834,0.572581849685391,-0.168645885457885,-2.79941171788426,0.78833636398827
-0.391061192025933,1.68883388297395,-1.01080527485868,1.90498511242036,-3.0015880507943,0.488105707847228,3.16604144016312,0.317679646294305,-2.11074109311742
-0.613444150731314,0.237293775340563,-0.452978542489951,0.879896908335774,1.09087239161427,0.633056013769598,-0.81516499813886,-2.80057288680372,1.96993056349307
0.141007519543126,0.0641065944515606,0.604657734885662,-0.178907818192861,1.94559677391228,0.378967020818515,-0.620368917883113,-2.00833869261539,2.26318670118835
1.06161500281845,-0.484583122265436,-0.848478811320222,-0.71834208541493,-2.71542475529966,-0.884012076672629,0.316356532419641,2.52867415757284,-1.63410187583989
-0.0164382916351913,0.642521938093345,-0.959358972298264,0.233298592290698,2.88891765531803,-0.783874186500958,-1.5169428723447,-0.706739352435913,2.61082430051288
0.112937353189097,-1.40303558660568,0.802371215146699,0.278931573621326,1.09267934925494,0.292405531421915,1.73483482990905,-1.28097500638394,-0.198692970521174
0.566075069979131,0.467544410035277,0.0682740145059818,-0.946581379109856,-1.53713662444161,-0.925522230202749,-0.451630149522355,0.757356822796301,-0.190189715944838
0.170775233297749,-1.59415472155874,1.2100723038134,1.1946948873002,1.36014420151465,1.58654635078792,0.940761977832163,-1.92825449747359,0.384139417890759
-0.813020850744349,0.195741752008354,0.271689710936312,0.909642844477973,2.57816608814097,1.10148645301462,-0.290415716170045,-0.442428983869956,1.91632679879573
-0.271175274968182,-0.809605739197424,0.73615104396998,0.684880378268226,-1.30946539614786,1.21988237673593,2.39995848388864,-0.0540420486894605,-1.58815670402355
0.187899700294521,1.10685621848483,-1.04286601936993,0.29956164952091,0.790573374404172,-0.0989233655301226,0.230472909060439,-1.18672589887028,1.57802333428184
0.469971889488587,-0.258415068156094,0.673858732360757,0.973564186450766,0.955817422201597,0.69836744458581,-0.0325147317196159,-0.532360716022367,1.07628628373094
0.498943297136246,-2.64830342987275,2.17559307948067,0.471206235213594,-3.39170527190843,1.54097338413276,5.35105322312964,-0.36908337809919,-2.73586974182487
-0.288220284239411,-1.0864153647575,-0.703820022046498,-0.40256422055773,-4.18726060883702,-1.00503447997369,3.30548598190283,4.36719078465747,-5.77547975572152
1.15978466047057,-0.380776400890817,-0.102241346364579,-0.24278317765689,-2.01686283503182,-0.439809433686374,0.798207311262263,1.86819376348582,-0.0788778902312272
0.0175947532105891,0.491312538729645,0.00509051737916498,-0.199709799601776,-2.6904155840547,0.0650589233443099,1.63901926075912,1.36687859986004,-1.0296026403952
-0.530612341692168,-0.897941825456038,0.385179587652641,-1.34190550874335,2.15219358565624,-0.971725194182469,-2.98230160191961,-1.3609766755337,1.196464633678
0.254558427501175,0.397336052818333,-0.841544524293603,0.191618109081525,-1.86665101704853,0.235615510614995,1.03345710870941,0.146122534732542,-1.12856016371567
-0.726524412206399,1.38815114326779,-0.86434483514334,-0.718986940097314,2.95135045840793,-0.632640173781245,-1.68889460468694,-0.782616028847989,0.291812274392982
0.292188962620241,-1.76238105692827,2.30817488597747,0.876204447742906,-1.29501202341724,2.49202678119882,1.21653299941458,-1.13550340541922,-0.813840305946415
-0.066437482932146,-0.723783691221727,0.0265242014882848,1.35862858430563,1.86029700062811,1.55991391599276,-1.56950014224895,-1.3476242878361,4.66396707548682
0.560552927876593,2.04239246043654,-0.962226338121303,0.605295999094525,2.20901559783144,-0.65417610420693,-1.48787931520001,0.0169943779216686,0.286728910050062
0.0337291438307369,0.713294429103505,-0.883215479241432,-1.9117024183136,3.38446156271207,-2.82910059026882,-4.72589800178129,2.64672763512349,0.865825820476682
0.0350176191009338,0.408587755312899,-0.456408025170443,-0.632509526844784,-1.3254315802686,-1.24985589156815,0.288395281190236,1.15479847105605,-0.263295222132959
-0.223842216096683,-1.5838096547382,0.693575787909832,-0.528945342171272,-1.29051470994262,0.255083274320443,2.83032515340596,2.42419028135729,-2.60188817384445
-0.160498484131245,0.926190862780479,-0.071569617487587,-0.777716768644435,-3.0342246430722,0.0276804788131145,2.71203750287568,2.29117822557604,-2.24959831296822
-0.453016003870165,2.36331881307759,-1.35455611433708,-0.213789888095314,-1.4768808502409,-1.90949719237808,0.350214640034925,1.60789537468235,-2.30397649107725
-0.633959857734877,-0.417194945156579,-0.129878579078706,0.559880580713829,1.36086849479461,-0.0333609418505855,-0.0922897197241224,-0.81037051312064,1.54744376576022
-0.41242488744033,1.4132982112447,-0.855639818903684,0.112756630167759,-1.14007366449918,-0.508368687885951,0.677077730777884,0.259929555406452,-2.03968306741328
-0.0509545617800831,-0.871791882985194,0.000284096282340118,-0.427675300765954,2.72183314666936,-0.0733968369853331,-3.80599612401778,-1.33322024095223,2.41184897638393
-0.437796189724272,-0.585931824901371,0.0533873206893941,-0.418576403942806,-1.33243846880084,-0.617966020096492,-0.7098171323033,1.93002491096904,-0.887552917926416
-0.669295202020108,1.2787789335215,-0.685436693691526,-0.788180582870992,3.60605430885433,-1.33805881496562,-4.10917706139013,-1.4493535930712,2.7558501286063
-0.192582672500453,-1.16016217463142,0.223956039071471,-1.85126582683473,1.51013170574979,-1.32477341133695,-2.91038315028071,-0.260624953881786,3.32705853219933
1.17817832767395,-0.510333449459923,0.375061531953905,0.187989421312675,0.781887249431227,-0.568539755403108,-0.525205354575122,0.373896056897034,0.623294638597906
-0.0512029455829247,-0.779943842409061,0.862476275438669,0.907041827727044,3.62822851251187,1.22949011185523,-1.87208202522198,-3.72118591505728,3.33115485247562
-0.156909768066364,1.34842926204127,-1.43893832833718,0.887038792979309,-2.71063066232164,-0.257693983041631,2.27476487442052,1.0568872823801,-3.1394307443928
0.0629441109718259,-0.159181355511648,0.355897962449528,-1.42419594028576,1.60329937140449,-0.411292753315278,-3.93147385385587,-0.586127951341914,5.15375740145536
0.778816121289699,0.598028458538293,-0.766945046997536,1.36712112547627,0.718460202431156,0.234745304927764,0.610158455929832,-1.63323170775857,1.84045246578105
0.355673602057481,-1.08012597161924,0.144505595853686,0.216623867760196,2.92963882272424,0.562534468421978,-1.05849074060267,-2.35997103317032,2.40016721300927
0.213692629999982,0.730839686374347,-0.127154020061865,-2.0669762693892,-3.69450670505796,-0.955588062664347,1.12410783128311,3.80752117857029,-4.04779403160498
0.0218112325752453,-1.83499848218896,1.06343524445265,0.583121116806164,-0.843255892246148,0.705863488229278,1.83841176642197,-0.633562794571067,-2.32269630312952
-0.623648910005887,-0.0634744941746621,-0.271927392500271,-0.205620905817079,0.489030289367551,0.190669051168532,0.0233568108252078,-1.62588669018256,0.169390752046256
0.908472453853052,0.829121938032734,-0.649507361233511,2.39811818197912,0.0487390495547365,0.803695861064758,3.88908651303687,0.17552687197894,-1.66676237594514
-0.153994733100049,1.02076939536338,-0.502114027521887,-0.710412629613654,-2.13151778512741,-0.612218987372744,2.57521204052224,-0.0109857267861317,-1.05740744555897
-0.081568644541892,-2.81143622314778,1.98370504618037,-1.32975908803687,-1.39136771950203,0.769804281170307,1.61066499307065,1.39458262825436,-0.020673824230331
-0.311774105086914,0.174724074583458,-0.347052184630629,-0.491294128136073,-0.315659594306197,-0.540192434238604,-0.250948542456646,0.929913911491201,-0.426983602587846
-0.200032551815594,-1.34558331751657,1.54909072327321,0.291003256716515,-3.3594736231582,0.72436008744202,0.898422608197274,1.16340177128898,-0.458360548660871
-0.0486901557638466,-1.56487617659903,0.9373617075003,-0.410100293789,-5.89630102853726,0.451467515484263,4.33495199616557,3.18045602009518,-4.9883716926476
-1.16144845270361,-0.421076718319622,0.13357218768315,-0.930181951077379,1.15241882466482,-0.0126186759265474,-3.53041330070367,0.346383711002592,4.39155337979008
1.22737183662085,-0.230129303592287,0.467985323117385,0.416827232405397,-0.276928508823265,0.541361692476084,-0.529674182522882,0.3812886644627,0.49650056835294
0.333650458758743,0.870757007981894,-0.428224828191807,-0.160024464352855,-0.133798005757438,-0.21430458255748,-0.189598644509825,-1.86234893217177,1.68753990444864
0.137138579204588,0.0286920581410462,-0.0938125983038926,0.0484262079991473,-0.566275577119955,0.0979339190936171,-0.341286249240916,-0.419754411076218,1.21365768091874
-0.418321492350137,-1.01964764391173,-0.121793758991067,0.313402976721489,0.496738466468975,0.181640294797487,-0.639461492027697,0.754515155787341,-0.923903767241948
-0.596823835675576,0.310342848170266,-0.511310605081929,1.16024407224019,-2.29629453870649,0.282283018801449,1.42389346824861,2.69362507966102,-3.13474545618265
-0.351251807735733,-1.378605674073,-0.11793416229277,-1.33116463027128,-0.395152103191777,-2.0533725969902,-0.76239252966409,3.64552736194883,-2.10039815153715
1.65333890292244,-2.66934168660132,2.14275160509725,0.400989228252562,1.36728821350061,2.12274994842951,-2.96658123697037,-2.45641194410913,4.42047294946601
-0.283323637965874,-0.736287838653609,0.52985931388911,-1.74712371250243,2.13696262321798,-0.856156700024026,-3.30605942691269,-1.84949856671948,5.2902861854614
-0.450038289403813,0.894791035700966,-1.13357893082059,-1.02205351758278,-0.560188711750881,-1.46055411069925,0.743764378453366,3.47121290584457,-2.80394582861832
-0.0649941098580744,1.26866108064183,-0.82884904832941,0.29842257754959,-0.245019449402816,0.509772770305626,0.158403216965739,0.78427455175589,-0.15296040763265
-0.0870830558421343,-0.688516294714772,-0.152632815403369,-0.934547995395944,-2.48555069824347,-0.861378926836736,1.14975357835396,2.20818623312517,-3.98333199601416
-0.223378420064749,-1.0510973845962,0.66078513512566,0.357194377715791,-0.00729057017759329,1.76867996543853,-1.01261141703207,-0.445121428551746,3.88939094587669
0.215357493555317,0.424672079374188,0.717793675767649,0.957500303076099,-0.851900992821188,0.701858781704182,0.611013248412738,2.00914803372436,-0.498582430769475
-0.30516277409155,-0.75222849317625,0.423491264422489,0.550786901393134,2.34500814895951,0.925153710731552,-0.722045888544382,-3.56098112738118,2.35571118193701
0.367743096433396,-0.00402677807370554,0.424078576897629,-0.908865444812515,-2.26513988913512,-0.140918091834383,1.16216788078041,1.6961869662559,-1.0806925319708
-0.0762754540913899,1.58500227339811,-1.49311961377956,-0.0659327438442096,1.52709317245008,-1.254694558447,-2.63879041657178,-0.138394127705576,1.05336072676759
-0.0193455971945165,-0.122798856145993,0.313239992192712,0.764819286430273,-1.27364865218904,0.54471246547644,2.82167359218781,0.0199018269597041,-0.605136453153511
0.085214034696085,1.47966184840748,-1.15757638247243,0.0477324353528487,-0.365524617241955,-0.617896301818347,3.01628396174509,0.558653546546529,-1.39121140946923
0.0306687537395951,0.451913764556369,-0.423819419589255,1.21902635480253,1.98949493312933,0.822522475088354,-1.88775997106796,-4.88689736615485,5.15869290419296
0.229417476527277,2.04225077146893,-1.86558049814905,1.08796745730013,-1.09527843731694,-1.24332266475651,1.98161634149195,1.29937218408837,-3.47990550982917
-0.142828990047,0.224650144157386,-0.220916470471593,0.21496128977404,-2.40739152810965,-0.148691976903586,2.44500858837198,0.204652367539384,-3.53586679339135
0.41774840161912,-1.69344854459947,1.1210148383932,0.53567343080649,0.359576372570457,1.8941838688144,-1.735117637359,-3.21663466148847,4.85878718311867
-0.0122159373977874,1.72721601968974,-2.35644467663672,-2.20412846967146,-2.23218682819196,-2.06215476277371,0.436133504095184,3.40921615969002,-3.22280984706095
0.487848115807982,0.317939784195181,0.304360161474956,-0.110142217096336,1.44918249690402,-0.583782853421153,-1.58908838497562,-0.712846807454719,0.335318225730339
-0.793622118289451,-0.601002114985018,-0.562410585570698,0.913557605443268,1.14299750807735,-0.545853475736167,0.236979868700255,-1.9347460026441,0.275308319548116
0.0756367261736064,0.0257381567952724,-0.323470259566328,0.942721493878212,-2.8968508987325,0.429214019115428,2.5849259668227,0.676527261222751,-1.45622207325206
0.00110918343836741,-0.957279532386487,1.26217096358592,1.32019852570619,-1.29314033830245,1.98772066336558,1.30904434538208,-0.446367666991316,1.12269551966811
-0.270399636269894,-0.660883036935441,-0.291216519798473,-0.981128226947266,-2.59994424197331,-0.385498370746186,1.44954761494715,2.43720588578636,-2.32903920703895
-0.210281670716929,-1.26669679225464,1.0623238078208,-1.4127923413072,-1.9208727997029,0.278008286024734,2.46483646942202,-0.951292097971791,-2.16890804370014
1.31146673308159,-0.196821232466468,-0.283341638821048,0.347025859890218,-1.88387482722679,-0.221858193040584,1.48462976285499,3.44507635256905,-3.67448952195792
-0.0515577146865702,-0.27101839552701,0.43168633309414,-1.06939872920268,-3.73346457044772,0.2405305251698,1.20123929347502,0.68002913888033,-2.05202184345218
-0.433830186251156,0.0633068761717929,0.51942957714229,-0.383206526368748,0.253829617270234,-0.778875574692461,-0.688728162313954,-1.56179851981093,1.55980209445196
-0.438285100965504,-1.04920738526733,0.534217490045612,0.219893331213974,-1.0440476400709,0.772325129413204,-1.13336616828521,0.426679736343499,-1.1668985170016
0.0239572725828877,1.117548805366,-1.32750827390762,1.51866000573425,0.714002347553987,0.527811008611322,0.893969604407101,-0.831237690816493,-0.0696986864242002
-0.641696371251521,1.51862223739842,-0.791404176092208,1.40301474957501,2.81648360330154,0.369231951423984,-2.20619217261627,-1.35438542049407,3.30264841377975
0.185777523123881,0.839369347572145,0.0905250989098932,0.279731693165148,-2.25766915764022,0.199150515892222,1.50764735161413,-0.421654118956391,-1.39620186624946
0.410927835401095,-0.108039943917404,-0.383840577410455,-2.23901162756088,1.13101680885104,-2.14669931316033,-4.26469247859867,0.75391857344739,2.40061925971918
0.0932006958727338,-0.455896095190094,0.115798067691385,-0.290542438354807,-1.37645685367308,-0.0974740074351589,0.570700834039724,0.493604471015037,0.135153803398183
-0.0191647738963887,-1.20864302041873,0.591343707374688,1.65576704831626,2.20940539165733,0.884420518052982,-1.54808976327329,-0.837397267203266,3.53538189662418
-0.543262028491942,1.22600845265613,-0.788182595772905,0.931179943597033,-0.0588184582774282,0.323768616390579,-0.39883583029181,-0.551320948542361,1.89974830909687
-0.214825591469855,2.24024865842074,-0.772748880877648,1.58709001284469,4.10229595659455,-0.194315135892349,-2.02757553768366,-1.71520804174119,2.33439952562291
-0.491425857414599,-0.333978893596229,0.0718206016467129,0.531080457658207,-4.90844551675467,0.567010167734005,2.82525975478456,0.0156229630209636,-3.40062202175071
0.274867584243226,-0.239206309033123,0.304444015754399,-0.574518368633421,-1.02599293462639,-0.104900636394372,-0.0329976102844795,1.5772407056327,-2.49305461172962
0.277859619818523,-0.59870816507183,0.51875738251725,-0.568991871954019,2.77471151063165,0.28196197408092,-4.27340445794825,-1.38374618717937,6.88368177173104
-0.860673743063292,-0.3479858964654,-0.588318832165979,1.25777069026813,2.42249427671054,-0.21827805491947,-0.721815798864336,-1.1437758562382,1.40542154526509
-0.171306193285536,-1.73850331655084,0.739714209323027,-2.11697843503831,-0.08124837706381,-1.12210611832437,-2.52697421919114,0.640189591170965,1.47848433747532
0.168800983323745,0.400936119694697,-0.421203002443737,0.905965843938314,2.64522391897432,0.337636838731645,-0.389791304464321,-3.0158711012097,2.38919879417001
-0.908206782524566,-1.3853672849358,-0.201949116218813,1.07972144374091,0.289501661779494,0.382658786842356,1.42234220749418,0.799970771085733,-2.00366481244723
-0.17269685612748,-0.612256984972611,0.387231863714066,0.301989620904086,-1.6531368468125,0.335665794822861,1.32799432483763,1.56487900687554,-1.6201880890849
-0.700413744783954,0.631655177673056,0.16026523216431,0.771051964093282,-1.12335609518144,0.765291128786522,1.69216436565993,1.64853019638348,-1.29212245200112
1.12056310517084,1.1235010666341,-0.358090593046068,-1.36047170759109,-1.33428333216237,-0.999702342658287,-0.546587229551195,2.97443902466913,-3.86114689085523
0.343818704478487,0.101479009420912,0.709722710016529,-1.75756723100679,3.1459184649911,0.171963639701661,-4.13752170677032,-1.38540982333698,4.58878869445671
-0.764902286290044,-1.80517786375349,0.741714690634087,-0.796615296709932,2.54454205683968,-0.453298713565124,-2.63324376823802,-1.90210479395884,2.77087719927521
0.455319847308915,-0.0829263893750428,0.273015262169523,-0.259580453141662,3.80402182192395,0.0713293010209314,-3.4447119841535,-3.34312159850532,5.39651879666545
0.314398096064423,-0.612660953857481,-0.183463708854822,1.05706188301954,-3.62363852388668,0.588942692741622,3.34269557720364,1.89503984313052,-3.24097629480274
0.168766300053493,0.449134702383497,-1.22088544893512,0.09786173388706,0.262268876153556,-0.669615271960328,0.402760490016276,1.00045242992444,-1.70651331746607
1.08441163145947,-0.140653678839062,-0.664278973193371,0.499287324995506,-2.86166301862031,-0.0373851705269691,2.55531145464394,1.6582946195251,-1.8690477729965
0.357348889986789,0.392936104424608,-0.477759953575576,1.411419435565,-1.35026680247811,0.714676457098024,3.67251047444201,-0.511770359988966,0.045822953145758
-0.280445003490233,1.40894426335782,-0.932239043499217,-0.149885721182118,0.1497425861468,0.379779717128974,0.151075860267146,0.13494043182953,-0.529662965555046
-0.191297079301602,-0.927924913448414,0.890783697069933,-0.308439682883516,-3.13165671011749,0.375614670264232,3.63763629497729,0.89568806901829,-3.17119545239802
1.00814969729297,-0.321400359319444,-0.172817054254345,-0.137009635049819,-1.55214020814374,0.517008674128946,0.679096304850608,-0.315506715713122,0.954460652314575
0.319951634039704,0.156708401250016,0.357676311071872,0.197867865884429,0.934370931716773,0.104951689299961,0.508840847199891,-2.09993951940323,1.00586967651702
-0.056907600036959,-0.488325756206988,0.593645227633612,-0.468110788459421,0.0509424811909902,-0.0624069396463895,-1.50302393043776,1.87211236975924,1.49740674064648
0.48605506220412,-0.269459511907281,-0.285771744474295,1.01362257513869,-3.14572071432173,-0.183905542743922,2.94188328890884,0.742770364591001,-2.46263311008944
-0.534516474353995,-0.380175489398053,-0.506934114513353,-0.273508641779749,3.27735980244216,-0.410173752885572,-2.94367754014825,-0.682523363323182,0.525590885540143
0.244157456680318,0.832274200541273,-0.746878721541386,-1.69937938641221,3.3459491654534,-2.09102641800201,-4.30896480068575,0.655614414193342,0.303891895502625
0.0222165762990102,-0.0696292588428927,0.205727716713884,-0.285510594137085,3.89822274783113,1.3625843310011,-4.91168231272418,-3.21527285745247,6.62132341020974
-0.1483889155694,1.47771774820755,-0.183308416367502,0.918347963202457,-2.48070243670575,-0.265261038276554,1.39397103360576,1.38254031576512,-0.135670966038034
0.508598683004039,-1.06052468270462,0.610652958718325,0.261211270213476,-2.64122874858801,0.516638716572346,3.82629264627811,0.257708277068405,-2.54033653429882
1.04989176751278,0.318186315117007,-0.247390060089394,0.494935630709262,2.89599608366316,-0.360848762083463,-2.56842852930487,-0.652840120419389,3.33688516738955
-0.552822739751199,-0.0399068601261003,-0.229556181566365,0.259856841461009,3.41657184402501,-0.0729007678514754,-4.41493460975353,-0.36651425572148,4.19031449901658
-0.217410783939556,0.34353317231134,-1.07788083839594,0.441943074304763,-1.51659829218837,-0.178622744036481,1.80731568241469,0.571808786868721,-1.36095287372179
-0.267073741628558,-0.362271687460095,-0.724922443442559,0.700366379446361,2.0129695390873,-0.0765549200292706,-1.15117432895935,-0.566319842420494,0.862462262040824
0.0637426857583097,0.0864102216127577,0.760945945513895,0.402066894078658,-1.23944677655066,0.846518561881772,1.11430965541048,1.12165256098845,-1.01405128822075
0.187977103833285,2.18320045454066,-1.45356346078827,0.648142537315331,1.63360579546361,-1.09064748261564,-1.1743738280022,-1.71838734535909,1.61821967190994
-0.76340157595604,-1.28298434077501,0.0300886983103039,-0.303993140147561,-0.033481595589543,-0.0333805551384946,-1.47966103671547,0.32144939661525,1.93642555921252
0.515831884327267,1.07358044992439,-0.89866882481801,-3.21203746257997,1.25555031494009,-4.00271929524094,-3.16336608306883,0.687524342042712,1.61391212451004
0.385545020825444,0.124904790920519,-0.0699260952840583,-0.214238248979189,-2.20829056924013,0.404184197240489,2.5322044726128,1.33197202168238,-1.92248512737181
-0.148114337218317,0.250451610961905,-0.18519593881453,-0.896507776924983,3.28466060553771,-0.48621484186654,-3.89902592584676,-1.16022026778616,3.49535004182436
0.222369243695411,1.45114018286952,-1.63408797748719,1.60373271482328,0.130629844219947,0.256644200497956,1.13641464954035,-1.4856671643926,-1.17686074022687
-0.166447063318658,-1.63207546200408,1.83287141453639,-0.495516261928848,4.45255528168899,0.399729197995097,-2.78112206661271,-1.24539482426851,2.98168173616291
-0.768654698925418,0.235402806146322,-0.0553253398717142,-1.35710758348961,2.19953099499276,-1.15052278359855,-1.7274362579505,-1.70184592272029,3.48650934752138
0.436269582508759,-1.6510140142845,1.39883774270298,-0.264276782074492,0.0328050814054644,0.620291132221785,-0.876924714404595,-0.101483152770762,1.85588027905471
0.192352113860833,0.307714409855501,-0.498763705344332,-0.200204506350318,-1.42777524794991,-0.350694656952233,0.539224670625706,1.28035630291742,1.33616760957221
0.187181436924729,1.24571785150916,-1.54237489970508,-0.730943222250448,-2.48360523210791,-1.78344889256088,1.16967006179166,2.09786237856627,-2.81068397229846
0.368486319080276,0.895514800585162,-0.226477653628807,2.04807069876067,1.8289365077329,0.899196797323223,0.819833005512704,-2.77868309600167,1.37876092137979
0.277778318117977,-0.153709359872257,0.26141814702285,1.71467375032667,-1.2125839115947,0.916455015433517,3.12383982140351,1.87584488154667,-4.04555080901357
-0.362001440915575,-0.391128377118109,0.360269313980675,-1.12682607249662,0.628356820199849,-0.342776467152091,0.199188316007782,0.416565399580559,-1.64417205668727
-0.293661190907793,0.0317399403884682,0.232330694190052,-1.3336490933463,-0.81229407765617,-1.34549374747475,-1.8724975702473,0.860094047895833,1.77213904131728
0.787012411794775,0.853726943153602,-0.22224580997973,0.666651512903531,-2.73441361598405,-0.217586225160865,0.787010469110376,1.4528190005641,-2.66302078197851
-0.357432240913738,0.335615760684303,-0.44737721945051,0.168889834562813,-1.35100440016073,-0.135107484872057,1.01760093222912,1.54309075561363,-0.870854402209712
0.264784026558778,-1.23935690012684,1.44152863267162,-1.40843673721247,-1.22612821958068,-0.389474903286077,0.131696331525115,1.17655291512048,-1.16108607100943
0.159820746383291,0.407740660473614,0.237170686508793,2.82953026571336,-1.67841131274398,1.17406742060565,3.23744731240212,0.220405229509559,-0.350095981258475
-0.443954112172354,-0.172697500375077,-0.0379112897365297,-1.71351241798899,2.91593284975386,-1.11031040428542,-3.82990389436761,-1.64364374401711,2.84218267197158
0.455592318351796,1.61738508224434,-0.867280084327626,-0.267248752798491,-0.0668996482829716,-0.257461710567124,-0.715233314882478,-0.686789703361207,0.526273912012189
-0.0192425825884128,0.278055515513103,0.040931536312559,0.263976177673442,-2.02766737383156,-0.145237902396487,1.0994783935696,1.09575055400211,-1.0049568753217
0.742562556540722,-0.175552337485223,0.148025448741086,0.605075366009897,-5.10383543503823,0.734488944096435,6.00641330988807,1.39128184453008,-4.30981795654283
0.48292214414427,0.0427928012483949,-0.00185951290554069,-0.734296917918519,0.829188533450393,-0.513912850726796,-0.903339635241748,-0.47117360309692,0.413590290132191
-0.170618600476577,0.317756353038542,-0.923887514320559,1.09834495170869,-1.32010119209051,0.477581378049139,1.27217989801124,0.0949587216450581,0.24127374143548
-0.0653868993908537,0.233286713801412,-0.197606548877294,-1.44236692599713,-2.21617909093877,-1.92231975007675,-0.164530992356959,1.48210923059,-2.01577509579676
-0.811475315426259,-1.91931392774562,0.656103890128235,0.554033799238101,0.733892566063855,0.625680117346467,2.45343770953411,-1.50830585693884,-0.0240886839350724
0.621494160439332,-0.275135587656898,0.486292288289617,-0.106396131703627,0.612213619439856,-0.121800230671276,0.30649527491052,0.861258975610689,-0.536429189562622
-0.425697442218458,0.426403701732124,0.221976877567154,0.542013745865143,-1.6805051035977,0.457609983679004,2.89932376190801,0.780503269107331,-2.60242596193557
0.701631503596455,-1.07296006642952,0.283256038591152,0.191635957767575,1.73503680510645,1.1108640087958,-0.638800346673503,-1.66769861775774,1.60028092045071
-0.837236405504255,0.883631466297294,-0.222973092776202,-0.379471900023765,1.34069570797836,0.652611344579136,-1.10045342453523,-2.17863847798169,5.26781840299135
-0.935817696868283,1.44133595257011,-1.96127595672826,-1.1165569084612,3.15688954787281,-1.55686944281566,-4.10632841597282,-1.22762298081728,3.53483401495171
-0.442051171698806,-3.04725749321704,2.04747146021192,0.315091177598301,-0.497796975014464,1.6545445748214,1.56996908380713,-1.73897276057108,2.40257991408672
-0.458045017541437,-1.83100814394007,1.63898263047029,0.0830583312421636,2.10014634209522,1.41415099197213,-2.12742015283758,-3.92413739774215,5.54915568449737
-0.230248075035578,0.239490702605939,-0.965415940005577,0.097543142507724,2.52532135250992,-0.737153488950407,-3.0512042195645,-1.00982532570813,4.08356694736607
0.0177692018439453,-0.21104838145297,-0.236336913544587,-1.06630524220575,3.01704499205677,-1.26456794815292,-3.27101844323583,-2.55452347776402,0.994202448555915
-0.312685203179408,-0.602514314740188,0.136711717228905,0.169192955345034,2.97653870249465,-1.07857158819013,-2.92451498767769,-0.640756381546839,2.33222277226101
-0.251776914356208,0.668352554779356,-1.36679806020678,0.820093367136904,-1.78022389635581,-0.337358992348072,2.94478543224703,1.04783360145129,-3.69183943859676
0.047156841710951,-2.74350453009556,1.7793059419577,-0.682467234284682,-1.51130796544498,0.526302820889331,0.899518383601497,0.370770351557473,-0.282709629002024
-0.38915141584044,0.707511695186699,-0.645445994694422,0.0137884790584094,-3.4357398553923,-0.420920529790124,2.0378975874833,2.61190222082345,-3.34866773736054
0.238097127315013,0.513753918311057,-0.80057453955924,-0.502991282119818,-1.79956577694394,-0.696072463536859,1.23539901205325,1.46871469861017,-2.49018944702775
0.489798480483282,-1.10660534673175,0.356616546935505,1.21782547009431,2.58033582240145,1.62080084464651,-0.435981938121044,-2.82781434811496,3.04285428397504
0.270987281961655,-1.23170362393154,0.538773959335722,-0.325695045218308,-0.184819950310922,0.0147221017626302,1.73240896457851,0.669168470849834,-1.51249666795267
-0.608732312828589,0.852267699850038,-0.816944625033497,-0.300095783669005,-2.49838667281269,-0.78148421959786,1.69190167114211,1.55984428571301,-2.71330007624985
-0.0128174736754291,-0.711012708041856,0.58184331831446,1.92993084271889,4.66622711367411,1.44729801433007,-0.744769259197893,-3.62526575830456,2.01199851478084
-0.00147442873157243,-1.83531965252036,0.73464118369339,0.202836830628084,-0.852673137137328,0.833002006793779,-0.987375790610418,0.89215911657802,1.60631202302804
-0.10079165254307,0.0390630749731116,-0.34824209565487,0.884265232616256,3.08163262424156,0.322664464673327,-1.96487956465412,-2.02782854167933,3.46653107143148
-0.0533916093423158,0.278407026425958,0.308763495772755,1.30266911951509,0.192425160909924,1.45264986168288,1.47557068738321,-0.412371486998335,-0.2418407242652
-0.460193827750789,-0.152422357313471,0.389233158007551,0.0557668871033881,-1.08974791763157,-0.515109247413028,2.35877933922883,2.85292288116958,-4.04993642285324
0.199644309484933,1.46142679865592,-1.16451978860629,0.277983917151613,0.866151070638358,-0.382296108973491,-0.850812040809815,-1.1915247186495,0.946320116832244
-0.227330987443018,-0.512547194371655,0.416896280661497,0.589628372405015,4.05261540420734,0.705299440266738,-1.95182762440907,-4.02275096115088,4.97526026103608
-0.556210648201653,2.59028950404532,-1.55008594788056,0.0431328289337646,-1.2880478726158,-1.27009343828048,0.389526315827328,0.421506979734714,-0.58552601179801
-0.0494197389078323,1.01238881411695,-0.114802759217666,1.45035685030556,2.98664598183789,0.824476026433411,-2.110906783016,-2.23643340089276,3.68957534010036
-0.489460059164734,-1.5963852775144,1.19322764181538,0.8269873997962,-2.46050487861757,1.57679753614482,1.87783999979935,-0.544519714962891,-1.73250054471751
-0.0330293301810355,0.725263996618775,0.449794510563775,1.09814154983404,1.671957402523,1.08537116432667,0.742227329997445,-0.83034090336291,1.44630428541012
0.36001226022588,-0.553666289034627,0.866337167214387,-1.16506327533063,1.47878646576366,-0.78189785309121,-2.5157695287039,-0.296190916419986,-0.316566326240199
0.31794821533368,0.763324592063569,-0.821953926659387,-1.11927669734628,3.47850730974959,-1.76382065512117,-1.42127275898061,-1.15527363863039,2.44543983488188
0.0624449873103477,-0.732266851376075,0.465632877220904,0.894176338448901,-0.676061186672415,1.45284027913525,-0.578549244491207,0.00552509037383939,2.19878140121976
0.000818247592861478,-0.333812362704551,0.614832452639714,-0.386993886899378,-0.856051463689752,0.328965018179572,-0.114705934030902,-0.693652828622414,2.00151597595229
0.0596035417722638,0.280856444062713,0.323970855450307,1.40739661687203,-0.817255971928624,2.04498603938343,0.912658398943345,-0.612452280576444,-1.8846747703386
0.427899922707599,0.734077977625952,0.588615485220564,0.267762187898296,0.592397167431556,1.15712632866857,-0.354134470355351,-0.587050238629919,0.932975446510818
0.00554964977680347,-1.46664137310814,1.4692831622645,-0.166741947332975,-1.35983181444751,1.05724715088203,0.0655706470637689,-0.367182533493735,1.15301111395083
0.283414357405031,0.79245694863537,-0.425640624239153,1.20214654069371,-0.519065149744745,0.401666528117463,2.37602470017667,0.638112645712678,-2.22505182845754
0.223218848987515,-1.35168899378663,1.12342711728343,0.68186303738217,-0.750813165671123,0.998642037330688,0.145671696715324,-0.0506153515598885,-0.0643959805200545
0.819427255663276,-0.347846999129502,0.938575296872541,0.104348829835402,-4.33981645881419,0.39147551280212,4.06681450947159,1.76077702383571,-3.30472115908107
-0.103780073377695,1.144342721809,-0.655251512179329,0.78580471969563,-0.32604047667344,-0.322264145361319,1.87687988565012,1.21667069055394,-1.25680911005401
0.00627552003337962,1.15344197536603,-0.590630627654008,0.776959829760534,-2.39167903809999,-0.568579711821628,3.17471808809166,0.881421820755655,-3.88181456918289
-0.325601830152958,-3.38289651877846,2.15787188247538,1.63333866149589,-0.0119393641013722,2.37841870045673,1.86902278359188,-2.55409984434512,1.54272545587645
-0.478322124118558,-1.35532105674435,0.624870827429761,0.714650347751993,2.14926103802656,2.08467880342011,-0.395401417304715,-3.34359276091228,4.29850847053769
0.27493853441014,-1.76247075736868,0.788755675624798,-0.642343242466317,-0.0953011203923567,0.36633972231209,-1.02110464110724,-0.175967862322666,0.743398823611227
-0.252725259305208,0.561916586743531,-0.331064454499566,-0.0541062281957603,1.17167867296347,0.22435994311463,0.896432632580462,-1.1087201748973,-0.983153433607769
0.855589319068276,-1.16323399969923,0.765227945850959,0.484673374585487,-2.14540673337061,0.185464139780605,0.219728678645978,1.33846789130106,0.0806625119598612
0.706282006008011,0.014277178515092,-0.0837435604670589,0.996759948921429,-1.2686770391523,0.469273907234797,3.29101725758413,-1.33618657348509,-2.52456871200814
0.398345370792168,-2.73190145922568,1.84479890535124,0.180894599451684,0.442012567150582,1.53833407702227,-1.72353516366685,-0.632134547610593,3.32639616542753
-0.784759365124768,-2.01411923299957,1.83127074135436,-1.45047965307483,4.26015054468468,0.646297099474483,-2.98060543568857,-4.07610617698799,6.39113281957394
0.130464415841178,-0.498934739453585,1.12867118832569,-0.697089987091546,4.92103816358277,0.369097879701623,-2.44367424206007,-0.744233776648535,1.1957608292367
0.500558486508089,-0.913181878836497,-0.310354436373935,0.501441997755764,2.71990520429212,-0.339728209827512,-2.54630351373383,-2.33823485413842,3.42753866721352
-0.586859022092501,0.368645692033284,-0.194004542630485,1.16984161815833,-2.15840161255951,1.05574018719002,3.31268988759504,2.94437306056577,-4.68224073708375
0.593485028102202,-2.12131901167583,2.37062360507755,-0.704102246972731,-2.5026900522817,0.715976883624257,1.3058571728216,1.27361058074972,-1.39884993287721
-0.325169607563117,0.442664409183127,-0.739700511573221,1.28846456721085,-0.647307963101771,0.566600330993356,2.41985761693681,1.80351472093419,-2.28126671243137
-0.64212299645024,1.02880838164867,-0.999037717678148,0.90151123841548,-0.0686063433297523,-0.504862412747123,-0.120573956415711,1.45087476274519,-1.7012783362955
1.04431790776175,1.3337856975211,-1.24976043332306,0.272366849146166,0.278487234200027,-1.2383817492409,0.285594568050437,2.0514979634623,-2.05608201427775
0.473023499874492,-0.66887169642475,0.522295366954251,-0.512874750518653,-0.281962064712149,-0.71140650313286,-2.40622833020293,1.08706267347115,-0.165185957682145
0.422009128345228,-0.617517599729032,1.21396355555595,-1.74707129837739,-0.0769898773088151,-0.394539167890146,-0.0381785502994871,1.30466437936859,0.0787099400287161
-0.40713284688883,-0.191288942114097,0.102009665348938,-0.472774847268187,1.07568714351242,-0.559120557595951,-2.12576996408886,1.20586628735722,0.601808267002094
0.0967091464193436,0.32362136159097,-0.654130157853087,0.120284896102943,1.29093721037859,-0.229381821834676,-0.344172891011306,-0.000130003641470041,1.11988910733857
-0.395464225362992,-0.302430842306724,-0.16496533744395,-0.610096922156573,-2.37911292851473,-0.854021190414586,1.5094205556378,1.71815947465352,-2.76166893450108
0.919450381810351,-0.775499067242742,0.94498514952595,1.45485013144991,-1.92805694029173,2.30162503269685,3.89778882541818,0.712245401566704,-2.35062472343292
0.771445355547014,1.44467909489073,0.254329553848652,-0.351314460115008,-1.19144570000961,-0.907373793475402,1.91312221248512,1.11746418393228,-3.05269461314379
-0.110389006372626,0.0232797011239978,0.207067619685682,-0.935372689634744,2.93516336306283,-0.580206038214335,-4.08505465925176,-0.634051917104976,3.8630939270337
0.0385390994162453,-0.45923264423324,0.466694929975735,0.81802542437224,1.88961910662002,0.481798982950608,-0.251582372616118,-3.62845811568778,2.17398602216487
-0.581713871576003,-0.547747811449563,-0.0189838284739912,-0.419061341152367,1.16441455952854,0.0600636169715484,-0.671157769778077,-1.63951396248372,2.08331567918209
0.251474728287657,1.1571698402651,-0.0252138552522486,1.00654860276266,-1.1359510303254,0.22749168050308,3.24113612699058,1.05438704507608,-3.02129433448363
0.0184441476231404,0.176658764638297,-0.624047677835274,-0.432382979187551,1.9522204075676,-0.749704783902311,-1.00674320466085,-1.04335232026895,1.6963342318982
0.020798647545905,0.210786362893169,-0.749616189566969,-0.127915341953708,2.47191234266108,-0.373032681046752,-3.47841222891117,-0.0222487610572508,2.92785556143686
0.360443024242687,-0.796698954727211,0.81017370511797,0.455911703198708,1.75667329160816,1.20164685006476,-2.4097913874028,-1.18037181851127,3.2526064932736
-0.256549525934746,0.155261053460566,-0.573299298099268,-2.2207761830255,1.64204660776884,-1.7345889173942,-4.34186119909965,0.915808159816944,2.67765853701394
1.10655297860438,0.132066437547295,-0.140156808629732,-1.40449854166707,-1.9556726155077,-0.37337546282542,-0.437170334912832,2.38553277734541,-0.123175102496896
0.0115187358091524,-0.64328160554153,0.208725226960845,-0.752692075799218,0.130358489083216,0.210878468547571,0.216053707891678,0.306489740087233,-2.94310769612567
-0.972084104402546,0.449383919352225,-0.025169102545358,-0.774395026896939,4.36306315237614,0.188768286022393,-4.8032630863553,-2.77308363919895,6.68966058147568
0.240871778771354,-0.870224852403821,0.620291746766279,0.106665297469129,-0.152346888241072,1.33399370793193,0.252660413804319,1.38633255854092,0.89441838583392
0.286896909413969,0.888923558247197,-0.711777333422372,-0.877077320800631,-0.821369311235887,-0.969305795124029,0.732926083653775,2.48544755004183,-3.75637792055408
-0.0595085789851476,-0.326173433056073,-0.177607199351671,0.500413203497566,-0.262895698153896,-0.0707366498261404,2.78002766511004,1.27923858266822,-2.2937238442622
0.386001966724043,-0.74200270627013,0.918450493701895,-0.736228413806553,-1.44633334754495,0.00675581857981081,-0.0491523117698729,-0.0126906647202276,0.2464387584865
-0.563822254033695,0.267837282330908,0.114539215758169,-0.330339822991387,6.51690071012365,-0.446089162124076,-4.30128823835885,-3.4627747369457,5.68230328341023
0.292123105119033,1.01047733892513,-1.08282481171416,-0.422019369409892,0.914980967118425,-1.23093559513135,-0.745466737827607,0.693101522118976,-0.985985184416946
0.379626071903709,-0.319794184274376,-0.413047278860802,1.07902865291667,1.28052411322077,0.343804271459708,-0.480325259788823,-0.171670179922013,0.7463080444206
0.395500755793759,1.67598805886524,-0.822226807753516,-0.59855968102821,0.130475232859487,-0.939067216510234,-1.32815056832628,-0.523192721795554,0.451418527323184
-0.35391573364349,-1.83756629573062,0.398954861721735,0.777688273994974,0.871357303521469,0.507619303412617,-0.527554307930192,0.0134909710856776,1.17931258047877
0.110280451625026,0.346350504065489,0.0188576422197992,-0.0107024787603848,0.663804852612313,0.38374926752302,0.303775304226652,-1.58264691772139,1.95485359942186
-0.178610049650464,-1.07519794171948,1.22591691516684,-0.0103612341791128,-1.6320533585364,0.369003233531202,1.63329932543401,-0.85075569834692,0.465822479693466
0.133394630877928,0.354166308792039,0.573936350333644,0.358704981880378,-5.47218261583597,0.541456149016647,4.67796585889165,2.66146874156066,-6.63927637821903
-1.195572313115,1.90354209770816,0.00862006132628494,0.124886961038087,-3.20089109837481,0.510645975688744,3.12075638608579,3.03971520474155,-3.1917057359521
0.147988300250496,1.026277355539,0.187557343294783,-1.16658960625916,2.32422233731123,-0.469332547701084,-2.79486482792197,-0.265651455471157,0.670732866266584
-0.496172690105932,2.10657403876723,-1.0979026524413,-1.26661555786198,1.09553794773189,-1.80331997667327,-1.39532708026096,-0.0825716001898746,1.25231471658017
0.0651179608705772,1.45393845156446,-1.10756795107094,1.05831370503455,-0.404992915560469,-0.264246885507019,0.90398083300232,0.593551688417322,-2.8997562277047
1.08340283061117,1.53981979537329,-1.03632977124058,-0.340698517536743,-6.01536206843697,-0.564725283227753,3.33748550196711,3.89180942985731,-5.54375972988125
-0.0357317300917924,0.441082948422532,0.414270595425426,1.45634684143857,0.0223096132569374,0.69915078616495,0.921135994056239,-0.41820181213106,-1.70627476616352
0.865718253047912,1.69247834721872,-0.754001142528421,0.263133910872169,0.392397870915439,-0.203946387734393,0.397217986326003,0.259116510568803,-0.193726751989031
-0.380514016810355,-1.22384672418339,0.959365301840742,2.13118571717978,2.38560803307692,1.32681939774579,-2.02586040492672,-0.479142721596382,3.73361767711303
0.246320040142216,0.466391655692131,-0.0849877411956056,-0.0571317113853943,-2.32392152992573,0.0565324130584469,2.26051655471664,2.47105339759303,-2.81127629314844
0.924710416105872,0.626422578077649,0.261486589648408,0.0403037733881026,0.0800038538471971,0.0030609774776908,1.27056658795836,-1.43387072506686,-0.191766494825627
-0.00481728963099849,0.200623346183546,-0.880043990639228,0.875426978234006,2.72102196179454,-0.153994788033081,-3.81613297931521,-0.993815118640243,2.47514998458627
-0.252644490853972,-1.96032247605017,0.987964402452624,-0.139080251101379,-0.807601400051414,0.789669117934304,-0.0530161035160425,0.338868577724338,0.184455622214557
0.355214483303267,-0.406775192742105,0.0554885550766814,0.545808787915012,0.284672475084679,1.11103465999058,-0.977112177256235,-0.565086661501631,0.38445235586056
-0.448418952580314,0.906093637842511,0.109420969455338,-0.410362918451822,-0.579580300949123,-0.228399351003451,0.0380559147338923,0.840894018493713,-0.757627775228292
0.618095269557424,0.923779877579032,-0.198409876300035,-0.334692408230937,-2.52813718793793,-0.584155390149163,2.83027510880713,1.09526156381441,-4.32795296576367
0.0860286508997954,0.623781905065256,-0.572742293561529,-0.967230196609166,-0.176040627880162,-1.28891521186727,0.238205820479534,0.262758766768544,-0.741827848238884
-0.34358163142347,0.326023679337981,0.129454596767462,0.157251491478615,-1.44246247739899,0.893692028244871,1.17601160960625,0.874934164662067,-1.38946690410802
-0.118775255800776,-1.29432841987286,0.522230884390176,-0.272205344178623,0.981692847376776,-0.665884910894839,-2.41893868064967,0.0982758267758345,2.87594148393709
0.0950086094433736,0.0276145819954626,0.181251569450809,-0.36623440934789,-1.35630638539635,-0.485116149805323,0.871671677699254,-0.164393180234118,-0.945405538097709
0.442145816785255,-0.362504086329912,-0.283792025757297,0.942037775464414,-2.03981167474812,0.342880256698656,1.05803681819979,-0.0792263995511868,-0.16788158074522
0.140855616501545,-0.189886587868977,0.279003155790183,1.95912691910149,-0.810901328833078,1.2872160398609,3.28944457118174,-0.284882158035323,-3.98601998833761
0.0905112026888219,0.359113968804672,-1.05414649423316,0.0487899944843304,-2.56683370337008,-1.31350166116082,1.24531769020759,3.15950732286242,-2.75111183641821
-0.214671675777152,-0.192096354199382,0.960011361175954,1.16528377257523,1.26054793382178,2.30067033748806,0.167105518549857,-3.83037956592536,3.6545022168817
-0.305146113784244,0.673603842076689,-0.66969870543747,-0.419878420477005,1.27304860499159,-0.00104145773934787,-0.067580573863424,-0.294362907560693,0.481457405427315
0.098354079972668,0.948525816986349,-0.552566323716136,-0.39803879784313,-1.53682742335731,-0.0101344625848601,1.45242610182063,1.95884332670943,-4.89623460822329
-0.093955409458104,-2.09838710359979,1.99165738714822,1.09639066116011,-3.96752001626,1.58687374594073,4.93086902272826,1.60647909513078,-2.32256839587945
-0.360935672714836,0.595822986600024,-1.26390966241354,0.264999870523315,-0.948665654842825,-0.982985805388357,0.942786349135668,1.15409558099092,-1.67351776858108
0.448188580636643,-0.164247768641746,-0.0512002597690751,0.324851064155451,0.456154013594729,0.302734343442797,-1.67780257514248,-0.75828735850302,2.09526520302746
0.204103440852322,-0.3763476538066,0.992999926916535,0.148952202137717,-3.20662110035842,0.884287350693242,1.91356042972066,-0.701873608873012,-1.70265353115972
-0.106290022062956,1.07434677677683,-0.502013586978408,-0.626031488492158,-0.0181124722149442,-0.930765070867828,0.326941107440071,0.559040459302369,-0.181715169058798
0.402725944913469,0.685994833590732,-0.246505151666622,0.328433468333949,0.343338887162996,0.685555299765614,2.06314409415237,-0.300993656976084,-1.01273468130672
-0.140696807378085,-1.51412636786338,0.487923619965991,-0.290627378506109,-0.991504356628304,0.0699129066610121,-1.42148551100671,-1.5659452197003,1.69122495941801
-0.580439892223502,1.19420723715895,-1.17176796610007,0.959533211746095,-2.05019434949945,0.439170816990741,2.51928275380348,0.53378253722091,-1.15436970228166
-0.402736521485993,0.470531245087031,-0.855922368184281,-0.494534189061119,1.78640232765466,-1.02050624278161,-3.73739628206082,-1.53837666976216,4.21276909836684
-0.321895091402821,0.430591170424898,-0.298157262789806,-0.0680428837511605,3.22786172388034,-0.515010315211714,-3.16127555078893,-0.770810218958212,2.41840938303586
-0.379329624825434,0.4621061070103,-0.342605634862563,0.0794265693071735,-0.756335377163676,0.15085974483688,0.278981869972599,1.06602069625932,-1.91657343720919
0.580922194029825,0.377595092107664,-0.795640672970486,1.91828161048025,-2.41140156412805,-0.0199651716661666,3.72693570539085,1.22923179160029,-3.19600984341848
0.417727669069914,0.800189233392879,-1.15116127014892,-0.231102232780446,-4.5618760675959,-0.355753972513368,3.54165833976905,3.53792825529344,-7.37240078944629
0.456840941803177,-0.584749814862776,0.0229654766473137,0.326950623922585,-0.451463021904256,0.0550104368688219,-0.990552291287932,1.79818471027404,1.06549761495627
0.311085446373032,0.455977720583831,-1.33411598603034,0.883091038596636,0.264901166443468,-0.224685532910941,-0.323000685321029,-0.330328670562585,0.781504573262401
-0.099424420519764,1.42787431605224,-0.821725576005428,-0.540870297708951,-4.56152189293281,-0.405004667817468,3.45304801054385,3.2119384720427,-5.02262607347284
0.308368782463021,0.59291580797123,-0.532029254576618,-0.189870725142417,-2.86222069822255,-0.65957062907715,2.27060158816585,3.0190580031997,-4.4058372255938
-0.229828860360778,-1.13251200576877,0.926869733952108,0.244390456669601,3.67198419036562,0.479979720262089,-2.32452900184237,-2.93505036513318,1.68996781865663
-0.202766889298424,0.121812482727633,0.151419144597701,-0.194749319578646,-5.58019526902589,0.46514094835324,5.82815315776829,2.40470780815421,-7.25775420298149
-0.281522131751682,1.46834941433015,-0.878808101453521,0.427131684326651,-1.15809164772683,-0.221418358467374,1.71903629700684,0.428577722788384,-2.43346150689196
-0.251628618786703,-1.20404019791425,0.60313963189539,-1.05443214016095,-2.42165426004546,-0.633901930688218,1.39005924666593,3.47187076901146,-2.07551708070663
0.141498519589914,-0.0429997505577551,-0.00449491928941401,-1.1453666472959,-1.74445407548571,-1.38714094660877,0.313796363682732,1.05983723981436,-4.04178759710315
0.450119213012156,1.02235885227403,-0.774857783802308,0.276785341614548,-1.1636963153439,0.309007312103997,2.26106095815548,0.427603341535879,-2.56979965461281
0.242496860106499,0.520718451509316,0.140600321464592,0.772670171950316,0.130377723069081,0.628678989828956,0.94852639070993,-0.803466989056473,1.25988050804145
-0.258081329398628,0.675977359214506,-0.855968161120676,-0.559216335264651,0.130429136433693,-0.314359648576868,-0.601033034274952,-0.457147616289358,1.89169664997641
0.0997900752640878,-1.08128830107762,0.0743619498701699,-0.50673139493214,-0.875694172313288,-0.0329537343879021,0.481493114959902,0.393270046174705,-0.714970788119741
-0.103894093344483,-0.523062925131188,0.947024006804188,0.716287697132955,1.8560068254775,-0.0296177850772475,-0.103345847928737,-0.0393052003755638,-0.0834941127041452
-0.293500133926718,-0.437720914339884,1.01070990345569,-0.0285031231581927,-0.452408950244152,0.434483701185011,0.298662807490089,-1.53639531912012,2.57971327511251
0.8607928754304,0.916807710050021,-0.587996207888656,0.171006362009827,-1.46010705819911,-0.0132939869284411,-0.482766779483356,-0.0236657924060298,0.693907916571901
0.196117992184193,0.379520963595964,-0.66072653919327,0.574382354938768,0.595788681981922,0.238875788454346,-0.0313713980157562,0.646865239110892,-0.380741807012687
0.232351154954781,-1.34565474686584,1.1127877642704,0.919582185927653,0.710713986037196,0.295926799575734,2.04230010340714,-0.220071129613906,-2.40094953375465
0.575074381479678,-0.804835728236763,-0.0649172422062752,0.437690964256553,-0.852927388488321,-0.2264461024655,1.27340666204603,1.5887070243511,-1.66354382295586
0.669995596239145,1.64587368522085,-1.11512021371056,0.456814736681252,5.69297477536084,-0.329141854820572,-4.16813537537795,-2.21725741475891,4.38334418963454
-0.111403169802386,-1.05452874632102,0.402859125703942,0.601269962342655,0.414662788927786,0.690813419582871,0.262419371755413,-1.00946150771592,3.75292275047273
-0.358356314970355,0.523627227930451,-0.376587268487014,-1.64110114022239,1.61879526843456,-1.01626409238051,-1.9523887745829,1.49770857424738,-0.987949061917664
-0.710232593488183,0.0796438372785482,0.425799461381931,0.418613873529067,0.275951450265503,0.766947132513546,-0.715179388063242,-1.40319023119047,0.692702854388843
-0.366125974604538,-1.06766854625677,0.121646007185869,-0.273722806702319,-0.612593959687015,0.242627281839111,-1.87730463146186,1.95984781370916,0.494868662679325
-0.257408483273183,1.06444882495867,-0.337151764493899,1.72810798259364,0.761621476792376,0.40684898985067,-0.229293388718383,1.22728350722228,-0.637812599025243
-0.51095482893336,0.506566188474109,-0.0739807145363188,1.89117651593001,-2.15955818633786,1.53914178265863,1.11696644100377,1.23068006603967,1.49053543424641
-0.501929751538798,0.592343907602605,-0.407333396209173,-0.420755499637279,-1.39005991563585,-0.976424125992024,0.328082939762668,1.54234724618483,-1.36662578358025
-0.138158830077385,-0.741285883357464,0.152431141092868,0.544581271371724,-2.5383481603226,0.121824771199711,4.40700683430182,1.26153803008176,-2.14601981662369
-0.289719713504704,0.70839632015266,0.00698101221125456,-0.0697942179488715,-1.00020309507391,0.555923428800345,-0.177976421279751,1.67764333045642,-0.252059671091342
0.332989357578326,-0.192460123755418,0.255564458186638,-0.204404747190204,-0.973972996922554,-0.0510844059201852,-1.56173925937325,0.117159570234483,2.66735379171604
-0.0663966654029221,-2.32545180141709,0.278972006452733,-0.411487867624529,-0.329314190728071,0.0617476220528579,2.15038844818103,0.539161977720239,-2.03209801146472
-0.196582603840467,0.532138536082266,-0.57431270685374,-0.40400350417494,1.42176397074087,0.277953731228817,-0.959530622393614,-0.943984609588255,2.39605598505096
-0.559555471389933,-0.22170811138871,-0.557798698123818,-1.55448890714273,-4.356165946155,-0.768679705785871,2.47345157547817,2.27377045621807,-4.04508485513531
-0.426907580079178,-0.721425832666136,0.311652832065085,0.122073668374921,1.94494806422978,1.60436231536131,1.01204859186129,-3.16209189110987,1.38322788021894
-0.801421163449078,1.08223768448566,0.293571105438574,0.122159894155178,-0.00738194783516675,-0.910365980259891,0.460418403475695,1.09305524647262,-1.4980586505752
-0.354028688525504,1.15399323469569,-0.797762750630609,1.20634976817358,-4.10783706762823,0.184474616162386,5.44583955983089,2.04790674436857,-5.33703838635845
0.103529352715515,0.791745005769338,-0.0600835015186635,-0.620159973276116,2.71863231726089,-0.344308670355506,-2.19615727875788,-0.892808160845479,2.48791426196507
-0.668779290782073,-1.09485422539424,0.602978983141616,0.949866590501409,2.04970563246652,1.29960464264155,-1.52986404005053,-0.731199599912617,2.56513063864793
0.26507068204142,-0.595540017791672,1.00587191158612,-0.139784940940806,-1.55430134123277,0.549561216045481,2.44081430544765,2.16850738365163,-4.13787909589493
0.487110964011241,-0.551790466345197,0.139981362993234,-1.29844393259773,5.64206558369639,-0.335875406175423,-3.23826570305668,-2.40084432706533,2.26655909833002
0.376843045829945,-0.163064120645476,0.230042136866784,1.62462183248124,-2.43488866497671,1.64204231595455,2.92611496676053,0.591791357482439,-2.95666535814225
0.00719006549091101,0.480629416231074,-0.546863395481243,-0.402839855273489,-4.34651238488961,-0.274578447756449,1.63577892657575,4.90477641331682,-6.67861681027875
-0.192774128527854,0.150513176015477,-0.322103980132103,1.65036814861798,0.341924579168908,0.0358703884928963,1.78675152388898,-0.460315423516656,-1.96917885419049
0.489236074692288,-1.74739298554876,1.23026143266948,-0.11729292151631,-3.54994406355798,1.3523790531941,2.33581458212813,1.52998502440134,-2.61169632146086
-0.0331335299795497,1.34091450152068,-0.543595371328338,-0.686140270865873,-0.843339016578059,-0.501268524226797,1.63279436503794,2.70586319583157,-3.28737866129101
0.195253703526107,-0.270954333369635,-0.128114703551357,-0.73656716982779,-1.34660661519254,0.144999704686687,0.826554143413296,0.237990903420269,-2.49179574716634
0.916753028596555,1.58040943497807,-0.660703663414985,0.23921105535583,-3.65405382606215,-0.441914571565471,3.93924584569515,2.71432699048813,-5.7483217623073
0.0144901594982987,-0.968691829021925,0.398614171115573,1.65523521219031,-1.45201295394082,0.801640504674733,3.01435194728217,-0.134381230815677,-3.90671005236755
0.310129439763681,1.872921605734,-0.984069532963354,0.21445263044012,-0.364081349809024,-1.37576979459032,0.133024056073507,2.60546099541373,-2.75627390541842
-0.526183103072998,-0.524549133100553,-0.498895964339162,0.0280237021022381,1.92013425938695,-0.314239357527615,-2.92975683500771,-2.09647619918238,4.3050361014915
-0.561644723672823,-0.0889292153637661,-0.525103369772905,-0.584959439023249,3.41646677839655,-0.919032959373877,-3.65985588284895,-0.623798740112681,2.70634308401383
0.43055366579849,-0.321129356332025,0.102170082354074,0.0555108415171045,2.7879026231742,0.340423715246447,-2.1762867739844,-0.416626666339155,2.27135064142718
0.519650596523757,-0.329081399139892,0.413684007734793,-1.2314100667634,2.51873184925445,0.100352902265741,-4.65365442454574,-1.6580385933007,4.95768198896518
-1.09057080455762,0.883011263599749,-0.845451697918642,0.0591566021192855,-0.633608640682976,-1.50876112946405,1.13015709483431,2.57102952626823,-2.55718134652434
-0.111294085158725,-0.193777139057198,0.307883981631846,0.815641940282836,3.09340713048136,0.802556962929666,-1.45831469807643,-0.0212959360075323,1.41075696192469
-0.37558467582608,-1.06302601550083,0.673640923318231,-0.107008699062534,-5.21925621860225,0.539172349872316,4.03507958154103,4.17888072968867,-4.72399463391736
0.482319988383827,0.0972328449781418,-0.02308900147863,-1.02694646112056,-0.479261973151974,-0.452168158916596,-2.15846467346084,-0.718752607103543,1.15096074531941
-0.239584584243653,0.472606156739592,0.0681045288005812,-1.59173783844166,-0.943972246058497,0.0768373758998322,-0.567551957371245,0.047513669936327,0.375198204531229
-0.0217756891053523,1.51684357398421,-0.663287398563241,1.00496275111338,0.268523035983336,0.815642891405775,1.79806364237703,0.602208799814585,-1.0954114390775
0.774648034563032,0.583831402688323,-0.497282048877757,-0.978011088519954,0.0173997485988109,-0.592027801843532,-0.63238281183734,-0.466148969931259,1.68431964172477
-0.181789083301107,-0.826896434557757,1.15608446743005,-0.974517613470294,0.559273570843145,-0.0818552475557105,0.364147687968778,-2.04756643180379,1.39600848003121
-0.452114626441955,-0.17674397068947,0.105666267892173,-0.155305648246223,-0.617729829492536,-0.367756415355213,0.011483572309807,0.402544687014826,-0.87947770739901
0.45197895718776,-1.47726710943291,0.516447048962984,-0.155914387613316,-4.52419977539734,-0.138304967425748,4.85809886994009,3.8753491044229,-5.25351716699608
-0.173892040121298,-1.40462176039346,1.30684939935368,0.234500851699971,-0.946982221085265,-0.155422330220639,0.108302076788523,1.12988414013143,-0.675807698338214
0.80429708141445,-2.97949043035194,2.00724067498567,-0.719260656784499,0.88920334115353,0.52743327179821,-0.81118322525521,-0.163181782147858,2.09502734989261
-0.300914784778472,-1.46358988320823,0.693760264492524,-0.0264612228060908,2.60186730908359,0.0109936497108132,-3.26835586259272,-2.29223827038185,3.8878050442375
0.101840890733683,0.847099897442971,-0.0249030343026213,1.15910671393504,-1.7143661604819,1.12335201300236,2.43705833071762,-0.815860760665132,-0.00642107414798845
0.527197475351587,2.34169050852767,-1.27183321988448,0.138336450568821,2.70247106172654,-0.85247553037926,-1.70418668608085,0.213968934436976,0.336586094736208
-0.844464763446859,-0.136289494370339,-0.144091235090988,0.0407142691971768,0.261456569981596,-0.445528154834629,-0.726177211068338,0.151333041802416,1.64797369887122
-0.61656767300087,0.342103390643529,-0.119972293293205,0.0855293749860161,-1.04938482957423,-0.324488853879419,1.08962228174056,1.28332315053588,-2.3972007862619
-0.389597216111599,-0.105752478477968,-0.268891285559364,-1.23694275509621,0.799560276108552,-0.629251192434912,-2.34560711151768,-0.0566868834888455,1.2498824971318
-0.0393949614541996,-1.77139487197736,1.13127216981631,0.600852634730138,3.47313946615191,0.61497000361077,-3.08555120978474,-1.5302710899568,3.49820745111769
-0.270291097922814,0.745837945069377,-0.318777407006916,0.534288481038232,1.96176538397812,0.143061429931521,-1.5230493515457,-0.61488367864742,3.90433772545753
-0.238813933438218,-1.98232682197003,1.11848407726445,0.364039041727594,1.40634330122026,0.628823909084764,-1.31242690032677,-1.78882304649025,1.26350860770552
-0.0979702451815352,1.11746432042617,0.204892494205636,-0.861362204359361,2.77197575436403,-1.3386336693039,-3.27757011247686,1.23023441017992,0.154241792744436
0.0221620582248335,1.11602693932294,-0.632484785071002,-1.05483343952547,-4.89136754333906,-1.23326788715322,3.40023608714878,3.61398848005377,-3.88883398672972
0.106165896846002,-0.493058114950437,0.253856647649999,-1.38458441328225,1.32086074633538,-0.991117760495821,-0.999389278940862,0.310745967566858,-0.676562253612035
0.0528640744893093,-0.281211984748835,-0.308124939105077,0.687377828383587,1.56659012888902,-0.100107175412032,0.253677038200892,-3.38392333790047,1.24026261424149
-0.366676326700693,-1.88030520382306,0.837086184117458,0.743554569821109,1.00883231941906,1.27836119033605,0.555287176401389,-1.86496531451006,1.13438236587861
-0.15053865471332,0.750954769174519,-0.35249758254411,-0.379569000125066,-0.836629800857504,-0.434279326350504,1.25373284499557,-0.828821324652535,-1.08140347640401
0.206186762940319,1.09300963837677,-0.199608636546454,-0.0574322346435394,3.95084240767583,0.17350730466883,-1.86590135904361,-1.93267550472031,1.86888876974684
0.414190819764135,-0.380265760983756,1.08208561515341,0.58039951107083,0.900855677040894,0.516800960036781,0.784820995946827,-0.613889094854707,-0.96361970073731
0.658736425324669,1.68208113762211,-1.61567283835611,-0.994640097681722,0.0376072608442316,-1.60200608969521,-1.52605584565066,0.522761575334945,-0.967757360335501
-0.513830107921879,-1.79220774998952,1.70615932805375,-0.685865896289847,-2.85884813873751,0.442336030703337,1.28583726496897,2.30471717808584,-1.66555035178568
0.108734469436386,1.19513135105559,-1.1300170085132,0.696880247724099,-4.33499702462847,0.0381502254481362,5.09892347045096,1.35174354572608,-5.93107552576538
0.238859958055994,0.951515455636305,0.165783566443956,0.297889329115786,1.48932267272825,-0.0334383956677911,-0.502257612607165,-2.04006230802314,1.26259655475715
-0.625265034346255,0.730418366494913,-0.369097988844357,-2.32907440769445,-2.49110562749304,-1.98459617430796,0.538404881752965,3.46083681468188,-3.77468645013634
0.799116844367773,0.951212865856778,0.00111851927647433,-0.724618899647885,0.207229601098243,-0.703470580872913,-0.188074977458973,0.176976828558057,0.356811994545904
0.390362885979444,-0.154786312185507,0.0536062429771676,-1.46884083625168,-1.91858626770915,-0.868864545887682,0.982501873324061,1.56119851382774,-4.61903180288794
0.477519653947432,2.38692483070079,-2.16689316842716,0.173922840989257,-5.31656812483962,-1.64074842676223,3.50728359955783,2.50950990494552,-5.89736311404472
-0.52675144952935,2.37548362443306,-0.99789038478781,0.263493533482772,0.050367847046726,-0.709367804792986,-0.0745469640725301,2.4151871578454,-1.24868674070891
0.287890217029527,-0.111266961866347,-0.620180484615002,-0.46416143002788,1.02713441912987,-0.397435279401139,-2.10082057792108,-0.609139358536962,2.14623757266193
0.758827486512848,-2.71423461921755,1.66926677507334,-0.561420331772396,4.1981159701308,1.20504170908592,-4.63175898159387,-2.24707827287447,4.60936543382003
0.309183947468437,-0.999142765734532,0.607325002638705,0.1793511093258,3.89793669247983,0.637226270017873,-3.35231785001431,-2.83840323642737,5.53699945814079
-0.13759360522911,0.375231921950087,-0.522842153732071,0.889047014338403,3.36644174896416,-0.0507131729861152,-1.21320099848047,0.173257607040166,2.74651394976
-0.0235449574902935,-1.48233010006542,0.635897918998372,0.493153076291543,-2.04258929623979,0.176305757212847,1.84154302953781,3.46458405092593,-2.98252660404888
0.548983860236153,3.69038742895975,-2.3748075794609,1.04005447578305,2.93875341619168,-0.8424505911228,-0.778454836230735,-0.869438590813666,0.95017405948879
-0.130118513822384,0.608396306023355,-0.417908919966119,-0.443539794582258,0.746883050992473,-0.422606875858215,0.319298156916547,-0.363603705779656,0.347818624040374
-0.384935362084267,0.353011912765546,-0.0163321815349817,0.551954204506157,-0.688871113327087,0.491458481985217,0.700955025479509,-0.80740001195257,0.727310666128761
0.228799308682251,-0.992441366661756,0.691812716695183,-0.836089091435533,0.297509489478202,-0.26014757070401,-0.0744916966783051,-1.15830673939021,1.9962740237059
-0.221388907624905,0.340137203577203,0.0501535057084889,0.278109939875185,-2.81718770195979,-0.331690699564581,2.3674781658966,2.35215316143753,-4.31448313297886
0.120206956826818,0.127330710985014,-0.00885417397944565,0.351241773633441,-5.13277688812386,-0.102535914694078,4.35075039217834,2.9957103535542,-5.22844383145672
-0.0861682328037303,-0.795976935903838,0.647326610547073,-0.711619462912442,6.54768186748671,-0.699040645793389,-6.87919100217044,-2.99603504933435,7.66109339968392
-0.20008849301131,0.403436180006777,0.316880239588088,-1.14890209351761,3.52595507383057,-0.00212655367349932,-4.35949590985827,-0.378667264446581,5.36316142547911
-0.525521503001984,2.04586932021592,-1.22925009899997,0.663930258528606,1.63765546379198,-0.171600812108064,0.588687430779056,-0.922955279820312,1.13554058369267
0.0992033968301736,-1.65020034350117,0.0918617823371167,-0.0942661155379589,-0.446238651292734,-0.29159477380023,0.724557375660755,-0.550601306147864,-1.92868069675702
-0.292030640407421,-0.261756029748529,0.86734652621046,1.30634254937068,1.43225663284335,0.977116373178224,-1.10567986725056,-3.52128191773549,4.10055002646156
-0.247381602074672,0.0466579898917459,0.267831217406314,-0.368425153477562,-0.903229205057367,0.402784377494703,0.00659183313175103,1.89315838196664,-1.34538263972841
1.00616336440074,2.0674225921919,-1.55586858638192,1.23514597930847,-2.65370864617614,0.0259233003833597,1.25652394900864,2.74221947341894,-3.3508704807727
-0.708339069422759,1.95834716437807,-1.21714964750688,0.670308760629207,2.13359659992872,-0.24189240344866,-3.0298875267782,0.895253908475745,0.597233138729194
-0.131741883135791,-2.32196743201973,0.238923400865642,0.553870423985928,-3.82341162678101,0.973369429786708,2.7103095352133,0.170078905790996,0.0824847076540426
-0.0568815825993666,1.32083342143239,-1.00687150761942,0.132529624355668,-0.453874824530542,-1.27105508753237,0.321452752341058,2.58209600949143,-1.83590575484753
-0.38481390968096,-0.622743610094807,0.498359036229706,-0.125274937227148,-0.651673991943108,0.339690499452912,-0.247921570750467,0.706844137625534,2.17418319558916
0.173189292485567,-1.21639731121989,0.636177648117428,-2.13358466029907,0.727258555825258,-1.18441389866457,-3.81124032726249,-0.376979928918933,0.947119989672588
0.0160763304028313,1.61794279081876,-1.3457341416418,-0.55935183732174,-0.651031579920049,-1.59044136059585,1.12592815708443,4.32761186126513,-4.12451709782785
-0.631135876775701,0.155772491563714,-0.709859208391454,0.130404421749773,-3.3329954227305,-1.059550634948,0.964324648901428,3.6252774065572,-4.48538318208095
0.663393970216721,-0.585495107195721,-0.100893611637577,-0.370831730560877,-2.81620298792792,0.48226038750952,1.55811721896281,2.68412150369404,-3.94983276664315
-0.380615474426234,1.38463823507239,-0.548163983921681,0.17106794995574,-0.548890259260002,-0.967571387736246,-1.81721301237103,1.00572072419531,0.568099165372978
0.607456301393179,-0.174046103320153,0.477190553566357,-0.924819881332572,-1.53425951303801,-0.736162712445508,1.18972985502751,0.927162210093819,-3.51516308610379
0.185782693502519,0.123047845924225,-0.686027698827481,-0.688699278071214,0.108583060600456,-1.16460386980341,-0.958389843841366,0.878345949283301,-0.377891491149304
-0.162985572783144,-1.28340540294649,0.303802232116889,-1.06652892302446,-2.28147887897708,-0.896442928462787,0.472594683681976,0.96861852327032,-2.78813798900269
0.351163869577712,0.544785557611243,0.176837964276818,-0.104315673873271,0.606135971087982,-0.405473332822747,0.279536034836403,-1.44382028988095,0.927514023482819
-0.550694451993593,1.63508191552458,-0.789661290921465,0.486677093368918,2.04973287260733,-0.176430002060663,0.528853580828502,-0.357023120190627,-0.944458685138006
-0.097469181507459,2.37857545164455,-2.11875169499488,0.8842666465188,-0.60309901113856,-1.25793177967225,1.98131198681709,1.48685856453398,-3.61032589284672
-0.0933492557298149,1.17943714522323,-0.982722235286259,-0.32172364826629,3.34739277810927,-1.37037043050584,-4.16286430119597,-0.91743371442501,2.89134116330032
-0.129759483746393,0.975463074290336,-0.739348397221391,0.303813560501428,0.988682677197042,-0.416411332720156,-3.28663916533814,0.269176114558154,3.59366895748187
0.174891198779433,-2.16255453230411,1.19317717499059,-0.187563548063264,-0.405504825205448,0.708943981364878,0.471358358777038,-0.94804865158257,0.146384908149262
-0.512254209928074,-0.0300457410473892,-0.48776400163994,1.05789545691641,-3.3119686958143,0.588259355384243,3.27679068169029,1.81905995559618,-4.04398544248802
-0.32267980447241,1.18573847596703,-0.573789522717984,-0.797900050317324,1.15395483441001,-1.67409313506172,-2.2140607164962,0.0234473246804439,2.52924518313138
0.215795327533852,-0.0317790436450844,-0.585055215030897,0.530151123035209,-1.47127362615082,0.059285298476323,2.99080719572001,0.893651075532743,-2.69106126808754
0.252378297431385,1.39063016214646,-0.597343190229072,0.448099279218672,-0.431697657111476,-0.353087726815909,0.924074045010163,0.00257696417762517,-0.683633405885335
0.467102813107128,-0.370816606229002,0.615549990406925,-2.05080030312813,-0.454601454588324,-0.976779457045877,-1.41168601363217,1.2797249823176,0.521907293246374
-0.448261769025644,2.18152922631905,-1.41000541468027,0.23516422617825,0.499148932890198,-0.070869775755344,-2.47685383385257,-2.3653203978321,2.48991472553767
-0.46460240023673,0.795949686798857,-0.716460398547977,0.668608775842024,-0.164823284415052,-0.347472749640197,-0.0733432834973,2.07791402777383,-1.77355845222241
0.567158305613724,1.1736619144788,-1.04275183865609,0.560028426679162,-1.52509876029913,0.0289860777732926,3.61508910485346,1.36316316121049,-4.36054152477907
0.0242464396678418,0.0707110569504697,0.576062553317112,-0.978996759203861,-1.98756293534941,-0.87170590573571,-1.16952481131466,1.26569893797045,1.18328101057925
-0.761960202547929,-0.550996409087157,0.0944853912076545,-0.116721146366412,2.93996877131526,-0.215186460864651,-3.04591455980103,-2.12769121174818,2.67170908705607
0.00132718798624396,0.476723150442445,-0.842253692547344,1.04224213889122,-1.76291442878965,-0.621140955825404,1.57964364089518,2.68482967996755,-3.4635911396048
0.708729810130428,-1.29768868526646,0.155180610008023,-0.637864639940728,2.85170270768438,-0.794788625069569,-4.94943510789053,-1.07746681797812,3.41861136337171
-0.228942151324216,-0.84620710233325,0.0380738415763057,0.807300730693716,6.64967286660177,0.652478206398993,-4.42452096061941,-3.3847503399109,6.01864216191493
1.41231551786028,0.0836329218289127,0.103299565306659,-0.788495669083532,1.40568569232756,-0.523682813557221,-1.54006846203621,-0.518178441769898,2.09021107180477
0.340824521825024,0.643028331969115,-0.904792780460193,0.357957719725733,0.273505614981082,-0.522175266268812,-2.94012784844934,1.78913582888728,0.580916136636408
-1.0622732443156,0.784085436950865,-1.03843584617631,-0.692651937870947,1.33044715188837,-1.08134555926736,-2.26628458511786,0.616621544900198,0.554223450176262
0.385033696163316,-1.21934972567015,0.984674685359723,0.0506030990743169,0.549264498031433,0.208887664120563,-1.8497287608045,0.0395510021756855,0.390450667433593
0.77847447044866,0.80781715456792,-0.660734179784156,0.78029904755814,0.431264889800874,0.17629045405659,0.545564578551524,-0.785032835728682,-0.0640838263760309
0.32039723152863,-0.415821275202203,0.289763928343283,2.22946393877528,-1.91199616039635,2.20577182074649,3.37063143796347,0.213525554101026,-1.73269257152484
0.373715123726992,-0.349093841648464,0.534704438191396,0.0603675564820325,-0.58481290612707,0.423967222487163,-0.365968715489576,-1.25003233656905,1.80137243421359
0.171374837031051,-0.104236214749219,0.864003793101848,-0.426071942683376,-0.0691634176931443,0.356390828617697,-1.91922533478896,-0.527696416707653,3.0615032900912
0.270265269814859,1.96021967114287,-1.0323052695498,0.612545868093065,-3.52051474041034,-0.516866111755639,4.23165976105542,0.940793707828451,-4.90061041991051
-0.0953849423196372,2.01937387147565,-1.3223900999122,-2.38918524247687,0.856583909471116,-1.9096422936045,-1.15922577422305,-0.07799601807116,-0.886379652491914
0.025371041146852,-0.111545336998683,0.815129143542716,0.660071715874754,-2.57395349444729,0.782811295003269,3.83297127756777,0.145067606935511,-2.33928633893278
-0.567927118521057,1.60175904807626,-0.533729909226458,0.236442774720453,0.319128907755932,-0.239065818998391,-0.834969709739844,0.653184711127186,-0.287351759228428
-0.349060969504094,0.69518607749197,-0.202236269261204,0.634820214833593,3.4272492344883,1.04458530765615,-1.34455165246235,-4.14394423700417,3.75049203767127
0.0466865844739345,0.923941568950001,-0.72679985611242,0.723749436329494,-3.74737492572743,-0.0296929175567759,6.02017987606961,3.1518846518393,-8.4223147947579
-0.219255470026776,0.736860146444398,-0.58172815815237,0.339931206685624,1.68340263671096,0.349346415425104,-1.85871310446224,-1.78230966711689,1.20469823747677
0.237506202530548,-0.469229493674132,0.38098663430777,-0.531665500362553,-2.54582549013303,-0.581983479557071,1.43017013442566,1.62136368782958,-3.01190005007262
-0.242154347368102,0.246655176972694,-0.430238144903915,-1.38378977053627,0.308233625933142,-1.09692454931383,-0.406930605916913,-0.0796949346951597,-0.350359846817646
0.188003835642962,-0.419679790521357,-0.167964319312901,-0.267001918682508,1.33302426096778,-0.992781512481814,-1.76596037496803,-0.706175237582926,0.793459936496954
-0.486004723432286,1.94256673622283,-1.03128194633143,-0.0649096346905884,4.06102870930814,-1.03190843090198,-5.0956577257882,-2.24349940540597,4.50119442109028
-0.474937840938758,-1.03879187522458,0.818300747849793,-0.295819452966273,-1.71046240143686,-0.351582030175343,2.98658157211178,0.733355112576424,-2.68831352950426
0.254188493118851,-1.92085288650815,0.641716148431792,-0.698525675605961,-0.375167338284491,0.470543951281935,-1.40419065905126,0.497250962290765,1.25338666210944
0.402992622777148,-3.05597187951907,1.60842990473555,-0.901631944791457,1.70901371129728,-0.13819105089855,-2.22690639829546,-2.59313313043048,3.546792441851
-0.112151849592064,-0.941262458571066,0.622127238992595,-0.236570450580749,-2.80641646661124,1.05153887162908,2.88146240028016,1.00182933674664,-3.34907641113615
-0.100763393182432,0.511817195960556,0.160832266377431,1.99152705613808,0.266598535718437,1.26098491434306,1.14349285098403,-1.89787922513733,0.834004174729798
0.70381439313409,-0.975522840774468,0.623680848752746,-0.129939414669002,-3.13664644394872,0.438305824898083,2.42125083159295,1.15815174365635,-1.12237708513613
0.474225161012672,0.755171224487063,-1.20689176299884,0.820459105913267,5.10009333939413,0.436321544778282,-3.31141980435201,-4.2111523430735,5.34596590355504
0.392126803928926,-0.756830963799058,0.12397542805962,0.032995520596461,-1.90790140730848,-0.133328024357241,3.64237742105004,0.750960717432088,-3.84909808241414
1.15035212587289,-0.635917096878163,0.473733736008429,-0.206682721340846,0.787347855650317,0.147368270868824,-2.11655814570867,0.155984427981193,0.662206513932552
0.954544428831758,0.580778453019919,-0.233010147568845,0.920224491848237,1.35898754747015,0.557647978276565,0.337782808294508,-0.905287327918567,0.363107361807195
-0.138004326743675,0.400172058167762,-0.398946690662535,-0.781879464264149,-2.0592812680957,-0.767897885496011,2.58049511556788,1.60310933268862,-4.21544116492057
0.204605528017103,0.186887878567591,-0.222984639007045,-0.57213403377101,-2.17144416596958,-0.552812335471582,0.587081325291443,1.44053499248637,-2.50687763711559
0.0592410410419855,-0.481164281983248,-0.755179514181076,0.291544158199959,2.60886959848693,0.449769736967635,-2.31879036416398,-2.46051337425958,4.42705509231423
0.919943328664262,0.602232830070596,-0.432049232523497,2.04197908749038,2.91801583722539,0.376411539007413,0.13200661995582,-1.05410168225554,1.29107585198686
-0.641393874523746,-0.205048513892459,0.737263760303352,-0.65303226184991,1.33093304952748,-0.941120798743421,0.971412390057307,1.210571203025,-0.366684394193863
-0.302563435392279,1.29769129078339,0.749302204794148,1.72020737632491,3.3983711415996,0.856181617082297,-3.08704141467192,-3.16136017672577,5.35134311183843
-0.325825743742733,1.12798901065626,-1.24480668511523,0.922411885773064,4.35402759243079,0.186082677292311,-3.28451595900044,-2.38930879940481,3.46152782747917
-0.80522474694412,-0.670317792688059,-0.104471044066228,-0.7836094244721,-0.620794556618318,-0.915555473871976,-0.329678815578211,1.03714051862731,-0.667076707046139
0.378280939831766,2.0853632274814,-1.32913688453062,-1.88811669976945,-2.25831069584593,-1.4235859920576,0.144130488992146,1.6076417179378,-3.10560995540634
0.624990276836986,-0.885331107345463,0.354026659394215,0.099965189621414,0.674659534116448,0.108281213415223,-2.18326672912189,0.782853279293288,0.42307011767227
0.541917200615567,-1.59903337439554,1.21503569021858,-0.158454546527155,-3.35798645139053,0.213750337518533,2.0242541216421,3.08907415657132,-2.64182366683501
0.0449618888101724,-2.14163609030707,2.04352048498746,0.0124174224668497,-0.182775555398913,0.999902186072588,1.0652838503403,-0.539660989666489,0.0793683596810575
0.624471174562824,0.337433241551375,-0.467768841549391,0.611981123746133,5.25328668046425,0.320932199363394,-3.5901576534358,-5.07214799137446,4.79429044798295
-0.091840203409259,0.0408576245316455,0.158404505422998,-0.820172740649276,1.72252472385344,-0.758515842770073,-1.22484811975138,0.410850181318776,1.39040545634129
0.0584407546592332,0.700642804300872,-0.604896472105198,-0.681787087918688,-2.2457611800186,-0.648674405826641,1.69471861343268,1.33458032258262,-3.24425571048616
0.398057754977845,1.78549942779502,-1.69163581081518,0.538160012259771,1.1329794640073,-0.917081381949981,0.213067328518158,-0.424318762266847,0.766451382723844
0.0527963619661353,-1.84495781555127,0.663580612351577,-0.261546775497353,3.22179471815967,0.585960022292343,-1.90556705315609,-0.835960837576676,1.42129271429356
-0.420972753566727,0.72027010823878,-0.476477037714812,0.573302998945889,1.13423020008796,0.377821403748961,-1.7262858260063,-1.52717671008294,2.69285490788027
