-0.0973435284870383388,-1.66301270231682441,1.24253467791319161,0.385753302191512271,-0.219412798643617735,-1.6599461022375841,-0.768139746561577463,2.78450065329880037,-1.74500428836778676,0.908900637401984679,1.34115505466155871,-1.0223863981354,0.552358404187298646,-0.369132681286419018,0.495337571658226505,2.48886531528567811,2.08485519235976158,-2.8209046391776087,-2.42613553184652275,0.95194206972874118
1.40558657961499911,0.130571509035423444,-0.873851759887592672,-1.82351347923742702,-1.65971061412264786,0.02784735321419788,-0.382075789947324718,-2.00889022570242437,-0.399133952361157618,-0.3497811523070119,0.438740475999729651,-3.03956010338351179,-0.813285236828224734,1.58970069504762801,0.378115116443725141,1.15675164795397212,-0.208758185791686868,-2.11507253867145328,0.449295752549318084,-0.375483812952841833
-0.87660915556397534,-2.5085321862794423,1.03568646285126431,1.3604741991426359,-0.0661144403165383893,-1.59011793130515122,-0.207780398915550057,-2.14461502850799191,-0.84671773075657597,-4.10114895099931331,3.39813891003410884,0.080718306357186409,0.769142865223624184,-0.0833517547134086934,0.0126650009124735039,-2.74784495921196426,-1.61977187707005976,3.36939298324737768,0.830994560634287227,0.904086979133481128
-0.65923983243264539,-0.348328195776936911,0.179857358104445253,-0.215472249468715654,0.79310153034594344,0.326222944064385179,-1.93963034968581716,-0.602553477711712193,-1.30812868677391303,-1.67929175947355458,0.0362699588773083073,0.3492753254988471,-0.394502691039234243,-0.674257771718533516,-0.000551197494576802813,3.22765277812848694,-2.47708078449096858,1.70255416330473253,1.15271253777304383,-0.163755414132119997
1.65425487245373115,1.68880654009080544,0.808677362908480024,-0.0765004141307720487,-1.22798612493772286,1.80186507972013943,1.52217809315483521,1.52070501081907294,-0.206287491731450251,-0.353534508075141807,0.551032594981629487,-2.21388516212845365,-1.04400876219421268,1.95513748163168355,1.29545226472725239,-2.67790286255998788,2.41466222860593005,-2.58808466822314287,0.910537607772873958,-0.950455291134739366
0.485734163315705625,0.74842073587694169,1.12760055127854963,-1.33135943749721131,-3.80237440006651939,1.22080385039332762,1.71539013260432505,2.98100762101204264,-1.00081280724589261,-0.245689137362481019,2.69346811297143907,0.886358916929672502,0.10180715698245868,0.524368291749685467,0.149798295700905665,0.206482223132768039,-0.58484588850028596,-1.87023000031613273,-0.072765174374771896,0.186931801625608907
-0.896809455057567706,0.0745897875407418448,1.54646337652701238,1.02135727396479159,2.0516943988731966,0.399143959151248284,-1.46867764571974235,0.454141442719201927,1.84020562285601685,0.789852898003574611,-0.741453456373212028,-0.0282772066110000206,0.00509604169071274649,-1.4000493947927104,0.659930897705067299,-2.45384536480609627,2.91081863797564866,4.1627309448124592,2.6237601760176319,1.65944910492231856
-0.367558075789244376,1.45794962332448441,-1.6283570316916236,0.0458244774922255613,2.92465558084090693,-2.44138004666133002,-0.950775679407311225,-2.14396008908113833,-0.79795362134870973,0.595671451551929576,-1.86770566707309427,3.60236755333768599,-0.236151104927545874,-1.98957328713484749,-1.15818831785042642,0.0847320598870779651,-0.532128624440135756,-0.602398065960121021,-3.74757663583807954,0.966121481532404847
0.168050153770206268,0.0060448371562247423,-2.02322404636230679,1.29629523705425953,-0.237947107164095867,-1.31078902703525935,1.03473591501546736,-3.3845170102495814,-0.553023345190390869,2.0972405801715075,1.07692533263981116,-1.3071590535900659,-1.01004653725860116,1.22367085673458198,1.81613355859811265,-2.40352192963634392,-0.544737423224221362,-0.640396490724353673,1.43325259209114964,3.81597758363554673
-1.27702416995887091,3.24260884000770133,-2.70693024130325721,1.45527603017900287,-5.38510629477371783,0.526219112636171049,-0.893562100204654319,-1.70730685298734075,1.89086415820754605,3.87705169869763333,0.979918787992469009,-1.81250781357355617,-0.529769583873435645,0.163492272239798203,1.04975366494332345,-2.0088861666785629,-3.68612818971700262,-1.36834208109848077,0.495613156004711786,-0.216142831996881363
0.298142199577394296,-1.23594353108845723,1.83617126128912633,2.50238052225822472,2.02893627520485653,2.31561305006857054,-0.494076664187783621,1.57585665533369523,-0.141722492187070476,-0.659925510401716431,-1.35913112520582313,1.23335070837689154,0.570859075456260578,-0.102805911564189542,-1.8990764040419319,2.60634024376290663,5.01462987785379699,-1.39088067840617846,0.115080021416168923,-0.382671145230051968
-0.816806110614240688,2.99401041035169246,0.398551869520617108,-1.63931562967473177,-2.33879438460026234,1.42137723379089254,-1.88780110845167926,1.44762488491766073,-0.546619638580127742,1.14049075175986125,-0.162226377006320005,-4.02706135325058057,0.587427910861875513,-0.617280605594880516,0.830861456317948499,-0.582214993409674975,-0.402774175949693836,9.04642382997191952,0.430805887652166652,-1.2945940987647897
-0.262197016771785696,0.86035163492228417,-0.596395303662293208,-2.28801429804988032,2.58363250015242718,0.148967582149714561,1.04886719497284808,-1.80996405842518437,0.286014476690393205,0.273272494683487688,-1.11293460161909308,-1.31504620574579767,0.197081300843603313,0.487524909719962096,-0.386997838096176383,-0.399356226075208876,-2.97011859892733865,1.08627761669891387,-1.18621178884854328,-1.33296297090046756
-1.38754286591824183,-1.43969160978899091,-0.644646167906516299,0.0251163060623063282,-1.09887756055977825,0.953803916956275644,-1.05749411175246721,-1.81849671702201321,-0.127010881805354775,1.32874567545858135,1.36929413303419345,2.13415426839555744,-0.50851481822741007,-2.01341051593056797,1.66974141993237102,-0.588191065550659364,2.45615055994643683,1.30604729698013378,-1.1405729056018985,1.02700501070251238
0.295710507495608454,0.636440797212460385,-2.61729422901336672,-1.37528819013243941,4.71643467348374656,1.13511242304682325,0.668942446347718156,-1.2403640652875596,0.159932198707426421,-0.801699886144798923,0.562511275885999029,0.975201067032474556,0.763265328989929603,1.53108555435361282,0.09691189282412975,0.0196435001455449142,-2.07959626134318709,-2.67957847599680843,-1.53018316211467797,-0.879850084892688789
0.810677135719220954,0.990311315441937623,-2.80091708951876051,-0.294592487022205252,-0.923732347385055941,-1.5470486720100749,1.08140031301021367,0.885968132897110294,-0.729156784640848543,-1.22288859401804229,0.338664188768326879,1.64531988539764984,-1.62048169123290431,-0.435041696370101538,1.90557204397154423,-1.06687090785344485,-2.98484577378222093,-4.13732242705413533,-0.782714951001853065,1.63221386381513889
-2.02752352265437974,1.13670899745934229,-1.07683988513920026,-0.998682651180404224,-1.07125927257073816,-0.961299423285520316,-0.0590421499065780092,-1.33387228086269261,-1.33603472812219359,0.568900713195531815,2.10228952144925829,0.143516046926833035,0.823839297504627588,-1.94550689748888472,0.569621404808416498,3.88932215258566893,-2.06793068377698663,5.64197267381213496,1.16689667327311231,0.0188473072921790871
-0.392744744869569007,1.98229994477989879,-2.3056873208200952,0.298252346282921577,0.760671164937242961,-0.0586698135688080921,-0.39336381612245569,-2.98419369924844302,-0.397018388934007871,0.406940016157810114,0.792753254801735197,-2.86535107832217406,-0.538185188844393814,0.454089299862646956,2.16051293105513142,-0.481253100220984276,-1.41178935230801605,2.33124545866122279,3.8648658835997507,-1.77952982676786453
-0.533583966275811616,-1.28893540677883078,-1.29304813125960805,0.466066321408693529,0.394085556953190863,1.87543018434109965,-0.708465470477331882,-4.10931708488800673,-1.43734084934553663,-0.882087410772651515,4.25871010071512401,-0.0798297907077776675,1.08465226526530167,0.062694404651850652,0.191299188696559708,0.72905617960035074,1.84048324220389414,0.479523003126862746,1.86054558486186195,1.11038932298991866
-0.615317207673631517,-1.11530345013451937,-0.0981877606281321563,1.03136020045736165,0.754304046903005676,1.08078396756329176,-1.42186185638678131,0.34639606743562712,-0.700965573220848404,-0.480376397621988582,0.620895595656260291,3.08195672511959096,-0.521235412541455112,-2.10102206760223487,1.06968036830562285,-1.84811234710477401,-3.05021812725208141,-0.733384118517233063,0.491009180598894979,0.197400566565358981
-2.19953957188934002,-2.23439402399428921,-0.090463370839333479,1.29771766036530734,-1.03702296282139894,1.25520987928554995,-1.65064510411410836,0.352302442287857787,1.11784383497398032,-2.85455461652967291,0.61146103296049148,0.985276215102486863,1.91394281324687632,-0.559721712281512018,-0.0365960439756958383,1.75689020553260389,1.0681842456064472,4.83930069041767741,-2.27726028526837121,2.02149304623389003
-1.13046652531530412,-0.988200652195574403,-0.830036228918316077,-1.6746273807441745,-0.415809318089395419,-0.0355593717646401977,0.417076977543568983,-0.299044278342596725,0.70399690736180931,-3.3865842705542093,-2.17336952345161949,-3.11710868344165792,-0.946791983766782419,-0.436776814409723324,-0.55036477991250643,-0.949896842605515657,-1.67802284205571972,1.40166227793317555,1.81951466010957441,1.63605654550074853
0.09175793252476451,4.27487815458255938,1.62089498847756297,1.10269983964411411,2.37903934446109222,-1.42444607584401473,-0.750444546503025722,0.156334298274160566,-0.489784075729552404,2.28387484549143238,-1.42965957189757154,-1.19621003560162431,0.116676940053436748,-0.743762489236546975,-0.496983169316919493,3.00005575234174504,-1.63223499380127279,1.98995391663370058,-1.02450214425663155,0.399112087452999864
0.241235234167201718,-1.86721492441977621,-0.520577004659497189,0.356180664435681416,-0.181263828302107549,-2.10287097676259815,-0.805720666838514843,-0.552050314316890445,0.509824831454653848,0.532655477131856347,-2.97559922472292238,0.66022845986050549,0.731667857410817635,-0.902912938663644637,-1.01007691414335077,0.327836378715804955,-2.89212083280914856,-0.533645604277261931,-4.41919252290024289,-0.355401526543418167
0.857140593782550808,-1.92511185237504412,1.90506110526435535,-2.25748404809191294,-1.29516384576055965,0.829404351290322306,0.0677750664817179382,2.27212108543442648,0.836383344322586875,1.30055829454282401,-0.61429812068227696,0.843661614413945826,-1.02441592182292807,-0.521157645977562645,-1.70593105418914415,-0.494250182082411393,0.0628070861831549754,2.3204645774647692,0.422487583477627326,-1.1291371211877077
0.568278637342673587,0.322592143891568095,1.87241221719852247,0.588567638651528724,-0.461708992212637392,-0.338236204854201916,-0.517183605098984644,-0.0939187612121177295,-1.47096397577597249,0.633049776903675476,-0.455991996122844412,-0.327143699437566104,-1.5381269689586472,-0.097771099305206402,1.21812788237467173,0.556728953769089707,-0.525105592054348036,-4.82529298646175864,5.11803000001180131,-2.9658115883650189
0.120977389654808587,-2.41464998752873594,0.674003578467053499,0.345250778933957281,-0.519119641842820334,1.51521302005095437,1.20071277191191372,-0.151098228655327904,-1.17508295354324988,-0.635066629260478632,1.78269598791082795,-3.65654813755335573,-0.434215611713332783,-1.06098114651439168,-0.535385033400215815,0.505760881476601698,2.30451786448346407,-1.67015974535136413,4.66510376914889502,0.362995518032110998
1.57997817185877309,0.278819016042974155,1.97673682695477693,0.0694915555097487675,0.825943463995230887,-0.274829813382571175,0.47855547716379826,3.7603087923249765,-0.617725747412129822,2.17124999737338165,-0.634390319149673032,-3.19325505061248149,0.112659344932411754,-1.95665580823680307,-0.69084088058111115,-0.714329157523536651,2.89552502405256895,-5.60656439742100243,-3.17455342365089077,-0.0326392330915963522
1.12052220588609242,-2.40366874687326515,-1.24376799193503818,-0.111448874257765063,-2.56905543300087125,-0.417655145002771844,0.46588975098361568,-0.807852149729225699,1.56048704528206006,-2.34184699002631502,-0.0777208024734975106,0.925501199102482075,-3.21023420500133039,-0.0523606347094356245,0.388030123134367577,-6.78035501982928679,-0.886963586762105072,-1.19398186104238935,1.4362220551730327,-1.14231695643307019
1.69681416595783174,-1.75518423498930853,0.664477257519713427,-1.24005577253658039,2.18694602217506828,1.22097717226150682,2.09981080668036002,-0.173304730326082068,0.771227454257826794,-1.49584830166362592,0.145056871275465626,0.029683167232865907,-0.910192108090060237,0.88763719196408275,-0.657082293800582251,1.29789638635487137,-2.20647982662342335,-6.61922996622098925,-0.961318530012729822,-0.158764683241612747
-0.53896909802029791,0.204410864599086556,0.508699490052138437,2.13592440038564435,2.25154198716905407,-2.07121162652121482,-1.58952434005142673,-0.240478092545430983,2.46870609059185364,0.472076785819511346,0.106360416177222791,-1.01761187505583028,0.789617845609140501,-1.90376766609179682,1.46874807051969936,-1.65801025750628694,2.30652546873149333,3.99774856499584974,2.78101486676549525,2.92295783793503183
-1.79007122311947109,0.852057478493198128,0.182236493064171223,1.08788226932916876,-4.06100576293480664,-1.93760614216977234,-0.210054331989989934,0.831868710113024434,1.64618487268308722,-0.302235037490788283,-2.17541319938400246,1.81964435928994761,2.55566704878052553,2.01479525911046631,-1.0169103572434357,1.56898049451752897,1.86498872080047051,1.95527241293642584,1.0539522801944663,2.36028882950615859
1.06312913380097651,-2.39936439179104477,2.60136635859875298,0.631263694444601287,-1.50419816138226436,-1.50207958568572142,-0.116874727910383308,1.52980161222188471,0.0599335412110643256,0.455258447427375978,-1.15487600985568828,2.26540654659787144,0.42947103717241164,-0.523671620009814043,-1.95997145788777516,1.41610080194089982,4.26567048505674062,2.9595311536559894,-3.25993125604053846,-1.91740645097378559
-0.303850557096208507,1.5454743349309934,-2.22515198326970198,-0.814757456176544936,4.12384498425528179,-0.149053200254115947,-0.0259385738035889692,-1.88887274496749868,0.641299686050827655,0.920395291579809594,-2.74623285126369554,-1.46773485645882174,1.08971926597311741,1.33546450299124886,0.727913256894587524,-1.85267126842925722,-3.37646763965812546,0.215596550971468875,1.80350933893271148,-0.972322619006414812
2.45393761583776593,-1.15840553257979173,-0.698753427111916237,1.05881962635814886,1.77320667884061134,-2.3376466288687423,0.940345562900799958,-1.30568568050073019,-0.175980583320898637,-0.0583166482776118211,2.02974475427345435,0.574430479832311547,-0.676048821201594596,0.663795751065342721,-2.66172951164651295,-0.463426623997139353,3.02073803471106039,-2.13845544426810763,-0.633996234315373774,-3.2815878524102704
-0.769326494461591959,3.59016837480550954,-0.545840220657502817,0.233389642653766244,-0.875295293645674377,0.544084215127363602,-0.646432848566752982,0.397694360016213166,1.19586278231118115,2.28466322963992452,2.3557432217994223,2.27575172051073915,0.812726104081466949,0.283570217253397483,0.394846264908845335,-1.26061112418236076,2.95283503471593978,4.04873019814147739,0.366669737167843679,-0.433880253498596102
-0.707387850123310957,2.60217870100202742,1.0237651888023156,-1.34278283996503434,1.92952111058266618,0.436345060776087923,0.58096506642507606,0.394614479516269545,-0.247685434014260963,3.10004675856891732,-0.351560466102046276,2.55355278408396735,-0.951058404634936294,1.60243187623508621,-1.64768367311646102,-2.012680451031581,-1.56124764477126932,1.88664290732121342,-0.758459356972118082,1.19469988829727969
-0.0793156277980772151,-1.14131449605577839,1.38733200828499093,-1.25545970524131789,-0.237208317106423927,0.788679117649310202,-0.783315881667340785,0.842124754452135749,0.169889684783587624,1.77690035891595066,1.84655892633908292,0.176287503093548292,-0.818758056350210262,-0.688463479659807587,0.212939601711066073,-0.553889643114682251,-0.0852871564920336944,0.756547472181021585,0.0476108989919131961,-0.504028692702793712
-0.727941216845281458,0.18035848176980368,0.538297352073544899,1.80683276629027745,-0.145480379069382021,0.681703925278647094,-1.84641610049258165,1.79075048592471942,-1.179154211466237,0.756097745563764079,1.33177433609882412,2.00970714342019807,-2.37983247457032654,-0.792618240765205373,-0.0687605383295427364,1.57338969902384695,5.26177945102149103,2.33738473752690767,-1.06214906395661957,0.555965418937279021
0.989908572512480656,0.316676279046670062,0.689247978648325876,-2.18153386841297126,-3.48020701029447732,1.88067610986986589,0.829998205295836011,3.0896650405199324,1.00794630640520655,1.38270382030197148,0.507357824797922019,-0.700272061253995881,-0.326584651412240856,0.507058092066593025,-2.13343664185230741,0.207217292992495555,0.455244616519335676,-1.96331328806864458,-0.694401872198384562,-1.9262840788559612
-1.08223516194378599,1.01165158876964845,0.624001259633281014,1.10517779154318929,-1.88991151352158804,0.00640073997978757823,-1.45506830886273297,-0.786864294245722018,1.03178384983173133,1.55576615114359629,-2.02779616417106112,1.96265252388056122,1.74269651226720224,-1.74565434188977031,-1.75371057500727323,-2.85330572856136078,1.26336184821970265,2.42997458287710222,-6.08668375970114806,1.58459329071034172
-0.564699651004890835,-1.43824241794901164,-2.05505756253558935,0.2603069853553312,-0.794374554907370856,0.0152439670148260768,-0.760470415956273071,-1.01725495137343103,-0.605625124812316562,0.0188465316947031038,-1.59070503205292213,3.00985814652351724,-2.10124619324151762,-0.472628091472462653,1.08705992472240753,-0.881426238529028683,0.683804612349889318,1.26580483573356517,3.32779057165422865,0.122963748544102899
0.713718684492761546,-0.492277236434402188,1.0366049857065649,-0.585150438733416101,-0.897536184939917048,0.746261925563812212,-1.37473299458137976,2.29062419302910136,-0.316561509304497946,0.126343157410255619,-0.718559088950546543,-3.51641297820235765,-0.490130677917303026,1.30466477408190795,0.339964271205488111,4.53875749941481299,2.39162066519304428,0.709387277216612877,1.16340003508786882,0.595337665155068585
0.795757570305270723,0.68350166648303301,-1.38439827696485995,0.447529678363441652,1.88566869710030782,3.99228178188998584,0.231661507111209003,-2.45792899359305395,-0.39440615447501276,0.639385752974421462,3.95030290036270193,-2.85519039730327062,-2.16682727207152137,0.400486643142000054,-0.125714129231740218,-4.68108146067074671,-5.67290867901160123,-1.73557272282112707,1.78114566735714108,-1.05310670962523756
2.3609807057718335,-0.686256840547281199,1.87113144009330878,0.88309874602615035,-0.736677640249011834,-2.57839031555224052,2.80204058986011084,2.51375834928380515,0.733952705321365362,-3.15549770399014529,0.524056564261258795,1.999956859512521,-0.208327831207153397,1.22915100272164346,-1.39393560973725816,0.900096603774321768,2.06813051571706774,-2.88103820774388231,-0.822225090399617442,0.59670318348175988
1.00444443877124856,2.79253116624993014,-0.837919992551333204,1.18601527250616767,0.844997667384098317,0.977118118915211942,-1.24737222901723777,-0.0806208012726188916,1.18236875125314844,2.22599549382053397,-1.76921259619498827,0.128231797414632531,0.28043704715351192,2.13218927909649825,-0.158109255168671026,1.59551593611813347,1.85113561334934329,2.20391756449993759,-3.11826180290049448,-0.479425534133908871
-0.964012954626829233,-2.88877896610888163,-0.0346044913078106392,-0.74233226601611435,2.12248179542207271,1.69488512772527788,-2.84438817540179567,-2.09532744928919534,0.263789034367960529,-1.48907809402010649,-1.64315877745799166,-4.92278177287350616,1.33570886870601924,0.151080538896076977,-1.5145746988113129,2.74929247437245916,-1.0083749384557783,5.57656155973588596,-1.48952621681182751,1.82136431478222072
-0.718566300929711299,0.724521662423652679,-0.157539510657400322,-1.11853282450705005,0.694957116314401713,0.202374799028243735,-1.79606965461086387,-1.15079144050586191,1.44479165300926349,2.3014062836518332,-0.247477733562937507,-1.65860327322636714,2.48238308024580334,0.204263572413773992,-1.4091846439857858,4.48852241450000822,0.28345894028940849,0.820863342134345864,-1.7024170969465493,1.74123019964645875
-0.255644986308408206,-0.704416255413652492,-0.204758654592940681,-0.933312622646471635,-2.79977324502370362,0.274276641395186982,0.601050181505685788,0.0380482386137566686,1.49465381763668614,0.992755499039071232,0.945495846708229171,1.90199016689389433,-0.228875357242074778,-0.740959937990087525,-0.944533899164653801,0.773260646328333356,2.05448575244153142,-0.63712082826964278,-1.05592872781964453,1.14475720343058751
0.13613294537051529,-4.82179718792418122,1.61895223831817781,1.69825016880879942,-0.364481390291394314,0.212924800482861942,-0.618557373229924878,1.44325247534342949,0.257397540915466849,-3.57849804508267022,0.498092141344113837,-1.21940420633629665,-1.46595004817623975,0.12898591939970741,0.522740099039015527,1.31139064350876877,1.24605588385066501,1.14804952359883083,-2.23803139553206476,-0.0612157480623526443
-1.07571958064053952,0.276404238986209805,-1.01129779888289395,-0.426788849750861621,0.301246646598702483,1.9060150835321199,-1.39817144610836697,-2.86572381862289127,0.30576619473806721,0.0405719297323060696,3.32986447589757395,-0.244528606431280132,1.42822311959888548,-0.691680518197683836,-1.65812699770260652,-0.897678286475949605,0.129794420963806778,0.833249942542891309,-3.60245768203098615,0.362575055132590141
-1.43453478958279934,1.91319813889185664,-0.54238398918518127,-1.18672150001224552,-2.03895814590606062,-0.253973883678498547,-0.952125421593942978,0.421750524976220287,0.122939169052349737,1.56701274712603422,-1.71953853376403831,0.171987917467136875,-0.0819530251685431088,-0.808186717235618302,-1.08425863078725682,-1.18692266698289783,-3.80897505927108249,1.03125656957142264,0.819926071842723481,0.742470454181380246
-0.0971690345753927209,-0.261259595065786943,0.310461638906284532,-2.70820449310452371,1.14631411862205046,1.10880074751247637,0.889516619821427601,0.0235977746588319458,-0.446813424004378956,-2.05488913822985442,-2.55884642464987921,1.82681432636525654,-0.494819226006228019,1.32471941942736038,-0.0229278456426324981,-3.20289067238340053,0.620849316947290286,0.0337023027362790412,-2.31716781530250326,1.83001798856741771
-0.799962826880385558,-2.48006911679574049,1.80818153302373763,0.0841701789760295055,0.873616099016976122,-0.0764163136047502495,0.37448063061831649,5.04135073727476701,-0.824304121611561524,1.50618475474914426,-0.25101221173906324,1.96245168404736581,0.464121006911358769,-0.0111366169698349556,0.885504992697114801,2.38764077385085782,0.51043634616812672,1.60019052017028574,1.56744731505954515,0.655446034284917989
0.437224359807245111,-0.586467942451697866,1.27254101923611107,-2.62729672391325897,1.50972735260965663,-0.658542113642653582,-1.08908254218168121,-0.845382504395982393,0.887544630303699122,-0.0751205525320974982,-2.85278334086309338,2.37990014298756059,-0.0066500497313081346,-0.705003970197200847,0.839332345262673751,-0.528175222943366052,0.225485638468172128,1.26598689707839362,2.32381656436834572,0.782005371699737384
0.0923028378461646093,-1.90504114935038049,0.135326669093646546,-1.29790532452400842,1.37525620011246863,-1.50532982405657378,2.02491532388426432,1.21826857346067952,1.10334865030198648,-0.355844488125987124,-1.04185090316679618,-0.0639657199015718908,0.844664936010387835,0.00370104931586007083,-0.227543498521729892,-0.676242635258593849,1.52856805804282514,-3.26266726380922778,0.369335964588378751,-0.842097536086065412
-0.550615620845021025,1.40625034683617178,-1.46609921226743478,-0.905864932815757751,-0.350974896145640147,0.193420467928255208,-0.452239750379698102,-2.84680903051159451,-0.521916439475333949,0.538446943494034103,0.404745700638780292,-3.02017317886950298,-0.148526864660563862,-1.26192126678840499,-1.44515030328519933,-0.233856294143569982,-4.38379981451821088,1.76603908656823072,0.558277370572033638,2.67172962435581107
0.912049747823620471,-0.206418976810672783,-2.93286856228465753,-0.639191965327184031,-1.52861864552822979,-0.0129278209504932913,2.08627450063368602,-3.43014489232592945,-1.34264670176150802,0.88421857247801805,0.208336076185367508,-0.455386058676849836,1.21123496409859688,0.469902263967532985,-3.08882583135786959,1.81660025762753552,-1.49865007662170324,-1.14690879025811743,-1.69676463311856085,0.816709172467730338
0.558989549442816536,-0.411817805953228699,0.33594133105040086,0.0971977739810777064,3.17050970313494762,0.279433516552320516,0.185728485845539942,0.143058200417245818,-1.32016881646910278,-0.74053705013541582,-1.77541618243015509,2.54969121229056794,-1.20278018273820786,0.515771738778989408,0.717304458355944363,-0.833570272060001671,0.193440110548003058,-2.72165114920630291,2.62941146658233471,0.171969369871071198
-2.6018437062492481,-1.80451191240230413,-0.903743527600968766,0.380424169121423406,-3.66677354768470298,1.07868593698902671,-3.19723976366765772,0.542574123325284097,1.13149689252614172,0.755774648756684764,0.962806769640637494,1.79610932063797235,0.736494535221756341,-2.04295026195135687,0.751981090764444859,2.18354224303522804,0.707337801988421111,3.5637509201910067,0.599567787344235548,1.95446380395096009
-0.399456233477089528,0.231499653566092728,3.65252904545832147,1.61648920535068785,0.919686924370775039,-0.650729464468435714,-0.479265627093960311,2.65426946608438508,1.34481885560567505,-1.72342346007920244,-0.097674765922076523,1.20261198953130033,2.31349007446086885,-0.108173599291417913,1.67340462609303309,1.63016536278952873,5.83065985301472089,2.08703050007885382,-2.61235681459150904,1.75325961592233259
0.992882007073119799,0.501233943046867858,-1.6816489735281781,-0.246149170202054485,2.76157268662185063,0.131443089612313879,-0.0578465805088243454,-0.768886582325346568,-0.235362274690296802,0.636710090817157015,0.858272583412873491,-0.677781021203526346,-0.00565851744545915834,0.684164885464281669,-0.456373206445895074,-3.67127476088009308,-1.74203672993839964,0.434345311987724358,0.3231296984206114,-0.223584033523153231
-1.15175123475804408,1.93078311564658645,-0.63999552402724269,0.00706457366326542543,0.611958849269502059,-0.617179769986073268,-0.929696688924396719,0.175939077761297608,-0.170284698386145433,2.10697518159892327,0.891683866753889109,-0.360111267545232816,0.203828534561624364,-0.33140847266242951,2.32166436249020203,3.12800326183858113,-1.66348807002454713,-0.473765952008318114,-0.189620971706638775,0.619798815437768602
-0.542394176300999509,0.64279947320266273,1.15104198092664078,0.204569666354482621,2.61419983980052839,-1.17894104098803476,-1.22104090083214101,1.59025527179800608,-0.121297104032961053,0.457982671375625428,-1.02411009453542667,1.62424858770907088,0.559831127693084185,-0.684597335978467836,0.0709107071253273075,-0.37452437723937565,-1.52554172367599805,2.21772057733161798,1.54137695912578465,-0.187075945869126736
1.01279264030782157,-0.263880254198611275,-1.82800037283394778,0.47150192360073806,-0.411373710663450576,0.298005478713658234,0.810107147904933211,-1.73466387738696826,-1.38255628893308669,1.55475817505405733,3.32733384067003124,-0.0593884162359670856,-0.818511901962613031,-1.84503979870902124,-1.5265256837039487,-3.14107179304249273,1.56328039999919066,-1.70433712765044643,3.22841468694509093,-1.08056954550018003
-0.860787413362177678,1.2316803164877943,-0.132692281269172013,-0.0472947737147285385,0.134716481723477166,0.275874317758180443,-0.718078210003197936,-1.56296911203988853,0.406807633503060428,2.88928033136333529,-0.580116634703407463,-0.900530363844328607,-1.32763417446683496,0.793475381760561871,2.27501349595260915,-2.32680887489888288,-2.57264437305144611,-2.00720600796515258,2.85711185369246712,2.50960178867375738
-1.46599656068746032,-0.0431317993572947062,-1.28230255678798577,1.26172870906823253,0.721818748857858461,0.243346421702413912,-0.356340641093279509,2.82904684944095841,-0.876358690157720499,2.2942880794636169,1.40168053799879666,3.1479303549851485,0.601042135952714385,-0.724150697100211294,0.270074373800923417,1.21615996281177319,-1.89631886578428865,3.6030599545100972,1.14495780908111633,0.845802151778609734
-1.33514588423155112,-0.122787250857659763,1.94250907198873546,0.16315543954334763,0.717595163062997199,1.29468706930111321,-1.56188161564916372,3.63091903289544371,-1.34521362282538237,-0.200986634113931611,-1.02615857309900371,-0.517073251982276161,-0.4078252350636285,-1.44685405627083252,-1.01530847695797966,-2.39442896464239885,2.39058354124002381,3.08261115932041019,-0.289104274989527232,0.684615974067178334
1.23488844882559956,2.36404634535032798,-2.34632668954710599,0.480664931808562845,-2.09874664429487501,-0.540507113588430954,1.38880561376867107,-1.8034027271144899,-0.50102666380201466,-0.175127755038835153,-0.29129114123287847,-3.29530399032281185,1.18470824446636458,1.27483381641064253,0.205053687254388717,3.57393594961731553,-5.80605950405021964,1.57197679197726181,-0.598115068566491104,0.258597419698330777
-0.752105182035970765,2.71733497163124937,-1.08701699457059986,-0.354278382241830836,1.50238595016486021,-0.688651968837736939,-1.97387884642518574,-0.683433076514670335,0.223861196335760682,3.26699092504831379,2.28985215320713609,-1.67443611450078,-2.79881342695642221,0.330353316981268907,-0.103599695618011925,-3.6464661238094207,0.700558401034579892,2.19678583421285811,1.34917507627680844,-0.13858483169502836
1.10262888867282038,-0.251752565652453963,0.305273946849208111,-1.25962390807782532,1.01185219740553678,0.276494991298063209,0.617949235833893384,0.087025021715649728,-1.28234841404241195,1.17365311943747774,-0.383385935895426744,2.0394195687563399,-0.204184239326826972,1.27017322067215988,-1.64026005278018827,0.704686855202426243,1.06889279961359129,-2.01542119379361573,-5.58079165705379054,1.02118245764337057
-0.412977715424717173,-0.378384468801054641,-0.895304599730628259,2.67397038662185116,3.0481581306061698,2.09313810272442735,-0.0174130828701816072,-1.66305664754697347,0.391203678642542907,1.14305125884843051,-1.49944503044106803,-0.386559203801298545,1.0578436058616183,-0.183858059153368114,1.37598929503565315,2.37128037783186096,-0.822575248415192695,-0.42707195752974475,2.10767557518789284,2.25000993704031416
2.51130859594382949,1.95879151826671549,-1.85616389618321898,-2.07606423434596188,-0.116216149107883096,0.152630642644367182,1.75184561412564088,0.273085861399844143,0.748801022988078713,-1.03793255453464361,-1.04228399290034002,1.59001366163884161,0.563455727130188433,2.13125380939795273,-4.12798873697028146,1.47113712156152743,-0.486270213262110396,-2.02045599999257286,-4.96878643630639516,-0.284140784001832514
0.661583868998984692,0.129385003000635157,1.51432225733793313,0.0650596857651228461,2.39363325664256266,-2.95887498876841182,-0.542327604256354401,0.407916196111710538,-1.62178283976423243,0.827690366555009049,1.99559702552120832,-1.74645377924261358,1.86194119520933254,1.90607130785879786,0.5788277636455329,0.748007979505967424,-2.87181014807977641,0.926840667172940225,2.54948429984323122,0.843671810184816739
0.668003075997471552,1.16703011650719923,-2.25344602174758268,-0.894132937440146214,0.450661000703911074,1.69302815440374199,1.44133934639481964,-3.74834485429858288,-2.38389664305179405,0.424781674058954895,1.42351855568694075,1.74295363623559751,0.816697830974209005,1.55118111293428562,-1.59086220090154784,-1.41062586172305138,-0.274469223744950752,-5.89186714586873261,-3.97289332277119334,-0.71259455553968698
0.0755633955472247015,0.283163149998821695,-2.74993526145803502,-3.10243418725506181,-2.27758703838784538,0.232511601626587572,-0.960660854142183274,-1.17695049335109436,1.33590747822652745,0.782294856169245767,-0.763072789438740462,-0.414652357792948012,2.1509669436216452,-0.424494571284197653,-0.321540518049585611,0.0563932522462301661,-0.802291976000809703,0.209970319117009641,-1.63353748225175033,1.85020978781184464
-0.440686944245404166,-0.910676008865086484,-1.34809497607765283,-0.148680123806642389,0.0992587622748941079,-1.31268792321312899,1.21898041071391483,0.457619963921713779,-0.652263768792596177,0.728203406406872089,1.5221328326005279,0.179694857355736093,2.07482336569220482,-1.56104721920761369,1.99976411861191861,-1.54854464504664513,0.895698679898453642,-2.51562477665620987,-4.68707525301823669,1.86024669659451236
-0.881985892585047671,-2.32183558537164458,-0.398541700891000272,0.236763464351693348,2.24553061470617799,-0.82499381954479456,0.142077897000529557,-0.197914482089704941,-1.72959152642192637,-1.3617750734669436,2.40226007117793738,-3.29357467353589906,0.920865577480311837,-0.321810116024770776,0.612006998925043399,4.01466780838815041,-2.35386134526262625,3.66734874209127826,-3.16238088991529143,2.31071882297219178
0.55383557811420947,-2.42944370299045698,-0.76093298249646657,0.679469775952526112,0.357348991319044074,-0.109819071489914752,0.0771666767358631933,-1.30724453076569258,-0.979162262977898878,-3.28199299954657908,-1.23493447948358348,-1.76153374195499035,-0.587502707694286586,-0.143122792104455443,-0.498125453154662834,-1.27885479142384284,-1.78658595054245684,-1.62864570612146231,-0.358593664921216915,-1.74598016630663899
-1.93984967525874596,0.891016515545001719,2.76749681979070372,-0.0110738282116829134,3.3230336630452042,-1.04443092648785152,-0.82835591332839642,2.61892880905706082,-2.00515465310874808,0.939889812426436655,2.42742562325175726,2.18160915526598709,-1.16576249234308205,-1.01159649073286828,3.04689509477595299,2.78052844723464521,2.9027534650297615,4.73982103490904638,1.33511487946278473,1.56097760523945217
0.304487196599433352,-0.417509827461137517,-0.45103147922320419,1.82376434094519113,1.52571175350107224,-0.539394571015430424,0.00717215607165150142,-1.9336451200288971,-1.46581425361802742,1.99634609977531996,-0.211379436224018974,-2.18414280369497549,-0.0249772494562101773,2.3280757578977247,-0.359027595412000744,-1.89804510804730642,0.209015332644521601,0.654827756888057388,-0.181646411957106041,0.77887870948343263
0.35349918601997482,2.83088076039480763,-1.29273640536830259,0.0617612418449872344,0.309241205203962866,0.689735234466457681,0.535848665716516792,-1.02411541998515121,0.747091496774282326,2.86282158207297543,-2.6682653413995463,-1.00750276262102378,0.440371452774170946,0.392628549329291088,-0.972270785719466457,-2.16248656563589359,-1.40435394561439209,-0.0437746399652822193,-2.23377457061079943,-1.4109941716226746
-0.463389295399177448,0.113218669087091328,-2.02931211002536482,4.07474593212559633,-4.76837190919896514,-0.88289563335513066,1.49470846677004676,-0.569558002714379397,0.394373173867090809,1.09600420767494566,-2.20194602941368656,2.72161498779610111,-2.23733760087169165,0.414122474202540281,-1.57983241225682058,-5.00763412071529501,-2.18038562535835201,-2.03541537403162565,-1.13326784789994317,0.659644634091062776
-0.371259087776065699,-4.30432440830084406,0.491240408581437138,-0.0669692207517465776,1.86556854788513804,-0.167430519663054056,0.143906807128307446,0.503604355624805877,0.542917839398329938,-2.34540991450516545,-0.579427876680653764,3.22173721067215402,1.7502091741575514,0.077979142245780883,-0.725528785697019951,0.866949553325667366,2.0541794084342615,3.07194454997242694,1.17208864715933836,-0.770721246087159861
-0.147736687855589854,0.178680378608873786,1.55365131741163842,-0.387718657646859644,-0.326456034173542631,-0.0302154666172556319,0.0437370293062767576,0.0965824757098736192,-0.647845056377231332,0.251844212138298718,2.1338277043316678,1.4997081638166061,-0.651190248276772188,-0.966861728540436283,0.288748083859504179,1.74823105124070977,-2.56171279049110812,-2.76424642521310027,1.37511589084559716,1.09314065716532505
0.681403050472175309,1.40040629174128051,1.16811139107028783,1.03202943452365115,-0.44468755721975467,-0.771661857162259546,0.887262781805899348,1.16138131506012776,1.08349116479127527,-0.725642600439232677,-0.873187926404630832,0.481887848395308627,-0.166252849533872066,2.07900788677527482,-3.09366471819904865,-1.54630656729899996,1.55082280899771519,-1.14339252071313502,-2.67655562931982161,2.65142388236025717
0.865414943085408783,-1.27588355807018705,0.360231354845636342,-2.16496231034479569,-2.35769918391992839,0.677933036453785554,-0.214387563906453776,0.0182540296708933042,0.550719055767401988,-2.07388058779036522,-0.983772415497132013,0.576465290198303615,-1.07922187093504629,0.958567407240234703,0.489777918344401708,-1.49709046015433622,1.75320222191534092,-2.0410406000448269,1.11032877194049728,1.86564575844241842
-0.0650144757899882159,-1.28715547843880218,-1.72923425076156523,-0.150338065081968342,-0.210662995619168791,1.78293416078850719,-0.90749513575385421,-1.41496974912571649,-0.69233212994503468,-0.047285991514711051,0.248886153184735032,-0.461520851698835777,-0.747113443514623499,-0.258070960469302557,-0.0850641041556908784,-2.19626769936294597,-4.9805551371990866,-0.638737527641358938,-2.52872206356884766,3.11101069512161432
0.633513303640757974,3.23284264488889095,-1.82776305065110134,-2.50496334338209836,0.96739377523092962,-0.0255723415073546359,0.417482375189997423,0.358011135401635872,0.388542312278128188,2.78801147245619774,-1.42842699499865322,1.15956087226435711,0.775959838440689054,0.159537781769803072,-3.57006871715188412,1.0244958754233815,0.0796854943399793597,2.43287779112415414,-2.23891515885806314,0.147728183018213749
-1.11844961125270892,1.37946919219905872,-0.512905910633399409,-2.98115268481895423,-3.58408279587534295,-1.92534146760467539,-0.250464945160928598,-0.0187590309242861505,-0.787649659061901763,2.72753704278332521,-0.0987087654232587652,-0.417001014563273098,2.09626736035662642,-1.05308288480219536,0.748974203427738683,1.65561207973479663,0.486072733341830487,0.0312319129100847998,0.733083414535917854,0.865227633405494356
-0.632402708302694627,-1.75915503982139465,-0.117387363490427957,-1.81986378507289692,-1.97238860153265949,-0.560600265394301522,0.259306894552572331,-1.65789594224335635,-1.93787399161727114,-3.12880048233431207,-0.527716541797015437,-1.77242430274847829,1.2922958895859058,-0.316457413868435011,3.70980125774241376,-0.0113968849175583083,1.0887389349569494,2.91958181710084741,1.27090874567629242,0.546489630969614448
-1.1564764017220015,-0.121636043295783702,1.73891590957932318,-1.4349501301826133,-3.07365795683548226,1.12994820445000288,-1.0098639236494209,-0.227064509443809404,1.26124588723909059,1.7459982392719704,0.162072779355915908,-0.160243021684513515,0.948426305851320484,-1.41821944164414848,1.43359129985853651,0.403101544156956038,0.00413524396487400473,4.96396043327752245,-1.33076850676658331,-1.5032126214956083
-0.10961551195834901,-1.20774119925149304,0.215953724368704192,-1.61406809834117615,0.863971325872248008,1.25498009929402032,-0.473023104081989554,0.827070223940185922,-0.368422597069585522,-0.722537877569530029,3.3427105518969995,-2.2301596889558053,-0.401440339684754344,1.03326463834765114,-2.1192357224166356,1.86511245430148387,-4.48088998156005669,1.64278075834335158,-1.6577910376824061,-1.60734362713344736
-0.896924607764923776,-3.76606831064070713,-0.363901094859978513,0.245318707228199484,5.28199308636596321,0.393496835283714597,-1.13673271889667205,0.162493521582899286,0.410269758976342824,-3.46250028558203837,-0.465190485985536029,2.65965133414985555,2.31142711335707363,-1.43728782646899567,0.216904489695133373,-0.822079461126292932,0.0427481051315202476,3.18653883740666899,0.0401656674435808617,1.06472394876554888
-0.136243515732124509,0.565217283023591976,-0.791658923977684892,-1.5353006290079203,-1.66707918213218487,0.162160214931645563,-0.848573781985237141,0.0387038717931997428,-0.0630023754817772841,0.492337898147283515,-0.726166483407073127,2.67355022903175543,-1.86476976974991904,1.56757758724329332,0.61335856133010036,0.234624250663996253,-0.25900856652602311,1.46667400515381119,0.796971635269022705,-1.02110126348413388
1.27928042449282486,0.478942884343759145,2.22402346356942138,-2.14336436012660991,-0.708086273982869496,1.2366777821366528,-0.849819111252206438,1.43958741536090962,1.03352242608228262,0.54290784061576125,0.284231294099897336,0.445470731542482623,-2.23691905580383654,-0.105829165500181857,-0.393361789091272063,2.79063429484062064,0.996241138456529174,-1.32114135468300531,-0.246048253301748482,-1.61317689451543633
-0.402695682403347244,-0.189326002962076356,-1.26170163245753963,0.52076236639460094,-0.811791635778583598,-0.441362162437082262,0.440323928412971854,0.250871836187330721,0.0897658847925478925,-2.80870228116900655,2.44802686842743267,2.17651302303299321,-1.25344799369441029,-0.314093866690392243,-0.36105022893551808,-3.60696747435748888,1.66820296163745807,0.77393892716185031,0.841091410355303881,2.7818060607737265
0.690515023049212306,2.63807954904285635,-0.0163384786111921837,2.56523959139031765,0.104878107827549638,0.0801089798114366092,2.14575123924480282,-1.40306440324777482,1.11023407822465381,0.751728329805289586,0.98908513568157852,-1.60852352363040074,-0.101255798456341889,0.541398977637460144,0.571592390462378197,-2.54636950863182587,-3.08343590728763584,-1.95338500466989728,0.639032835965513857,-1.26250178001991631
-0.398999846551028492,0.829812820601414813,0.680183827316413248,-1.70682664090901182,2.10367514306039949,-0.0365906166068161384,-0.319794785065877551,0.804208348827636588,-0.114510425279650982,-0.67130706349773317,0.901131162581533363,-0.177321148937585993,0.471595947923380665,0.898511226213315473,-0.45400822089730658,0.623954868719536759,-0.280575872362482159,-4.51559507310869446,2.64649799001198183,4.03232442515652068
-1.59232303234527417,-0.623047232416530705,1.36401818507744754,0.20044468039326932,-0.6780215173390991,-1.67664538496100102,-2.02550986049903381,-0.635838943079267804,1.68414340666803541,-1.30368755151467175,0.0565733494394004485,2.89574877072231152,-1.43039469087363713,-0.219455219605245749,0.408203870726028817,-5.70940385271743089,-0.0595569897355377603,6.42385580997719519,2.63146650469249721,2.27268279670764439
