method,graph,penalty,trials,fdp_mean,fdp_std,tdp_mean,tdp_std,fit_seconds_mean,fit_seconds_median,metric_seconds_mean,mip_gap_max
gnies,1,0.005,10,0.9044644041595262,0.011230532433046756,0.42857142857142855,0.06734350297014738,23.683531112549826,25.890977727482092,0.00118556986562901,
gnies,1,0.01,10,0.9034413831782253,0.013696993338847576,0.4142857142857143,0.08109231602822095,22.109451348194852,24.339889854425564,0.00117733152583236,
gnies,1,0.03,10,0.89053204203359,0.019080048582946152,0.42857142857142855,0.09523809523809523,18.295335735986008,19.25403599208221,0.00108488104306155,
gnies,1,0.1,10,0.8748488781024932,0.020818191125489372,0.42857142857142855,0.09523809523809523,15.634488698793575,15.546966748079285,0.0010587417520582,
gnies,1,0.3,10,0.8288138841060801,0.036299501235889216,0.4428571428571429,0.08109231602822094,8.526599101349712,9.217952400911598,0.00087855458259577,
gnies,1,1.0,10,0.7168088773971126,0.06078980247100914,0.45714285714285713,0.06023386019368338,3.2398168868385255,2.8543416105676442,0.00081012165173883,
gnies,1,3.0,10,0.47919191919191917,0.1327171337479399,0.6571428571428571,0.15356681425330573,1.2517555904574693,1.190986038884148,0.00078814108856017,
gnies,1,6.0,10,0.1928571428571428,0.06563832739090585,0.9142857142857143,0.12046772038736682,0.9060056294314563,0.8888259376399219,0.00075723608024413,
gnies,1,10.0,10,0.2047619047619047,0.07027283689263067,0.8142857142857143,0.1355261854357877,0.8041941267903894,0.8338062351103872,0.00072391070425506,
gnies,1,30.0,10,0.35333333333333333,0.09838197164968296,0.6,0.060233860193683424,0.5783917557448148,0.614729552064091,0.00077499118633564,
gnies,1,100.0,10,0.7,0.043033148291193535,0.34285714285714286,0.07377111135633177,0.43975197887048123,0.4404084770940244,0.00076729347929352,
gnies,1,300.0,10,0.0,0.0,0.0,0.0,0.13028269438073037,0.1413307304028421,0.00054523968137795,
gnies,2,3.0,10,0.660995938843765,0.03549078282105971,0.5117647058823529,0.028414464208214606,29.804752154974267,32.59231872833334,0.00163489016704258,
gnies,2,5.0,10,0.5166037983045656,0.09806356515483827,0.6647058823529411,0.1961764460906786,16.91991176046431,16.101745442021638,0.00179461655206972,
gnies,2,7.0,10,0.36732026143790847,0.018563318870710947,0.9705882352941175,0.04999038738816457,10.678887217259035,11.159330340102315,0.00236390577629203,
gnies,2,10.0,10,0.3601307189542483,0.015156886388606622,0.9882352941176471,0.03720326659021624,9.952778069581836,10.661281174747273,0.00252079409547145,
gnies,2,15.0,10,0.35653594771241826,0.01136766479145497,0.9882352941176471,0.03720326659021624,9.34371787654236,9.913681668229401,0.00255994293838735,
gnies,2,20.0,10,0.3529411764705882,0.0,1.0,0.0,8.83401986709796,9.433686224976555,0.00261549521237606,
gnies,2,30.0,10,0.3639705882352941,0.011626020809442588,0.9705882352941175,0.031002722158513588,8.021559465304017,8.228369472315535,0.00257817767560477,
gnies,2,50.0,10,0.42107142857142854,0.074523202746648,0.8294117647058823,0.0704246470434038,6.788010615855455,7.104304890846834,0.00262477719224983,
gnies,2,75.0,10,0.6207575757575757,0.06547780637935437,0.5823529411764705,0.051505590339465494,5.007226589648053,4.979666179977357,0.00320591982454057,
gnies,2,100.0,10,0.7111904761904762,0.051508486802157395,0.48235294117647054,0.05405509314545186,4.3316706051584335,4.429614258231595,0.00246012397110455,
gnies,2,200.0,10,0.75,0.060858061945018485,0.24705882352941172,0.05405509314545184,2.782037656381726,2.7534065095242113,0.0013249630574136602,
gnies,2,300.0,10,0.1,0.31622776601683794,0.00588235294117647,0.01860163329510811,0.9661899024620653,0.9639427645597607,0.0009238420985638599,
gnies,3,10.0,10,0.4563020510388931,0.05294182330864032,0.7857142857142858,0.04096345365258396,290.65157550275325,296.9638200791087,0.4380334292072803,
gnies,3,20.0,10,0.32745098039215687,0.01679115369760147,0.9171428571428573,0.02108185106778918,198.1365458543878,211.48527343315072,0.11744745457544918,
gnies,3,30.0,10,0.33226381461675575,0.01648131936694135,0.9085714285714286,0.012046772038736737,188.2343229488004,204.73791526444256,0.12589990743435914,
gnies,3,40.0,10,0.328158422459893,0.020934211238962677,0.8971428571428571,0.014754222271266404,179.6009043344762,192.05163459503092,0.12077872003428633,
gnies,3,60.0,10,0.3249731182795699,0.026266217390645344,0.8657142857142857,0.019284244506015787,162.61434349780902,176.46488238452002,0.1178612267132848,
gnies,3,80.0,10,0.3949225460529808,0.04740531079621665,0.7142857142857143,0.04856209060564562,131.72801310266368,139.57863052072935,0.10421866131946442,
gnies,3,120.0,10,0.485297066194899,0.04695850353681456,0.5028571428571429,0.04085259159909946,101.0776066549588,107.46837656083517,0.029467625496908966,
gnies,3,160.0,10,0.6545421245421246,0.06459649232782277,0.36571428571428566,0.022537446792760464,79.49778243168257,82.2616476896219,0.03561216625384981,
gnies,3,240.0,10,0.7428571428571429,0.015058465048420846,0.19428571428571417,0.0120467720387367,50.572458155453205,52.98435311065987,0.00426517273299392,
gnies,3,320.0,10,0.9216666666666666,0.1300640867675111,0.06285714285714282,0.02950844454253273,26.980734419636427,26.468157712370157,0.00324554052203888,
gnies,3,480.0,10,0.0,0.0,0.0,0.0,8.646271652635187,8.680209890473634,0.00286891213618214,
gnies,3,640.0,10,0.0,0.0,0.0,0.0,8.024847317114473,8.618147569475695,0.00286197103559967,
mip_profiled,1,0.001,10,0.36484126984126986,0.1794181571510484,0.6714285714285715,0.19107050140703696,0.2979744844138622,0.2774171137716621,0.0008381264749914,0.0
mip_profiled,1,0.0025,10,0.34234126984126984,0.18711466942196592,0.6571428571428573,0.18070158058105026,0.24782755132764578,0.2356207305565476,0.00075275134295221,0.0
mip_profiled,1,0.005,10,0.2563492063492063,0.1529131423499255,0.7,0.1572149906592303,0.24040180658921595,0.221558635123074,0.00074686165899032,9.509753801214404e-08
mip_profiled,1,0.01,10,0.1831349206349206,0.1465303114619999,0.7571428571428572,0.13552618543578768,0.235334834549576,0.22045967262238259,0.0007252147421240201,3.447411562818088e-05
mip_profiled,1,0.02,10,0.05535714285714284,0.07165143802763882,0.8285714285714286,0.09035079029052513,0.23546373471617693,0.223398208618164,0.0007397226989268801,0.0
mip_profiled,1,0.04,10,0.05714285714285712,0.07377111135633171,0.8142857142857143,0.09642122253007898,0.23063651775009925,0.21976856654509896,0.0007405982352792801,1.1395005840123432e-05
mip_profiled,1,0.08,10,0.13428571428571429,0.13336734260141184,0.6428571428571429,0.20481726826291974,0.22307397737167772,0.21320032048970455,0.00071260691620405,0.0
mip_profiled,1,0.1,10,0.2,0.13333333333333336,0.5428571428571429,0.22131333406899525,0.22171513885259625,0.2110123871825635,0.00073845353908832,0.0
mip_profiled,1,0.16,10,0.24000000000000005,0.08432740427115679,0.48571428571428577,0.07377111135633167,0.2184562286827713,0.2090982713270932,0.00070893000811333,0.0
mip_profiled,1,0.32,10,0.4416666666666666,0.12453617650811052,0.21428571428571433,0.07529232524210425,0.2144697661977261,0.20711073605343694,0.00069271600805218,0.0
mip_profiled,1,0.64,10,0.95,0.15811388300841897,0.1428571428571429,0.0,0.21239972524344916,0.20482632471248505,0.0006434003822505099,0.0
mip_profiled,1,1.28,10,0.0,0.0,0.0,0.0,0.2111041779164225,0.20399254886433477,0.00058004125021394,0.0
mip_profiled,2,0.001,10,0.4186955802817872,0.055162863779318,0.9058823529411765,0.05682892841642917,2.1449666921515016,1.6973298569209874,0.00142601761035616,0.0
mip_profiled,2,0.0025,10,0.35113148928366317,0.06718758310782708,0.9,0.04842780013815082,2.003012305404991,1.5908850443083793,0.0014010833576321101,0.0
mip_profiled,2,0.005,10,0.24620281765018603,0.09084082189340806,0.8882352941176469,0.05150559033946543,1.7899227297399194,1.5226803650148213,0.0013668419793247699,0.0
mip_profiled,2,0.01,10,0.15443756449948395,0.0579347180823402,0.8882352941176469,0.0434038110219189,1.7314463332295418,1.5086118744220585,0.00133143719285721,0.0
mip_profiled,2,0.02,10,0.10588235294117646,0.03720326659021622,0.8941176470588236,0.037203266590216194,1.696869840659201,1.4898296950850636,0.00128252198919649,0.0
mip_profiled,2,0.04,10,0.10588235294117646,0.07744477512992744,0.8941176470588236,0.07744477512992747,1.6554069970268757,1.4654690038878473,0.00127179054543371,0.0
mip_profiled,2,0.08,10,0.0889705882352941,0.06395603094826868,0.9235294117647058,0.06231470032184591,1.6046609016600997,1.3890214296989143,0.0012648957781493,4.525548419510915e-05
mip_profiled,2,0.1,10,0.09485294117647057,0.0572134637179363,0.9235294117647058,0.06231470032184592,1.5814005756750702,1.355533821042627,0.00126137393526727,8.233446078054068e-05
mip_profiled,2,0.16,10,0.1304716117216117,0.08169261615052127,0.7470588235294117,0.06820598874872975,1.5771818335633725,1.3550276015885174,0.00128104197792704,3.3311576232825975e-05
mip_profiled,2,0.32,10,0.16178571428571425,0.15470740798736107,0.388235294117647,0.1081101862909037,1.5626290848478674,1.3423659442923963,0.0012094153091311,0.0
mip_profiled,2,0.64,10,0.26666666666666666,0.23830678432808017,0.15294117647058822,0.049604355453621636,1.563507289113477,1.3411085496190935,0.00108449086546893,0.0
mip_profiled,2,1.28,10,0.0,0.0,0.0,0.0,1.560454676579684,1.3322986299172044,0.00092414179816836,0.0
mip_profiled,3,0.001,10,0.5888479774995768,0.04439371054298758,0.8914285714285715,0.04216370213557842,2285.5500952688512,2604.9279338535853,0.00435173278674479,0.0055550316430223
mip_profiled,3,0.0025,10,0.5123287510199288,0.04613580831234428,0.9028571428571428,0.050753952740854175,1326.8280789623036,438.7440754629206,0.0042375206481664995,0.0048999253634696
mip_profiled,3,0.005,10,0.4142655382454449,0.04213477226651806,0.9199999999999999,0.05181512574756357,1066.3331012355163,225.915289796656,0.00413808068260547,0.0064655531297305
mip_profiled,3,0.01,10,0.14771109684781056,0.04703482768983003,0.9257142857142858,0.03614031611621002,508.7580137138722,124.21134092938155,0.00388876441866155,0.0010860694406245
mip_profiled,3,0.02,10,0.028571428571428546,0.03563483225498991,0.9428571428571428,0.03563483225498991,140.39790630326607,76.46058584167622,0.0037951096426695,7.782493402783818e-05
mip_profiled,3,0.04,10,0.02579831932773104,0.016237078308204186,0.9542857142857143,0.019977311393717175,70.32680030753836,46.51024906965904,0.0038481995463370703,6.525570982653494e-09
mip_profiled,3,0.08,10,0.02941176470588232,0.019607843137254898,0.9371428571428572,0.012046772038736643,43.1885628498625,34.17550906003453,0.0037866653408854603,3.827489874502244e-05
mip_profiled,3,0.1,10,0.03529411764705879,0.01860163329510812,0.9371428571428572,0.012046772038736643,42.6434967062436,33.85860504116863,0.00382218291051682,8.222022176895469e-05
mip_profiled,3,0.16,10,0.0709630699787246,0.02894119464227044,0.8800000000000001,0.029508444542532698,40.64619094030932,33.805883744498715,0.00379792740568514,9.119394112671168e-05
mip_profiled,3,0.32,10,0.20892844857241138,0.0706577281173327,0.4514285714285714,0.026255330956362313,40.47057646145113,33.53963897074573,0.0036317865829914495,0.0
mip_profiled,3,0.64,10,0.3616666666666667,0.11864721022353267,0.07714285714285712,0.023522074352816152,40.406769695831464,33.319059412926435,0.0032134502194821396,8.399649734157138e-05
mip_profiled,3,1.28,10,0.0,0.0,0.0,0.0,40.34912509378046,33.318823245354,0.00297751724719995,0.0
